700 0 11 0           
30 Autodesk Translation Framework 20 ASM 231.5.1.65535 NT 24 Thu Dec 18 20:49:50 2025 
1 9.999999999999999547e-07 1.000000000000000036e-10 
body $11 -1 $-1 $12 $-1 $-1 #
body $13 -1 $-1 $14 $-1 $-1 #
body $15 -1 $-1 $16 $-1 $-1 #
body $17 -1 $-1 $18 $-1 $-1 #
body $19 -1 $-1 $20 $-1 $-1 #
body $21 -1 $-1 $22 $-1 $-1 #
body $23 -1 $-1 $24 $-1 $-1 #
body $25 -1 $-1 $26 $-1 $-1 #
body $27 -1 $-1 $28 $-1 $-1 #
body $29 -1 $-1 $30 $-1 $-1 #
body $31 -1 $-1 $32 $-1 $-1 #
rgb_color-st-attrib $-1 -1 $33 $-1 $0 0.627450980392156854 0.627450980392156854 0.627450980392156854 #
lump $-1 -1 $-1 $-1 $34 $0 #
rgb_color-st-attrib $-1 -1 $35 $-1 $1 0.627450980392156854 0.627450980392156854 0.627450980392156854 #
lump $-1 -1 $-1 $-1 $36 $1 #
rgb_color-st-attrib $-1 -1 $37 $-1 $2 0.627450980392156854 0.627450980392156854 0.627450980392156854 #
lump $-1 -1 $-1 $-1 $38 $2 #
rgb_color-st-attrib $-1 -1 $39 $-1 $3 0.627450980392156854 0.627450980392156854 0.627450980392156854 #
lump $-1 -1 $-1 $-1 $40 $3 #
rgb_color-st-attrib $-1 -1 $41 $-1 $4 0.627450980392156854 0.627450980392156854 0.627450980392156854 #
lump $-1 -1 $-1 $-1 $42 $4 #
rgb_color-st-attrib $-1 -1 $43 $-1 $5 0.627450980392156854 0.627450980392156854 0.627450980392156854 #
lump $-1 -1 $-1 $-1 $44 $5 #
rgb_color-st-attrib $-1 -1 $45 $-1 $6 0.627450980392156854 0.627450980392156854 0.627450980392156854 #
lump $-1 -1 $-1 $-1 $46 $6 #
rgb_color-st-attrib $-1 -1 $47 $-1 $7 0.627450980392156854 0.627450980392156854 0.627450980392156854 #
lump $-1 -1 $-1 $-1 $48 $7 #
rgb_color-st-attrib $-1 -1 $49 $-1 $8 0.627450980392156854 0.627450980392156854 0.627450980392156854 #
lump $-1 -1 $-1 $-1 $50 $8 #
rgb_color-st-attrib $-1 -1 $51 $-1 $9 0.627450980392156854 0.627450980392156854 0.627450980392156854 #
lump $-1 -1 $-1 $-1 $52 $9 #
rgb_color-st-attrib $-1 -1 $53 $-1 $10 0.627450980392156854 0.627450980392156854 0.627450980392156854 #
lump $-1 -1 $-1 $-1 $54 $10 #
ATTRIB_CUSTOM-attrib $-1 -1 $-1 $11 $0 @20 Timestamp_attrib_def 1 1766083188941014 #
shell $-1 -1 $-1 $-1 $-1 $55 $-1 $12 #
ATTRIB_CUSTOM-attrib $-1 -1 $-1 $13 $1 @20 Timestamp_attrib_def 1 1760064197183198 #
shell $-1 -1 $-1 $-1 $-1 $56 $-1 $14 #
ATTRIB_CUSTOM-attrib $-1 -1 $-1 $15 $2 @20 Timestamp_attrib_def 1 1760102703443178 #
shell $-1 -1 $-1 $-1 $-1 $57 $-1 $16 #
DXID-attrib $-1 -1 $-1 $17 $3 @10 ASM ENTITY @240 {"label":"Body1","asset":"e76329e9-4fb9-43ef-a777-38154d86a03b","segment":"1","entity":"247","revision":"4c9f277c-edae-4c70-bb4a-b75a1fc68396","meta":"D3937028-C20C-4E65-B010-94AD418A5C20","metaName":"BodyMetaType","extra":""}:FlattenCopy:1 #
shell $-1 -1 $-1 $-1 $-1 $58 $-1 $18 #
DXID-attrib $-1 -1 $-1 $19 $4 @10 ASM ENTITY @240 {"label":"Body1","asset":"418d1ff7-ac17-4319-aa1f-15a7b9909848","segment":"1","entity":"247","revision":"60f62dbd-e2e5-4971-a3cb-f26a8da6932d","meta":"D3937028-C20C-4E65-B010-94AD418A5C20","metaName":"BodyMetaType","extra":""}:FlattenCopy:1 #
shell $-1 -1 $-1 $-1 $-1 $59 $-1 $20 #
DXID-attrib $-1 -1 $-1 $21 $5 @10 ASM ENTITY @240 {"label":"Body1","asset":"e76329e9-4fb9-43ef-a777-38154d86a03b","segment":"1","entity":"247","revision":"4c9f277c-edae-4c70-bb4a-b75a1fc68396","meta":"D3937028-C20C-4E65-B010-94AD418A5C20","metaName":"BodyMetaType","extra":""}:FlattenCopy:2 #
shell $-1 -1 $-1 $-1 $-1 $60 $-1 $22 #
DXID-attrib $-1 -1 $-1 $23 $6 @10 ASM ENTITY @240 {"label":"Body1","asset":"418d1ff7-ac17-4319-aa1f-15a7b9909848","segment":"1","entity":"247","revision":"60f62dbd-e2e5-4971-a3cb-f26a8da6932d","meta":"D3937028-C20C-4E65-B010-94AD418A5C20","metaName":"BodyMetaType","extra":""}:FlattenCopy:2 #
shell $-1 -1 $-1 $-1 $-1 $61 $-1 $24 #
DXID-attrib $-1 -1 $-1 $25 $7 @10 ASM ENTITY @240 {"label":"Body1","asset":"e76329e9-4fb9-43ef-a777-38154d86a03b","segment":"1","entity":"247","revision":"4c9f277c-edae-4c70-bb4a-b75a1fc68396","meta":"D3937028-C20C-4E65-B010-94AD418A5C20","metaName":"BodyMetaType","extra":""}:FlattenCopy:3 #
shell $-1 -1 $-1 $-1 $-1 $62 $-1 $26 #
DXID-attrib $-1 -1 $-1 $27 $8 @10 ASM ENTITY @240 {"label":"Body1","asset":"418d1ff7-ac17-4319-aa1f-15a7b9909848","segment":"1","entity":"247","revision":"60f62dbd-e2e5-4971-a3cb-f26a8da6932d","meta":"D3937028-C20C-4E65-B010-94AD418A5C20","metaName":"BodyMetaType","extra":""}:FlattenCopy:3 #
shell $-1 -1 $-1 $-1 $-1 $63 $-1 $28 #
ATTRIB_CUSTOM-attrib $-1 -1 $-1 $29 $9 @20 Timestamp_attrib_def 1 1766078643423769 #
shell $-1 -1 $-1 $-1 $-1 $64 $-1 $30 #
DXID-attrib $-1 -1 $-1 $31 $10 @10 ASM ENTITY @240 {"label":"Body1","asset":"3463601d-cd68-4d42-84fc-b116896db7e9","segment":"1","entity":"365","revision":"b8540e3b-aa54-4790-8507-666a7ed79582","meta":"D3937028-C20C-4E65-B010-94AD418A5C20","metaName":"BodyMetaType","extra":""}:FlattenCopy:1 #
shell $-1 -1 $-1 $-1 $-1 $65 $-1 $32 #
face $66 -1 $-1 $67 $68 $34 $-1 $69 forward single #
face $70 -1 $-1 $71 $72 $36 $-1 $73 forward single #
face $74 -1 $-1 $75 $76 $38 $-1 $77 forward single #
face $78 -1 $-1 $79 $80 $40 $-1 $81 forward single #
face $82 -1 $-1 $83 $84 $42 $-1 $85 forward single #
face $86 -1 $-1 $87 $88 $44 $-1 $89 forward single #
face $90 -1 $-1 $91 $92 $46 $-1 $93 forward single #
face $94 -1 $-1 $95 $96 $48 $-1 $97 forward single #
face $98 -1 $-1 $99 $100 $50 $-1 $101 forward single #
face $102 -1 $-1 $103 $104 $52 $-1 $105 forward single #
face $106 -1 $-1 $107 $108 $54 $-1 $109 forward single #
DXID-attrib $-1 -1 $-1 $-1 $55 @10 ASM ENTITY @1 0 #
face $110 -1 $-1 $111 $112 $34 $-1 $113 forward single #
loop $-1 -1 $-1 $-1 $114 $55 #
plane-surface $-1 -1 $-1 -10 -70 -45.00000000000001421 -1 -0 -0 0 10 0 forward_v I I I I #
DXID-attrib $-1 -1 $-1 $-1 $56 @10 ASM ENTITY @1 0 #
face $115 -1 $-1 $116 $117 $36 $-1 $118 forward single #
loop $-1 -1 $-1 $119 $120 $56 #
cone-surface $-1 -1 $-1 -1.274746251971132602e-15 -64.49999999999998579 -134.6513814076919004 2.832769448823915359e-16 1 -2.366582715663031913e-30 -2.17429787001541491e-29 -8.28303950482061695e-30 -3.500000000000004885 1 I I 0.7071067811865474617 -0.7071067811865474617 3.500000000000004885 forward I I I I #
DXID-attrib $-1 -1 $-1 $-1 $57 @10 ASM ENTITY @1 0 #
face $121 -1 $-1 $122 $123 $38 $-1 $124 reversed single #
loop $-1 -1 $-1 $125 $126 $57 #
cone-surface $-1 -1 $-1 -36.6744981878576084 -69.50000014901161194 -193.4544531934926681 -2.810776376729614071e-16 -1 1.551834409292681599e-30 1.852183735251191621 -5.206074288406821865e-16 2.969750058653244373 1 I I -0.7071067811865460184 -0.707106781186549127 3.5 forward I I I I #
DXID-attrib $-1 -1 $-1 $-1 $58 @10 ASM ENTITY @1 0 #
face $127 -1 $-1 $128 $129 $40 $-1 $130 forward single #
loop $-1 -1 $-1 $131 $132 $58 #
cone-surface $-1 -1 $-1 -1.274746251969801202e-15 -244.4999999999999432 -134.6513814076919289 2.83276944882392522e-16 1 -1.577721810442134664e-30 5.582142573643146513e-29 -5.52202633654749462e-30 -3.500000000000004885 1 I I 0.7071067811865474617 -0.7071067811865474617 3.500000000000004885 forward I I I I #
DXID-attrib $-1 -1 $-1 $-1 $59 @10 ASM ENTITY @1 0 #
face $133 -1 $-1 $134 $135 $42 $-1 $136 reversed single #
loop $-1 -1 $-1 $137 $138 $59 #
cone-surface $-1 -1 $-1 56.67062935245476041 -249.5000001490116119 -174.5419797683820775 -2.832769448823924727e-16 -1 1.618242741091558582e-30 -2.86205464667592091 8.107540963968133868e-16 2.014607455421719262 1 I I -0.7071067811865460184 -0.707106781186549127 3.5 forward I I I I #
DXID-attrib $-1 -1 $-1 $-1 $60 @10 ASM ENTITY @1 0 #
face $139 -1 $-1 $140 $141 $44 $-1 $142 forward single #
loop $-1 -1 $-1 $143 $144 $60 #
cone-surface $-1 -1 $-1 -79.01032826134826337 -64.50000000000001421 -261.3347781585706002 2.810776376729616536e-16 1 -8.937897300164784982e-31 -1.852183735251193619 5.206074288406850461e-16 -2.969750058653247482 1 I I 0.7071067811865474617 -0.7071067811865474617 3.500000000000003997 forward I I I I #
DXID-attrib $-1 -1 $-1 $-1 $61 @10 ASM ENTITY @1 0 #
face $145 -1 $-1 $146 $147 $46 $-1 $148 reversed single #
loop $-1 -1 $-1 $149 $150 $61 #
cone-surface $-1 -1 $-1 -140.172911255979642 -69.50000014901162615 -293.9224830517050577 -8.104698438784292051e-17 -1 -2.438741570261104518e-17 3.088913196530505001 -2.904835944158025805e-16 1.645787126058442684 1 I I -0.7071067811865460184 -0.707106781186549127 3.500000000000000888 forward I I I I #
DXID-attrib $-1 -1 $-1 $-1 $62 @10 ASM ENTITY @1 0 #
face $151 -1 $-1 $152 $153 $48 $-1 $154 forward single #
loop $-1 -1 $-1 $155 $156 $62 #
cone-surface $-1 -1 $-1 122.0893331649489966 -244.4999999999999716 -220.5903697171011686 2.832769448823923741e-16 1 -1.599183306096557866e-30 2.862054646675924019 -8.107540963968141756e-16 -2.014607455421720594 1 I I 0.7071067811865474617 -0.7071067811865474617 3.500000000000003997 forward I I I I #
DXID-attrib $-1 -1 $-1 $-1 $63 @10 ASM ENTITY @1 0 #
face $157 -1 $-1 $158 $159 $50 $-1 $160 reversed single #
loop $-1 -1 $-1 $161 $162 $63 #
cone-surface $-1 -1 $-1 139.8603714992183598 -249.5000001490115267 -287.5755193048950673 -2.83276944882391881e-16 -1 1.649216336426407009e-30 -0.8974963472617308868 2.542400232954149701e-16 3.382972111420939676 1 I I -0.7071067811865460184 -0.707106781186549127 3.5 forward I I I I #
DXID-attrib $-1 -1 $-1 $-1 $64 @10 ASM ENTITY @1 0 #
face $163 -1 $-1 $164 $165 $52 $-1 $166 forward single #
loop $-1 -1 $-1 $-1 $167 $64 #
cone-surface $-1 -1 $-1 -164.2447761916819502 -46.99999999999995026 -292.0179832440668406 0.8825466275801437943 -8.299531269023102025e-17 0.4702248931595550685 -0.6649984212716836263 1.414213562373091815 1.248109410150479048 1 I I 0 1 1.999999999999999778 forward I I I I #
DXID-attrib $-1 -1 $-1 $-1 $65 @10 ASM ENTITY @1 0 #
face $168 -1 $-1 $169 $170 $54 $-1 $171 forward single #
loop $-1 -1 $-1 $-1 $172 $65 #
cone-surface $-1 -1 $-1 132.5130902769204226 -227.0000000000001421 -310.5776770219541731 -0.2564275277890660787 7.264000665583214955e-17 0.9665634604059828439 -1.366927154600414696 1.414213562373092925 -0.3626432875651020016 1 I I 0 1 2.000000000000001332 forward I I I I #
DXID-attrib $-1 -1 $-1 $-1 $67 @10 ASM ENTITY @1 1 #
face $173 -1 $-1 $174 $175 $34 $-1 $176 forward single #
loop $-1 -1 $-1 $-1 $177 $67 #
plane-surface $-1 -1 $-1 10 -70 -45.00000000000001421 0 -1 0 -10 -0 -0 forward_v I I I I #
coedge $178 -1 $-1 $179 $180 $181 $182 reversed $68 $-1 #
DXID-attrib $-1 -1 $-1 $-1 $71 @10 ASM ENTITY @1 1 #
face $183 -1 $-1 $184 $185 $36 $-1 $186 forward single #
loop $-1 -1 $-1 $187 $188 $71 #
cone-surface $-1 -1 $-1 -3.68944460980337933e-28 -59.99999999999998579 -134.6513814076919004 2.832769448823915359e-16 1 -2.366582715663031913e-30 1.863683888584641511e-29 7.099748146989100644e-30 3.000000000000003997 1 I I 0 -1 3.000000000000003997 forward I I I I #
loop $-1 -1 $-1 $-1 $189 $56 #
coedge $-1 -1 $-1 $120 $120 $190 $191 forward $72 $-1 #
DXID-attrib $-1 -1 $-1 $-1 $75 @10 ASM ENTITY @1 1 #
face $192 -1 $-1 $193 $194 $38 $-1 $195 forward single #
loop $-1 -1 $-1 $196 $197 $75 #
cone-surface $-1 -1 $-1 -36.67449818785760129 -49.99999985098836675 -193.4544531934926681 -2.810776376729614071e-16 -1 1.551834409292681599e-30 1.587586058786736309 -4.46234939006299186e-16 2.545500050274210224 1 I I 0 1 3.000000000000001332 forward I I I I #
loop $-1 -1 $-1 $-1 $198 $57 #
coedge $-1 -1 $-1 $126 $126 $199 $200 forward $76 $-1 #
DXID-attrib $-1 -1 $-1 $-1 $79 @10 ASM ENTITY @1 1 #
face $201 -1 $-1 $202 $203 $40 $-1 $204 forward single #
loop $-1 -1 $-1 $205 $206 $79 #
cone-surface $-1 -1 $-1 9.667611238046633717e-28 -239.9999999999999432 -134.6513814076919289 2.83276944882392522e-16 1 -1.577721810442134664e-30 -4.78469363455126852e-29 4.73316543132642396e-30 3.000000000000003997 1 I I 0 -1 3.000000000000003997 forward I I I I #
loop $-1 -1 $-1 $-1 $207 $58 #
coedge $-1 -1 $-1 $132 $132 $208 $209 forward $80 $-1 #
DXID-attrib $-1 -1 $-1 $-1 $83 @10 ASM ENTITY @1 1 #
face $210 -1 $-1 $211 $212 $42 $-1 $213 forward single #
loop $-1 -1 $-1 $214 $215 $83 #
cone-surface $-1 -1 $-1 56.67062935245476041 -229.9999998509883596 -174.5419797683820775 -2.832769448823924727e-16 -1 1.618242741091558582e-30 -2.453189697150790494 6.949320826258403275e-16 1.726806390361474097 1 I I 0 1 3.000000000000001332 forward I I I I #
loop $-1 -1 $-1 $-1 $216 $59 #
coedge $-1 -1 $-1 $138 $138 $217 $218 forward $84 $-1 #
DXID-attrib $-1 -1 $-1 $-1 $87 @10 ASM ENTITY @1 1 #
face $219 -1 $-1 $220 $221 $44 $-1 $222 forward single #
loop $-1 -1 $-1 $223 $224 $87 #
cone-surface $-1 -1 $-1 -79.01032826134826337 -60.00000000000001421 -261.3347781585706002 2.810776376729616536e-16 1 -8.937897300164784982e-31 1.58758605878673742 -4.462349390063015526e-16 2.545500050274212445 1 I I 0 -1 3.000000000000003553 forward I I I I #
loop $-1 -1 $-1 $-1 $225 $60 #
coedge $-1 -1 $-1 $144 $144 $226 $227 forward $88 $-1 #
DXID-attrib $-1 -1 $-1 $-1 $91 @10 ASM ENTITY @1 1 #
face $228 -1 $-1 $229 $230 $46 $-1 $231 forward single #
loop $-1 -1 $-1 $232 $233 $91 #
cone-surface $-1 -1 $-1 -140.172911255979642 -49.99999985098838096 -293.9224830517050577 -8.104698438784292051e-17 -1 -2.438741570261104518e-17 2.647639882740433936 -2.489859380706880318e-16 1.410674679478665761 1 I I 0 1 3.000000000000001776 forward I I I I #
loop $-1 -1 $-1 $-1 $234 $61 #
coedge $-1 -1 $-1 $150 $150 $235 $236 forward $92 $-1 #
DXID-attrib $-1 -1 $-1 $-1 $95 @10 ASM ENTITY @1 1 #
face $237 -1 $-1 $238 $239 $48 $-1 $240 forward single #
loop $-1 -1 $-1 $241 $242 $95 #
cone-surface $-1 -1 $-1 122.0893331649489966 -239.9999999999999716 -220.5903697171011686 2.832769448823923741e-16 1 -1.599183306096557866e-30 -2.453189697150792714 6.94932082625840722e-16 1.726806390361475207 1 I I 0 -1 3.000000000000003553 forward I I I I #
loop $-1 -1 $-1 $-1 $243 $62 #
coedge $-1 -1 $-1 $156 $156 $244 $245 forward $96 $-1 #
DXID-attrib $-1 -1 $-1 $-1 $99 @10 ASM ENTITY @1 1 #
face $246 -1 $-1 $247 $248 $50 $-1 $249 forward single #
loop $-1 -1 $-1 $250 $251 $99 #
cone-surface $-1 -1 $-1 139.8603714992183598 -229.9999998509882744 -287.5755193048950673 -2.83276944882391881e-16 -1 1.649216336426407009e-30 -0.7692825833671983471 2.179200199674986304e-16 2.899690381217949309 1 I I 0 1 3.000000000000001332 forward I I I I #
loop $-1 -1 $-1 $-1 $252 $63 #
coedge $-1 -1 $-1 $162 $162 $253 $254 forward $100 $-1 #
DXID-attrib $-1 -1 $-1 $-1 $103 @10 ASM ENTITY @1 1 #
face $255 -1 $-1 $256 $257 $52 $-1 $258 forward single #
loop $-1 -1 $-1 $-1 $259 $103 #
plane-surface $-1 -1 $-1 -151.0784791832144265 -44.99999999999995026 -316.7292888163108273 8.104698438784437497e-17 1 2.43874157026120405e-17 -4.702248931595550019 1.658727809094294828e-16 8.825466275801435501 forward_v I I I I #
coedge $-1 -1 $-1 $260 $261 $262 $263 forward $104 $-1 #
DXID-attrib $-1 -1 $-1 $-1 $107 @10 ASM ENTITY @1 1 #
face $264 -1 $-1 $265 $266 $54 $-1 $267 forward single #
loop $-1 -1 $-1 $-1 $268 $107 #
plane-surface $-1 -1 $-1 159.5768671682879472 -225.0000000000001705 -303.3977062438603411 2.832769448823919303e-16 1 -8.833153590256991946e-31 -9.66563460405983399 2.738051440987595208e-15 -2.564275277890662341 forward_v I I I I #
coedge $-1 -1 $-1 $269 $270 $271 $272 forward $108 $-1 #
DXID-attrib $-1 -1 $-1 $-1 $111 @10 ASM ENTITY @1 2 #
face $273 -1 $-1 $274 $275 $34 $-1 $276 forward single #
loop $-1 -1 $-1 $-1 $277 $111 #
plane-surface $-1 -1 $-1 10 -50 -45.00000000000001421 1 0 0 -0 -10 -0 forward_v I I I I #
coedge $278 -1 $-1 $279 $280 $281 $282 reversed $112 $-1 #
ATTRIB_CUSTOM-attrib $-1 -1 $-1 $-1 $114 @17 sketch_attrib_def 1 1 3 @13 270 0 1 0 1 1 #
coedge $-1 -1 $-1 $283 $114 $284 $285 forward $68 $-1 #
coedge $-1 -1 $-1 $114 $283 $279 $286 reversed $68 $-1 #
coedge $-1 -1 $-1 $281 $287 $114 $182 forward $288 $-1 #
edge $-1 -1 $-1 $289 -1.5 $290 0.5 $181 $291 forward @7 unknown #
DXID-attrib $-1 -1 $-1 $-1 $116 @10 ASM ENTITY @1 2 #
face $292 -1 $-1 $293 $294 $36 $-1 $295 forward single #
loop $-1 -1 $-1 $296 $297 $116 #
plane-surface $-1 -1 $-1 -1.117587103702422788e-07 -64.99999999999998579 -134.6513812959331915 -2.832769448823915359e-16 -1 2.366582715663031913e-30 -6.212279628615471331e-29 -2.366582715663033174e-29 -10.00000000000001243 forward_v I I I I #
loop $-1 -1 $-1 $-1 $298 $71 #
coedge $-1 -1 $-1 $188 $188 $299 $300 reversed $117 $-1 #
coedge $-1 -1 $-1 $189 $189 $298 $301 forward $119 $-1 #
coedge $-1 -1 $-1 $190 $190 $120 $191 reversed $296 $-1 #
edge $-1 -1 $-1 $302 -3.141592653589793116 $302 3.141592653589793116 $190 $303 forward @7 unknown #
DXID-attrib $-1 -1 $-1 $-1 $122 @10 ASM ENTITY @1 2 #
face $304 -1 $-1 $305 $306 $38 $-1 $307 forward single #
loop $-1 -1 $-1 $308 $309 $122 #
plane-surface $-1 -1 $-1 -23.0822335427236105 -70.00000014901161194 -190.557533139905928 -2.810776376729614071e-16 -1 1.551834409292681599e-30 -8.485000167580706076 2.384943802758274799e-15 5.291953529289123992 forward_v I I I I #
loop $-1 -1 $-1 $-1 $199 $75 #
coedge $-1 -1 $-1 $310 $310 $311 $312 reversed $123 $-1 #
coedge $-1 -1 $-1 $198 $198 $313 $314 forward $125 $-1 #
coedge $-1 -1 $-1 $199 $199 $126 $200 reversed $196 $-1 #
edge $-1 -1 $-1 $315 -3.141592653589793116 $315 3.141592653589793116 $199 $316 forward @7 unknown #
DXID-attrib $-1 -1 $-1 $-1 $128 @10 ASM ENTITY @1 2 #
face $317 -1 $-1 $318 $319 $40 $-1 $320 forward single #
loop $-1 -1 $-1 $321 $322 $128 #
plane-surface $-1 -1 $-1 -1.117587103702422788e-07 -244.9999999999999432 -134.6513812959332199 -2.83276944882392522e-16 -1 1.577721810442134664e-30 1.594897878183755986e-28 -1.57772181044214132e-29 -10.00000000000001243 forward_v I I I I #
loop $-1 -1 $-1 $-1 $323 $79 #
coedge $-1 -1 $-1 $206 $206 $324 $325 reversed $129 $-1 #
coedge $-1 -1 $-1 $207 $207 $323 $326 forward $131 $-1 #
coedge $-1 -1 $-1 $208 $208 $132 $209 reversed $321 $-1 #
edge $-1 -1 $-1 $327 -3.141592653589793116 $327 3.141592653589793116 $208 $328 forward @7 unknown #
DXID-attrib $-1 -1 $-1 $-1 $134 @10 ASM ENTITY @1 2 #
face $329 -1 $-1 $330 $331 $42 $-1 $332 forward single #
loop $-1 -1 $-1 $333 $334 $134 #
plane-surface $-1 -1 $-1 54.53473948369698832 -250.0000001490116119 -160.8095444982353399 -2.832769448823924727e-16 -1 1.618242741091558582e-30 -5.756021301204917506 1.630548128883289075e-15 -8.177298990502638532 forward_v I I I I #
loop $-1 -1 $-1 $-1 $217 $83 #
coedge $-1 -1 $-1 $335 $335 $336 $337 reversed $135 $-1 #
coedge $-1 -1 $-1 $216 $216 $338 $339 forward $137 $-1 #
coedge $-1 -1 $-1 $217 $217 $138 $218 reversed $214 $-1 #
edge $-1 -1 $-1 $340 -3.141592653589793116 $340 3.141592653589793116 $217 $341 forward @7 unknown #
DXID-attrib $-1 -1 $-1 $-1 $140 @10 ASM ENTITY @1 2 #
face $342 -1 $-1 $343 $344 $44 $-1 $345 forward single #
loop $-1 -1 $-1 $346 $347 $140 #
plane-surface $-1 -1 $-1 -79.0103282970333396 -65.00000000000001421 -261.3347780046011621 -2.810776376729616536e-16 -1 8.937897300164784982e-31 -5.291953529289123992 1.487449796687671448e-15 -8.485000167580706076 forward_v I I I I #
loop $-1 -1 $-1 $-1 $348 $87 #
coedge $-1 -1 $-1 $224 $224 $349 $350 reversed $141 $-1 #
coedge $-1 -1 $-1 $225 $225 $348 $351 forward $143 $-1 #
coedge $-1 -1 $-1 $226 $226 $144 $227 reversed $346 $-1 #
edge $-1 -1 $-1 $352 -3.141592653589793116 $352 3.141592653589793116 $226 $353 forward @7 unknown #
DXID-attrib $-1 -1 $-1 $-1 $146 @10 ASM ENTITY @1 2 #
face $354 -1 $-1 $355 $356 $46 $-1 $357 forward single #
loop $-1 -1 $-1 $358 $359 $146 #
plane-surface $-1 -1 $-1 -126.9532047515391469 -70.00000014901164036 -298.2098090151333736 -8.104698438784292051e-17 -1 -2.438741570261104518e-17 -4.70224893159555446 1.658727809094314303e-16 8.825466275801451488 forward_v I I I I #
loop $-1 -1 $-1 $-1 $235 $91 #
coedge $-1 -1 $-1 $360 $360 $361 $362 reversed $147 $-1 #
coedge $-1 -1 $-1 $234 $234 $363 $364 forward $149 $-1 #
coedge $-1 -1 $-1 $235 $235 $150 $236 reversed $232 $-1 #
edge $-1 -1 $-1 $365 -3.141592653589793116 $365 3.141592653589793116 $235 $366 forward @7 unknown #
DXID-attrib $-1 -1 $-1 $-1 $152 @10 ASM ENTITY @1 2 #
face $367 -1 $-1 $368 $369 $48 $-1 $370 forward single #
loop $-1 -1 $-1 $371 $372 $152 #
plane-surface $-1 -1 $-1 122.089333009232007 -244.9999999999999716 -220.5903697441610518 -2.832769448823923741e-16 -1 1.599183306096557866e-30 8.177298990502640308 -2.316440275419468679e-15 -5.75602130120491573 forward_v I I I I #
loop $-1 -1 $-1 $-1 $373 $95 #
coedge $-1 -1 $-1 $242 $242 $374 $375 reversed $153 $-1 #
coedge $-1 -1 $-1 $243 $243 $373 $376 forward $155 $-1 #
coedge $-1 -1 $-1 $244 $244 $156 $245 reversed $371 $-1 #
edge $-1 -1 $-1 $377 -3.141592653589793116 $377 3.141592653589793116 $244 $378 forward @7 unknown #
DXID-attrib $-1 -1 $-1 $-1 $158 @10 ASM ENTITY @1 2 #
face $379 -1 $-1 $380 $381 $50 $-1 $382 forward single #
loop $-1 -1 $-1 $383 $384 $158 #
plane-surface $-1 -1 $-1 147.0512241766151078 -250.0000001490115267 -275.6829400324155586 -2.83276944882391881e-16 -1 1.649216336426407009e-30 -9.665634604059837542 2.738051440987594025e-15 -2.564275277890662341 forward_v I I I I #
loop $-1 -1 $-1 $-1 $253 $99 #
coedge $-1 -1 $-1 $385 $385 $386 $387 reversed $159 $-1 #
coedge $-1 -1 $-1 $252 $252 $388 $389 forward $161 $-1 #
coedge $-1 -1 $-1 $253 $253 $162 $254 reversed $250 $-1 #
edge $-1 -1 $-1 $390 -3.141592653589793116 $390 3.141592653589793116 $253 $391 forward @7 unknown #
DXID-attrib $-1 -1 $-1 $-1 $164 @10 ASM ENTITY @1 2 #
face $392 -1 $-1 $393 $394 $52 $-1 $395 forward single #
loop $-1 -1 $-1 $396 $397 $164 #
plane-surface $-1 -1 $-1 -131.6554537532034317 -59.99999999999994316 -289.3843426078220205 0.8825466275801437943 -8.299531269023102025e-17 0.4702248931595550685 8.104698438784435771e-16 9.999999999999998224 2.438741570261203557e-16 forward_v I I I I #
coedge $-1 -1 $-1 $398 $399 $260 $400 reversed $165 $-1 #
coedge $-1 -1 $-1 $401 $167 $259 $400 forward $104 $-1 #
coedge $-1 -1 $-1 $167 $401 $402 $403 forward $104 $-1 #
coedge $-1 -1 $-1 $404 $405 $167 $263 reversed $396 $-1 #
edge $-1 -1 $-1 $406 -0.7853981633974460586 $407 0.7853981633974506105 $262 $408 forward @7 unknown #
DXID-attrib $-1 -1 $-1 $-1 $169 @10 ASM ENTITY @1 2 #
face $409 -1 $-1 $410 $411 $54 $-1 $412 forward single #
loop $-1 -1 $-1 $413 $414 $169 #
plane-surface $-1 -1 $-1 137.3855894285262025 -240.0000000000001705 -278.2472153485168178 -0.2564275277890660787 7.264000665583214955e-17 0.9665634604059828439 2.83276944882392098e-15 10.00000000000000533 -8.8331535902569965e-30 forward_v I I I I #
coedge $-1 -1 $-1 $415 $416 $269 $417 reversed $170 $-1 #
coedge $-1 -1 $-1 $418 $172 $268 $417 forward $108 $-1 #
coedge $-1 -1 $-1 $172 $418 $419 $420 forward $108 $-1 #
coedge $-1 -1 $-1 $421 $422 $172 $272 reversed $413 $-1 #
edge $-1 -1 $-1 $423 -0.7853981633974460586 $424 0.7853981633974506105 $271 $425 forward @7 unknown #
DXID-attrib $-1 -1 $-1 $-1 $174 @10 ASM ENTITY @1 3 #
face $426 -1 $-1 $427 $428 $34 $-1 $429 forward single #
loop $-1 -1 $-1 $-1 $430 $174 #
plane-surface $-1 -1 $-1 -10 -50 -45.00000000000001421 0 1 0 10 0 0 forward_v I I I I #
coedge $431 -1 $-1 $432 $433 $434 $435 reversed $175 $-1 #
ATTRIB_CUSTOM-attrib $-1 -1 $-1 $-1 $177 @17 sketch_attrib_def 1 1 3 @13 267 0 1 0 1 1 #
coedge $-1 -1 $-1 $436 $177 $180 $286 forward $112 $-1 #
coedge $-1 -1 $-1 $177 $436 $432 $437 reversed $112 $-1 #
coedge $-1 -1 $-1 $434 $181 $177 $282 forward $288 $-1 #
edge $-1 -1 $-1 $290 -1.5 $438 0.5 $281 $439 forward @7 unknown #
coedge $-1 -1 $-1 $180 $179 $440 $441 reversed $68 $-1 #
coedge $-1 -1 $-1 $430 $442 $179 $285 reversed $275 $-1 #
edge $-1 -1 $-1 $289 0 $443 3 $284 $444 forward @7 unknown #
edge $-1 -1 $-1 $290 0 $445 3 $279 $446 forward @7 unknown #
coedge $-1 -1 $-1 $181 $434 $430 $447 forward $288 $-1 #
loop $-1 -1 $-1 $448 $181 $449 #
vertex $-1 -1 $-1 $182 $450 #
vertex $-1 -1 $-1 $182 $451 #
straight-curve $-1 -1 $-1 -10 -65 -45.00000000000001421 0 -10 0 I I #
DXID-attrib $-1 -1 $-1 $-1 $184 @10 ASM ENTITY @1 3 #
face $452 -1 $-1 $453 $454 $36 $-1 $455 reversed single #
loop $-1 -1 $-1 $456 $457 $184 #
cone-surface $-1 -1 $-1 -4.107515700794554233e-15 -74.5 -54.65138140769180097 -2.832769448823915359e-16 -1 2.366582715663031913e-30 2.174297870015417993e-29 8.283039504820628161e-30 3.50000000000000977 1 I I -0.7071067811865460184 -0.707106781186549127 3.50000000000000977 forward I I I I #
loop $-1 -1 $-1 $-1 $190 $116 #
coedge $-1 -1 $-1 $458 $459 $460 $461 reversed $185 $-1 #
coedge $-1 -1 $-1 $298 $298 $189 $301 reversed $187 $-1 #
coedge $-1 -1 $-1 $299 $299 $188 $300 forward $462 $-1 #
edge $-1 -1 $-1 $463 -3.141592653589793116 $463 3.141592653589793116 $188 $464 forward @7 unknown #
edge $-1 -1 $-1 $465 -3.141592653589793116 $465 3.141592653589793116 $298 $466 forward @7 unknown #
vertex $-1 -1 $-1 $191 $467 #
ellipse-curve $-1 -1 $-1 -1.416384724412328493e-15 -64.99999999999998579 -134.6513814076919004 -2.832769448823915359e-16 -1 2.366582715663031913e-30 -2.484911851446188588e-29 -9.466330862652131856e-30 -4.000000000000005329 1 I I #
DXID-attrib $-1 -1 $-1 $-1 $193 @10 ASM ENTITY @1 3 #
face $468 -1 $-1 $469 $470 $38 $-1 $471 reversed single #
loop $-1 -1 $-1 $472 $473 $193 #
cone-surface $-1 -1 $-1 -44.73524847349563061 -59.99999999999998579 -188.4270972618117526 -0.8485000167580697417 2.384943802758272432e-16 0.5291953529289118441 -9.83771731855365837e-16 -3.500000000000003553 5.431420432524390502e-30 1 I I -0.7071067811865473507 -0.7071067811865477948 3.500000000000003553 forward I I I I #
loop $-1 -1 $-1 $-1 $313 $122 #
coedge $474 -1 $-1 $475 $476 $477 $478 reversed $194 $-1 #
coedge $-1 -1 $-1 $197 $197 $479 $480 reversed $123 $-1 #
coedge $-1 -1 $-1 $481 $481 $197 $312 forward $482 $-1 #
edge $-1 -1 $-1 $483 1.570796326794896558 $484 4.712388980384689674 $311 $485 forward @7 unknown #
coedge $-1 -1 $-1 $313 $313 $198 $314 reversed $308 $-1 #
edge $-1 -1 $-1 $486 -3.141592653589793116 $486 3.141592653589793116 $313 $487 forward @7 unknown #
vertex $-1 -1 $-1 $200 $488 #
ellipse-curve $-1 -1 $-1 -36.6744981878576084 -69.00000014901161194 -193.4544531934926681 2.810776376729614071e-16 1 -1.551834409292681599e-30 1.587586058786736309 -4.46234939006299186e-16 2.545500050274210224 1 I I #
DXID-attrib $-1 -1 $-1 $-1 $202 @10 ASM ENTITY @1 3 #
face $489 -1 $-1 $490 $491 $40 $-1 $492 reversed single #
loop $-1 -1 $-1 $493 $494 $202 #
cone-surface $-1 -1 $-1 -4.107515700795005461e-15 -254.4999999999999716 -54.65138140769182939 -2.83276944882392522e-16 -1 1.577721810442134664e-30 -5.582142573643154361e-29 5.522026336547502327e-30 3.50000000000000977 1 I I -0.7071067811865460184 -0.707106781186549127 3.50000000000000977 forward I I I I #
loop $-1 -1 $-1 $-1 $208 $128 #
coedge $-1 -1 $-1 $495 $496 $497 $498 reversed $203 $-1 #
coedge $-1 -1 $-1 $323 $323 $207 $326 reversed $205 $-1 #
coedge $-1 -1 $-1 $324 $324 $206 $325 forward $499 $-1 #
edge $-1 -1 $-1 $500 -3.141592653589793116 $500 3.141592653589793116 $206 $501 forward @7 unknown #
edge $-1 -1 $-1 $502 -3.141592653589793116 $502 3.141592653589793116 $323 $503 forward @7 unknown #
vertex $-1 -1 $-1 $209 $504 #
ellipse-curve $-1 -1 $-1 -1.416384724410997685e-15 -244.9999999999999432 -134.6513814076919289 -2.83276944882392522e-16 -1 1.577721810442134664e-30 6.379591512735023946e-29 -6.31088724176856528e-30 -4.000000000000005329 1 I I #
DXID-attrib $-1 -1 $-1 $-1 $211 @10 ASM ENTITY @1 3 #
face $505 -1 $-1 $506 $507 $42 $-1 $508 reversed single #
loop $-1 -1 $-1 $509 $510 $211 #
cone-surface $-1 -1 $-1 51.20240903053868919 -240 -182.31041393121086 -0.5756021301204911067 1.630548128883287399e-16 -0.8177298990502630538 -9.914693070883745911e-16 -3.500000000000003553 5.663849593820460993e-30 1 I I -0.7071067811865473507 -0.7071067811865477948 3.500000000000003553 forward I I I I #
loop $-1 -1 $-1 $-1 $338 $134 #
coedge $-1 -1 $-1 $511 $512 $513 $514 reversed $212 $-1 #
coedge $-1 -1 $-1 $215 $215 $515 $516 reversed $135 $-1 #
coedge $-1 -1 $-1 $517 $517 $215 $337 forward $518 $-1 #
edge $-1 -1 $-1 $519 1.570796326794896558 $520 4.712388980384689674 $336 $521 forward @7 unknown #
coedge $-1 -1 $-1 $338 $338 $216 $339 reversed $333 $-1 #
edge $-1 -1 $-1 $522 -3.141592653589793116 $522 3.141592653589793116 $338 $523 forward @7 unknown #
vertex $-1 -1 $-1 $218 $524 #
ellipse-curve $-1 -1 $-1 56.67062935245476041 -249.0000001490116119 -174.5419797683820775 2.832769448823924727e-16 1 -1.618242741091558582e-30 -2.453189697150790494 6.949320826258403275e-16 1.726806390361474097 1 I I #
DXID-attrib $-1 -1 $-1 $-1 $220 @10 ASM ENTITY @1 3 #
face $525 -1 $-1 $526 $527 $44 $-1 $528 reversed single #
loop $-1 -1 $-1 $529 $530 $220 #
cone-surface $-1 -1 $-1 -36.67470002703527143 -74.50000000000004263 -193.4547768179249374 -2.810776376729616536e-16 -1 8.937897300164784982e-31 1.852183735251196284 -5.206074288406857364e-16 2.969750058653251923 1 I I -0.7071067811865460184 -0.707106781186549127 3.500000000000008882 forward I I I I #
loop $-1 -1 $-1 $-1 $226 $140 #
coedge $-1 -1 $-1 $531 $532 $533 $534 reversed $221 $-1 #
coedge $-1 -1 $-1 $348 $348 $225 $351 reversed $223 $-1 #
coedge $-1 -1 $-1 $349 $349 $224 $350 forward $535 $-1 #
edge $-1 -1 $-1 $536 -3.141592653589793116 $536 3.141592653589793116 $224 $537 forward @7 unknown #
edge $-1 -1 $-1 $538 -3.141592653589793116 $538 3.141592653589793116 $348 $539 forward @7 unknown #
vertex $-1 -1 $-1 $227 $540 #
ellipse-curve $-1 -1 $-1 -79.01032826134826337 -65.00000000000001421 -261.3347781585706002 -2.810776376729616536e-16 -1 8.937897300164784982e-31 -2.116781411715649597 5.949799186750685396e-16 -3.394000067032282519 1 I I #
DXID-attrib $-1 -1 $-1 $-1 $229 @10 ASM ENTITY @1 3 #
face $541 -1 $-1 $542 $543 $46 $-1 $544 reversed single #
loop $-1 -1 $-1 $545 $546 $229 #
cone-surface $-1 -1 $-1 -144.6400478110643917 -60.00000000000000711 -285.5382899581840093 -0.470224893159554902 1.658727809094312331e-17 0.8825466275801440164 -2.836644453574505731e-16 -3.500000000000003997 -8.535595495913875212e-17 1 I I -0.7071067811865473507 -0.7071067811865477948 3.500000000000003997 forward I I I I #
loop $-1 -1 $-1 $-1 $363 $146 #
coedge $-1 -1 $-1 $547 $548 $549 $550 reversed $230 $-1 #
coedge $-1 -1 $-1 $233 $233 $551 $552 reversed $147 $-1 #
coedge $-1 -1 $-1 $553 $553 $233 $362 forward $554 $-1 #
edge $-1 -1 $-1 $555 1.570796326794896558 $556 4.712388980384689674 $361 $557 forward @7 unknown #
coedge $-1 -1 $-1 $363 $363 $234 $364 reversed $358 $-1 #
edge $-1 -1 $-1 $558 -3.141592653589793116 $558 3.141592653589793116 $363 $559 forward @7 unknown #
vertex $-1 -1 $-1 $236 $560 #
ellipse-curve $-1 -1 $-1 -140.172911255979642 -69.00000014901162615 -293.9224830517050577 8.104698438784292051e-17 1 2.438741570261104518e-17 2.647639882740433936 -2.489859380706880318e-16 1.410674679478665761 1 I I #
DXID-attrib $-1 -1 $-1 $-1 $238 @10 ASM ENTITY @1 3 #
face $561 -1 $-1 $562 $563 $48 $-1 $564 reversed single #
loop $-1 -1 $-1 $565 $566 $238 #
cone-surface $-1 -1 $-1 56.67094124092787411 -254.4999999999999716 -174.5421993074618285 -2.832769448823923741e-16 -1 1.599183306096557866e-30 -2.86205464667592846 8.107540963968152603e-16 2.014607455421723703 1 I I -0.7071067811865460184 -0.707106781186549127 3.500000000000008882 forward I I I I #
loop $-1 -1 $-1 $-1 $244 $152 #
coedge $-1 -1 $-1 $567 $568 $569 $570 reversed $239 $-1 #
coedge $-1 -1 $-1 $373 $373 $243 $376 reversed $241 $-1 #
coedge $-1 -1 $-1 $374 $374 $242 $375 forward $571 $-1 #
edge $-1 -1 $-1 $572 -3.141592653589793116 $572 3.141592653589793116 $242 $573 forward @7 unknown #
edge $-1 -1 $-1 $574 -3.141592653589793116 $574 3.141592653589793116 $373 $575 forward @7 unknown #
vertex $-1 -1 $-1 $245 $576 #
ellipse-curve $-1 -1 $-1 122.0893331649489966 -244.9999999999999716 -220.5903697171011686 -2.832769448823923741e-16 -1 1.599183306096557866e-30 3.270919596201056212 -9.265761101677874321e-16 -2.302408520481966647 1 I I #
DXID-attrib $-1 -1 $-1 $-1 $247 @10 ASM ENTITY @1 3 #
face $577 -1 $-1 $578 $579 $50 $-1 $580 reversed single #
loop $-1 -1 $-1 $581 $582 $247 #
cone-surface $-1 -1 $-1 130.6780184813323444 -239.9999999999998863 -290.0115808571018761 -0.9665634604059827328 2.738051440987590968e-16 -0.2564275277890659677 -9.914693070883724217e-16 -3.500000000000003553 5.772257177492430662e-30 1 I I -0.7071067811865473507 -0.7071067811865477948 3.500000000000003553 forward I I I I #
loop $-1 -1 $-1 $-1 $388 $158 #
coedge $-1 -1 $-1 $583 $584 $585 $586 reversed $248 $-1 #
coedge $-1 -1 $-1 $251 $251 $587 $588 reversed $159 $-1 #
coedge $-1 -1 $-1 $589 $589 $251 $387 forward $590 $-1 #
edge $-1 -1 $-1 $591 1.570796326794896558 $592 4.712388980384689674 $386 $593 forward @7 unknown #
coedge $-1 -1 $-1 $388 $388 $252 $389 reversed $383 $-1 #
edge $-1 -1 $-1 $594 -3.141592653589793116 $594 3.141592653589793116 $388 $595 forward @7 unknown #
vertex $-1 -1 $-1 $254 $596 #
ellipse-curve $-1 -1 $-1 139.8603714992183598 -249.0000001490114983 -287.5755193048950673 2.83276944882391881e-16 1 -1.649216336426407009e-30 -0.7692825833671983471 2.179200199674986304e-16 2.899690381217949309 1 I I #
DXID-attrib $-1 -1 $-1 $-1 $256 @10 ASM ENTITY @1 3 #
face $597 -1 $-1 $598 $599 $52 $-1 $600 forward single #
loop $-1 -1 $-1 $-1 $601 $256 #
cone-surface $-1 -1 $-1 -164.2447761916819502 -72.99999999999994316 -292.0179832440667838 0.8825466275801437943 -8.299531269023102025e-17 0.4702248931595550685 -0.6649984212716809617 -1.414213562373098032 1.248109410150473497 1 I I 0 1 1.999999999999999778 forward I I I I #
loop $-1 -1 $-1 $-1 $262 $164 #
coedge $-1 -1 $-1 $602 $603 $604 $605 forward $257 $-1 #
coedge $-1 -1 $-1 $606 $259 $405 $607 reversed $165 $-1 #
coedge $608 -1 $-1 $259 $606 $609 $610 reversed $165 $-1 #
edge $-1 -1 $-1 $407 -3 $611 0 $259 $612 forward @7 tangent #
coedge $-1 -1 $-1 $261 $260 $613 $614 forward $104 $-1 #
coedge $-1 -1 $-1 $615 $616 $261 $403 reversed $617 $-1 #
edge $-1 -1 $-1 $618 0 $406 3 $402 $619 forward @7 tangent #
coedge $-1 -1 $-1 $620 $262 $616 $621 forward $396 $-1 #
coedge $-1 -1 $-1 $262 $622 $398 $607 forward $396 $-1 #
vertex $-1 -1 $-1 $263 $623 #
vertex $-1 -1 $-1 $263 $624 #
ellipse-curve $-1 -1 $-1 -137.7683773642776259 -46.99999999999995026 -277.9112364492801817 -0.8825466275801437943 8.299531269023102025e-17 -0.4702248931595550685 -0.6649984212716836263 1.414213562373091815 1.248109410150479048 1 I I #
DXID-attrib $-1 -1 $-1 $-1 $265 @10 ASM ENTITY @1 3 #
face $625 -1 $-1 $626 $627 $54 $-1 $628 forward single #
loop $-1 -1 $-1 $-1 $629 $265 #
cone-surface $-1 -1 $-1 132.5130902769203942 -253.0000000000001705 -310.5776770219541731 -0.2564275277890660787 7.264000665583214955e-17 0.9665634604059828439 -1.366927154600409144 -1.41421356237309892 -0.3626432875651003918 1 I I 0 1 2.000000000000001332 forward I I I I #
loop $-1 -1 $-1 $-1 $271 $169 #
coedge $-1 -1 $-1 $630 $631 $632 $633 forward $266 $-1 #
coedge $-1 -1 $-1 $634 $268 $422 $635 reversed $170 $-1 #
coedge $-1 -1 $-1 $268 $634 $636 $637 reversed $170 $-1 #
edge $-1 -1 $-1 $424 -3 $638 0 $268 $639 forward @7 tangent #
coedge $-1 -1 $-1 $270 $269 $640 $641 forward $108 $-1 #
coedge $-1 -1 $-1 $642 $643 $270 $420 reversed $644 $-1 #
edge $-1 -1 $-1 $645 0 $423 3 $419 $646 forward @7 tangent #
coedge $-1 -1 $-1 $647 $271 $643 $648 forward $413 $-1 #
coedge $-1 -1 $-1 $271 $649 $415 $635 forward $413 $-1 #
vertex $-1 -1 $-1 $272 $650 #
vertex $-1 -1 $-1 $272 $651 #
ellipse-curve $-1 -1 $-1 124.8202644432484334 -227.0000000000001421 -281.5807732097746907 0.2564275277890660787 -7.264000665583214955e-17 -0.9665634604059828439 -1.366927154600414696 1.414213562373092925 -0.3626432875651020016 1 I I #
DXID-attrib $-1 -1 $-1 $-1 $274 @10 ASM ENTITY @1 4 #
face $652 -1 $-1 $653 $654 $34 $-1 $655 forward single #
loop $-1 -1 $-1 $-1 $656 $274 #
plane-surface $-1 -1 $-1 0 -60 -75.00000000000001421 0 0 -1 -10 0 0 forward_v I I I I #
coedge $657 -1 $-1 $658 $284 $287 $447 reversed $275 $-1 #
ATTRIB_CUSTOM-attrib $-1 -1 $-1 $-1 $277 @17 sketch_attrib_def 1 1 3 @13 268 0 1 0 1 1 #
coedge $-1 -1 $-1 $659 $277 $280 $437 forward $175 $-1 #
coedge $-1 -1 $-1 $277 $659 $658 $660 reversed $175 $-1 #
coedge $-1 -1 $-1 $287 $281 $277 $435 forward $288 $-1 #
edge $-1 -1 $-1 $438 -1.5 $661 0.5 $434 $662 forward @7 unknown #
coedge $-1 -1 $-1 $280 $279 $663 $664 reversed $112 $-1 #
edge $-1 -1 $-1 $438 0 $665 3 $432 $666 forward @7 unknown #
vertex $-1 -1 $-1 $282 $667 #
straight-curve $-1 -1 $-1 5 -70 -45.00000000000001421 10 0 0 I I #
coedge $-1 -1 $-1 $656 $663 $283 $441 forward $428 $-1 #
edge $-1 -1 $-1 $445 -2 $443 -0 $283 $668 forward @7 unknown #
coedge $-1 -1 $-1 $284 $658 $656 $669 reversed $275 $-1 #
vertex $-1 -1 $-1 $285 $670 #
straight-curve $-1 -1 $-1 -10 -50 -45.00000000000001421 0 0 -10 I I #
vertex $-1 -1 $-1 $441 $671 #
straight-curve $-1 -1 $-1 -10 -70 -45.00000000000001421 0 0 -10 I I #
edge $-1 -1 $-1 $661 -1.5 $289 0.5 $287 $672 forward @7 unknown #
loop $-1 -1 $-1 $-1 $673 $449 #
face $674 -1 $-1 $675 $288 $34 $-1 $676 reversed single #
point $-1 -1 $-1 -10 -50 -45.00000000000001421 #
point $-1 -1 $-1 -10 -70 -45.00000000000001421 #
DXID-attrib $-1 -1 $-1 $-1 $293 @10 ASM ENTITY @1 4 #
face $677 -1 $-1 $678 $679 $36 $-1 $680 reversed single #
loop $-1 -1 $-1 $681 $682 $293 #
cone-surface $-1 -1 $-1 4.249154173236006109e-15 -44.99999999999997158 -54.65138140769180097 -2.832769448823915359e-16 -1 2.366582715663031913e-30 1.863683888584645715e-29 7.099748146989116058e-30 3.000000000000010658 1 I I 0 1 3.000000000000010658 forward I I I I #
loop $-1 -1 $-1 $-1 $683 $184 #
coedge $-1 -1 $-1 $457 $457 $684 $685 forward $294 $-1 #
coedge $-1 -1 $-1 $686 $297 $687 $688 reversed $185 $-1 #
coedge $-1 -1 $-1 $297 $686 $689 $690 reversed $185 $-1 #
coedge $-1 -1 $-1 $691 $692 $297 $461 forward $693 $-1 #
edge $-1 -1 $-1 $694 -5.587935225648266169e-09 $695 1.500000016763806343 $460 $696 forward @7 unknown #
loop $-1 -1 $-1 $-1 $299 $697 #
vertex $-1 -1 $-1 $300 $698 #
ellipse-curve $-1 -1 $-1 1.133107779529198732e-15 -55.99999999999997868 -134.6513814076919004 -2.832769448823915359e-16 -1 2.366582715663031913e-30 1.863683888584641511e-29 7.099748146989100644e-30 3.000000000000003997 1 I I #
vertex $-1 -1 $-1 $301 $699 #
ellipse-curve $-1 -1 $-1 -1.133107779529936711e-15 -63.99999999999999289 -134.6513814076919004 2.832769448823915359e-16 1 -2.366582715663031913e-30 -1.863683888584641511e-29 -7.099748146989100644e-30 -3.000000000000003997 1 I I #
point $-1 -1 $-1 -1.906243444071245026e-15 -64.99999999999998579 -130.6513814076919004 #
DXID-attrib $-1 -1 $-1 $-1 $305 @10 ASM ENTITY @1 4 #
face $700 -1 $-1 $701 $702 $38 $-1 $703 forward single #
loop $-1 -1 $-1 $704 $705 $305 #
cone-surface $-1 -1 $-1 -28.18949789384053872 -59.99999999999999289 -198.7464068016380452 -0.8485000167580697417 2.384943802758272432e-16 0.5291953529289118441 -8.432329130188850594e-16 -3.000000000000003109 4.655503227878049702e-30 1 I I 0 1 3.000000000000003109 forward I I I I #
loop $-1 -1 $-1 $-1 $706 $193 #
coedge $-1 -1 $-1 $473 $473 $707 $708 forward $306 $-1 #
ATTRIB_CUSTOM-attrib $-1 -1 $-1 $-1 $309 @17 sketch_attrib_def 1 1 3 @22 260 0 4294967295 0 1 1 #
coedge $-1 -1 $-1 $709 $309 $710 $711 forward $194 $-1 #
coedge $-1 -1 $-1 $309 $709 $712 $713 reversed $194 $-1 #
coedge $-1 -1 $-1 $714 $715 $309 $478 forward $716 $-1 #
edge $-1 -1 $-1 $717 0.2500000000000004441 $718 2.250000000000000444 $477 $719 forward @7 unknown #
coedge $-1 -1 $-1 $705 $705 $310 $480 forward $470 $-1 #
edge $-1 -1 $-1 $484 -1.570796326794896558 $483 1.570796326794896558 $479 $720 forward @7 unknown #
coedge $-1 -1 $-1 $311 $311 $721 $722 forward $482 $-1 #
loop $-1 -1 $-1 $723 $481 $724 #
vertex $-1 -1 $-1 $312 $725 #
vertex $-1 -1 $-1 $312 $726 #
ellipse-curve $-1 -1 $-1 -36.67449818785760129 -59.99999999999999289 -193.4544531934926681 -0.5999801156865306462 -0.7071067811865471286 0.3741976226284419171 -2.545500050274209336 3.000000000000003109 1.587586058786736309 0.7071067811865474617 I I #
vertex $-1 -1 $-1 $314 $727 #
ellipse-curve $-1 -1 $-1 -36.6744981878576084 -70.00000014901161194 -193.4544531934926681 -2.810776376729614071e-16 -1 1.551834409292681599e-30 2.116781411715646488 -5.949799186750650883e-16 3.394000067032278078 1 I I #
point $-1 -1 $-1 -38.26208424664434204 -69.00000014901161194 -195.9999532437668961 #
DXID-attrib $-1 -1 $-1 $-1 $318 @10 ASM ENTITY @1 4 #
face $728 -1 $-1 $729 $730 $40 $-1 $731 reversed single #
loop $-1 -1 $-1 $732 $733 $318 #
cone-surface $-1 -1 $-1 4.249154173235584069e-15 -224.9999999999999147 -54.65138140769182939 -2.83276944882392522e-16 -1 1.577721810442134664e-30 -4.78469363455127917e-29 4.733165431326434469e-30 3.000000000000010658 1 I I 0 1 3.000000000000010658 forward I I I I #
loop $-1 -1 $-1 $-1 $734 $202 #
coedge $-1 -1 $-1 $494 $494 $735 $736 forward $319 $-1 #
coedge $-1 -1 $-1 $737 $322 $738 $739 reversed $203 $-1 #
coedge $-1 -1 $-1 $322 $737 $740 $741 reversed $203 $-1 #
coedge $-1 -1 $-1 $742 $743 $322 $498 forward $744 $-1 #
edge $-1 -1 $-1 $745 -5.587935225648266169e-09 $746 1.500000016763806343 $497 $747 forward @7 unknown #
loop $-1 -1 $-1 $-1 $324 $748 #
vertex $-1 -1 $-1 $325 $749 #
ellipse-curve $-1 -1 $-1 1.133107779530538415e-15 -235.9999999999999432 -134.6513814076919289 -2.83276944882392522e-16 -1 1.577721810442134664e-30 -4.78469363455126852e-29 4.73316543132642396e-30 3.000000000000003997 1 I I #
vertex $-1 -1 $-1 $326 $750 #
ellipse-curve $-1 -1 $-1 -1.133107779528604917e-15 -243.9999999999999432 -134.6513814076919289 2.83276944882392522e-16 1 -1.577721810442134664e-30 4.78469363455126852e-29 -4.73316543132642396e-30 -3.000000000000003997 1 I I #
point $-1 -1 $-1 -1.906243444070003359e-15 -244.9999999999999432 -130.6513814076919289 #
DXID-attrib $-1 -1 $-1 $-1 $330 @10 ASM ENTITY @1 4 #
face $751 -1 $-1 $752 $753 $42 $-1 $754 forward single #
loop $-1 -1 $-1 $755 $756 $330 #
cone-surface $-1 -1 $-1 62.42665073943108212 -240 -166.3646806560281846 -0.5756021301204911067 1.630548128883287399e-16 -0.8177298990502630538 -8.498308346471783055e-16 -3.000000000000003109 4.854728223274680651e-30 1 I I 0 1 3.000000000000003109 forward I I I I #
loop $-1 -1 $-1 $-1 $757 $211 #
coedge $-1 -1 $-1 $510 $510 $758 $759 forward $331 $-1 #
coedge $-1 -1 $-1 $760 $334 $761 $762 forward $212 $-1 #
coedge $-1 -1 $-1 $334 $760 $763 $764 reversed $212 $-1 #
coedge $-1 -1 $-1 $765 $766 $334 $514 forward $767 $-1 #
edge $-1 -1 $-1 $768 0.2500000000000004441 $769 2.250000000000000444 $513 $770 forward @7 unknown #
coedge $-1 -1 $-1 $756 $756 $335 $516 forward $507 $-1 #
edge $-1 -1 $-1 $520 -1.570796326794896558 $519 1.570796326794896558 $515 $771 forward @7 unknown #
coedge $-1 -1 $-1 $336 $336 $772 $773 forward $518 $-1 #
loop $-1 -1 $-1 $774 $517 $775 #
vertex $-1 -1 $-1 $337 $776 #
vertex $-1 -1 $-1 $337 $777 #
ellipse-curve $-1 -1 $-1 56.67062935245476041 -240 -174.5419797683820775 -0.407012169473621066 -0.7071067811865472397 -0.5782223567974320577 -1.726806390361473209 3.000000000000003109 -2.453189697150790494 0.7071067811865474617 I I #
vertex $-1 -1 $-1 $339 $778 #
ellipse-curve $-1 -1 $-1 56.67062935245476041 -250.0000001490116119 -174.5419797683820775 -2.832769448823924727e-16 -1 1.618242741091558582e-30 -3.270919596201051327 9.26576110167786446e-16 2.302408520481963983 1 I I #
point $-1 -1 $-1 59.12381904960555801 -249.0000001490116119 -176.2687861587435521 #
DXID-attrib $-1 -1 $-1 $-1 $343 @10 ASM ENTITY @1 4 #
face $779 -1 $-1 $780 $781 $44 $-1 $782 reversed single #
loop $-1 -1 $-1 $783 $784 $343 #
cone-surface $-1 -1 $-1 -36.67470002703527143 -45.00000000000000711 -193.4547768179249374 -2.810776376729616536e-16 -1 8.937897300164784982e-31 1.587586058786740972 -4.462349390063025387e-16 2.545500050274218218 1 I I 0 1 3.000000000000010214 forward I I I I #
loop $-1 -1 $-1 $-1 $785 $220 #
coedge $-1 -1 $-1 $530 $530 $786 $787 forward $344 $-1 #
coedge $-1 -1 $-1 $788 $347 $789 $790 reversed $221 $-1 #
coedge $-1 -1 $-1 $347 $788 $791 $792 reversed $221 $-1 #
coedge $-1 -1 $-1 $793 $794 $347 $534 forward $795 $-1 #
edge $-1 -1 $-1 $796 -5.587935225648266169e-09 $797 1.500000016763806343 $533 $798 forward @7 unknown #
loop $-1 -1 $-1 $-1 $349 $799 #
vertex $-1 -1 $-1 $350 $800 #
ellipse-curve $-1 -1 $-1 -79.01032826134826337 -56.00000000000000711 -261.3347781585706002 -2.810776376729616536e-16 -1 8.937897300164784982e-31 1.58758605878673742 -4.462349390063015526e-16 2.545500050274212445 1 I I #
vertex $-1 -1 $-1 $351 $801 #
ellipse-curve $-1 -1 $-1 -79.01032826134826337 -64.00000000000001421 -261.3347781585706002 2.810776376729616536e-16 1 -8.937897300164784982e-31 -1.58758605878673742 4.462349390063015526e-16 -2.545500050274212445 1 I I #
point $-1 -1 $-1 -76.89354684963261377 -65.00000000000001421 -257.9407780915383341 #
DXID-attrib $-1 -1 $-1 $-1 $355 @10 ASM ENTITY @1 4 #
face $802 -1 $-1 $803 $804 $46 $-1 $805 forward single #
loop $-1 -1 $-1 $806 $807 $355 #
cone-surface $-1 -1 $-1 -135.4706622543151298 -60.00000000000000711 -302.7479494590162403 -0.470224893159554902 1.658727809094312331e-17 0.8825466275801440164 -2.431409531635290697e-16 -3.000000000000003553 -7.316224710783321258e-17 1 I I 0 1 3.000000000000003553 forward I I I I #
loop $-1 -1 $-1 $-1 $808 $229 #
coedge $-1 -1 $-1 $546 $546 $809 $810 forward $356 $-1 #
coedge $-1 -1 $-1 $811 $359 $812 $813 forward $230 $-1 #
coedge $-1 -1 $-1 $359 $811 $814 $815 reversed $230 $-1 #
coedge $-1 -1 $-1 $816 $817 $359 $550 forward $818 $-1 #
edge $-1 -1 $-1 $819 0.2500000000000004441 $820 2.250000000000000444 $549 $821 forward @7 unknown #
coedge $-1 -1 $-1 $807 $807 $360 $552 forward $543 $-1 #
edge $-1 -1 $-1 $556 -1.570796326794896558 $555 1.570796326794896558 $551 $822 forward @7 unknown #
coedge $-1 -1 $-1 $361 $361 $823 $824 forward $554 $-1 #
loop $-1 -1 $-1 $825 $553 $826 #
vertex $-1 -1 $-1 $362 $827 #
vertex $-1 -1 $-1 $362 $828 #
ellipse-curve $-1 -1 $-1 -140.172911255979642 -60.00000000000000711 -293.9224830517050577 -0.3324992106358412025 -0.7071067811865473507 0.624054705075238525 -1.410674679478665539 3.000000000000003109 2.647639882740433936 0.7071067811865474617 I I #
vertex $-1 -1 $-1 $364 $829 #
ellipse-curve $-1 -1 $-1 -140.172911255979642 -70.00000014901162615 -293.9224830517050577 -8.104698438784292051e-17 -1 -2.438741570261104518e-17 3.530186510320576065 -3.319812507609170799e-16 1.880899572638219608 1 I I #
point $-1 -1 $-1 -142.8205511387200772 -69.00000014901162615 -295.3331577311837464 #
DXID-attrib $-1 -1 $-1 $-1 $368 @10 ASM ENTITY @1 4 #
face $830 -1 $-1 $831 $832 $48 $-1 $833 reversed single #
loop $-1 -1 $-1 $834 $835 $368 #
cone-surface $-1 -1 $-1 56.67094124092787411 -224.9999999999999432 -174.5421993074618285 -2.832769448823923741e-16 -1 1.599183306096557866e-30 -2.453189697150798043 6.949320826258422011e-16 1.726806390361478982 1 I I 0 1 3.000000000000010214 forward I I I I #
loop $-1 -1 $-1 $-1 $836 $238 #
coedge $-1 -1 $-1 $566 $566 $837 $838 forward $369 $-1 #
coedge $-1 -1 $-1 $839 $372 $840 $841 reversed $239 $-1 #
coedge $-1 -1 $-1 $372 $839 $842 $843 reversed $239 $-1 #
coedge $-1 -1 $-1 $844 $845 $372 $570 forward $846 $-1 #
edge $-1 -1 $-1 $847 -5.587935225648266169e-09 $848 1.500000016763806343 $569 $849 forward @7 unknown #
loop $-1 -1 $-1 $-1 $374 $850 #
vertex $-1 -1 $-1 $375 $851 #
ellipse-curve $-1 -1 $-1 122.0893331649489966 -235.9999999999999716 -220.5903697171011686 -2.832769448823923741e-16 -1 1.599183306096557866e-30 -2.453189697150792714 6.94932082625840722e-16 1.726806390361475207 1 I I #
vertex $-1 -1 $-1 $376 $852 #
ellipse-curve $-1 -1 $-1 122.0893331649489966 -243.9999999999999716 -220.5903697171011686 2.832769448823923741e-16 1 -1.599183306096557866e-30 2.453189697150792714 -6.94932082625840722e-16 -1.726806390361475207 1 I I #
point $-1 -1 $-1 118.8184135687479426 -244.9999999999999716 -218.2879611966191931 #
DXID-attrib $-1 -1 $-1 $-1 $380 @10 ASM ENTITY @1 4 #
face $853 -1 $-1 $854 $855 $50 $-1 $856 forward single #
loop $-1 -1 $-1 $857 $858 $380 #
cone-surface $-1 -1 $-1 149.5260062473073788 -239.9999999999998863 -285.0112439887937512 -0.9665634604059827328 2.738051440987590968e-16 -0.2564275277890659677 -8.498308346471765305e-16 -3.000000000000003109 4.947649009279226282e-30 1 I I 0 1 3.000000000000003109 forward I I I I #
loop $-1 -1 $-1 $-1 $859 $247 #
coedge $-1 -1 $-1 $582 $582 $860 $861 forward $381 $-1 #
coedge $-1 -1 $-1 $862 $384 $863 $864 forward $248 $-1 #
coedge $-1 -1 $-1 $384 $862 $865 $866 reversed $248 $-1 #
coedge $-1 -1 $-1 $867 $868 $384 $586 forward $869 $-1 #
edge $-1 -1 $-1 $870 0.2500000000000004441 $871 2.250000000000000444 $585 $872 forward @7 unknown #
coedge $-1 -1 $-1 $858 $858 $385 $588 forward $579 $-1 #
edge $-1 -1 $-1 $592 -1.570796326794896558 $591 1.570796326794896558 $587 $873 forward @7 unknown #
coedge $-1 -1 $-1 $386 $386 $874 $875 forward $590 $-1 #
loop $-1 -1 $-1 $876 $589 $877 #
vertex $-1 -1 $-1 $387 $878 #
vertex $-1 -1 $-1 $387 $879 #
ellipse-curve $-1 -1 $-1 139.8603714992183598 -239.9999999999998863 -287.5755193048950673 -0.6834635773002057935 -0.7071067811865471286 -0.1813216437825504457 -2.899690381217948421 3.000000000000003109 -0.7692825833671983471 0.7071067811865474617 I I #
vertex $-1 -1 $-1 $389 $880 #
ellipse-curve $-1 -1 $-1 139.8603714992183598 -250.0000001490115267 -287.5755193048950673 -2.83276944882391881e-16 -1 1.649216336426407009e-30 -1.025710111156263649 2.905600266233313099e-16 3.866253841623929599 1 I I #
point $-1 -1 $-1 140.6296540825855459 -249.0000001490114983 -290.4752096861130326 #
DXID-attrib $-1 -1 $-1 $-1 $393 @10 ASM ENTITY @1 4 #
face $881 -1 $-1 $882 $883 $52 $-1 $884 forward single #
loop $-1 -1 $-1 $-1 $885 $393 #
plane-surface $-1 -1 $-1 -165.185225978001057 -74.99999999999994316 -290.2528899889065315 -8.104698438784437497e-17 -1 -2.43874157026120405e-17 4.702248931595550019 -1.658727809094294828e-16 -8.825466275801435501 forward_v I I I I #
coedge $-1 -1 $-1 $886 $887 $620 $888 forward $394 $-1 #
coedge $-1 -1 $-1 $889 $397 $890 $891 forward $257 $-1 #
coedge $-1 -1 $-1 $397 $889 $892 $893 forward $257 $-1 #
coedge $-1 -1 $-1 $894 $895 $397 $605 reversed $896 $-1 #
edge $-1 -1 $-1 $897 0 $898 2 $604 $899 forward @7 unknown #
coedge $-1 -1 $-1 $399 $398 $900 $901 reversed $165 $-1 #
edge $-1 -1 $-1 $902 -2.799999999999999822 $407 -0.2000000000000001776 $398 $903 forward @7 unknown #
ATTRIB_CUSTOM-attrib $-1 -1 $-1 $-1 $399 @17 sketch_attrib_def 1 1 3 @13 141 0 1 0 1 1 #
coedge $-1 -1 $-1 $904 $613 $399 $610 forward $905 $-1 #
edge $-1 -1 $-1 $611 -2.776124733619230511 $906 -0.1761247336192308666 $609 $907 forward @7 unknown #
vertex $-1 -1 $-1 $400 $908 #
straight-curve $-1 -1 $-1 -164.2447761916819502 -44.99999999999995026 -292.0179832440668406 -8.825466275801435501 8.299531269023102025e-16 -4.702248931595550019 F -3.620001000000000246 F 0.6200009999999999133 #
coedge $-1 -1 $-1 $609 $909 $401 $614 reversed $905 $-1 #
edge $-1 -1 $-1 $611 -0.7853981633974506105 $618 0.7853981633974460586 $401 $910 reversed @7 unknown #
coedge $911 -1 $-1 $912 $402 $909 $913 reversed $617 $-1 #
coedge $-1 -1 $-1 $402 $912 $404 $621 reversed $617 $-1 #
loop $-1 -1 $-1 $-1 $402 $914 #
vertex $-1 -1 $-1 $614 $915 #
straight-curve $-1 -1 $-1 -165.185225978001057 -46.99999999999995026 -290.2528899889065315 8.825466275801435501 -8.299531269023102025e-16 4.702248931595550019 F -0.6200009999999999133 F 3.620001000000000246 #
coedge $-1 -1 $-1 $916 $404 $601 $888 reversed $396 $-1 #
edge $-1 -1 $-1 $406 -2.799999999999999822 $917 -0.2000000000000001776 $616 $918 forward @7 unknown #
coedge $-1 -1 $-1 $405 $919 $920 $921 reversed $396 $-1 #
point $-1 -1 $-1 -138.7088271505967612 -46.99999999999995026 -276.1461431941198725 #
point $-1 -1 $-1 -137.7683773642776259 -44.99999999999995026 -277.9112364492801817 #
DXID-attrib $-1 -1 $-1 $-1 $410 @10 ASM ENTITY @1 4 #
face $922 -1 $-1 $923 $924 $54 $-1 $925 forward single #
loop $-1 -1 $-1 $-1 $926 $410 #
plane-surface $-1 -1 $-1 130.5799633561084363 -255.0000000000001705 -311.0905320775323162 -2.832769448823919303e-16 -1 8.833153590256991946e-31 9.66563460405983399 -2.738051440987595208e-15 2.564275277890662341 forward_v I I I I #
coedge $-1 -1 $-1 $927 $928 $647 $929 forward $411 $-1 #
coedge $-1 -1 $-1 $930 $414 $931 $932 forward $266 $-1 #
coedge $-1 -1 $-1 $414 $930 $933 $934 forward $266 $-1 #
coedge $-1 -1 $-1 $935 $936 $414 $633 reversed $937 $-1 #
edge $-1 -1 $-1 $938 0 $939 2 $632 $940 forward @7 unknown #
coedge $-1 -1 $-1 $416 $415 $941 $942 reversed $170 $-1 #
edge $-1 -1 $-1 $943 -2.799999999999999822 $424 -0.2000000000000001776 $415 $944 forward @7 unknown #
coedge $-1 -1 $-1 $945 $640 $416 $637 forward $946 $-1 #
edge $-1 -1 $-1 $638 -2.776124733619230511 $947 -0.1761247336192308666 $636 $948 forward @7 unknown #
vertex $-1 -1 $-1 $417 $949 #
straight-curve $-1 -1 $-1 132.5130902769204226 -225.0000000000001421 -310.5776770219541731 2.564275277890662785 -7.264000665583218653e-16 -9.66563460405983399 F -3.620001000000000246 F 0.6200009999999999133 #
coedge $-1 -1 $-1 $636 $950 $418 $641 reversed $946 $-1 #
edge $-1 -1 $-1 $638 -0.7853981633974506105 $645 0.7853981633974460586 $418 $951 reversed @7 unknown #
coedge $-1 -1 $-1 $952 $419 $950 $953 reversed $644 $-1 #
coedge $-1 -1 $-1 $419 $952 $421 $648 reversed $644 $-1 #
loop $-1 -1 $-1 $-1 $419 $954 #
vertex $-1 -1 $-1 $641 $955 #
straight-curve $-1 -1 $-1 130.5799633561084363 -227.0000000000001421 -311.0905320775323162 -2.564275277890662785 7.264000665583218653e-16 9.66563460405983399 F -0.6200009999999999133 F 3.620001000000000246 #
coedge $-1 -1 $-1 $956 $421 $629 $929 reversed $413 $-1 #
edge $-1 -1 $-1 $423 -2.799999999999999822 $957 -0.2000000000000001776 $643 $958 forward @7 unknown #
coedge $-1 -1 $-1 $422 $959 $960 $961 reversed $413 $-1 #
point $-1 -1 $-1 122.8871375224364613 -227.0000000000001421 -282.0936282653527769 #
point $-1 -1 $-1 124.8202644432484334 -225.0000000000001421 -281.5807732097746907 #
DXID-attrib $-1 -1 $-1 $-1 $427 @10 ASM ENTITY @1 5 #
face $962 -1 $-1 $963 $964 $34 $-1 $965 forward single #
loop $-1 -1 $-1 $-1 $966 $427 #
plane-surface $-1 -1 $-1 -10 -250 -45.00000000000001421 -1 -0 -0 0 10 0 forward_v I I I I #
coedge $-1 -1 $-1 $967 $440 $442 $669 forward $428 $-1 #
ATTRIB_CUSTOM-attrib $-1 -1 $-1 $-1 $430 @17 sketch_attrib_def 1 1 3 @13 269 0 1 0 1 1 #
coedge $-1 -1 $-1 $442 $430 $433 $660 forward $275 $-1 #
coedge $-1 -1 $-1 $433 $432 $967 $968 reversed $175 $-1 #
edge $-1 -1 $-1 $661 0 $969 3 $658 $970 forward @7 unknown #
vertex $-1 -1 $-1 $435 $971 #
straight-curve $-1 -1 $-1 10 -55 -45.00000000000001421 0 10 0 I I #
coedge $-1 -1 $-1 $440 $967 $436 $664 forward $428 $-1 #
edge $-1 -1 $-1 $665 -2 $445 -0 $436 $972 forward @7 unknown #
vertex $-1 -1 $-1 $664 $973 #
straight-curve $-1 -1 $-1 10 -70 -45.00000000000001421 0 0 -10 I I #
point $-1 -1 $-1 10 -70 -45.00000000000001421 #
straight-curve $-1 -1 $-1 -10 -50 -75.00000000000001421 0 10 0 I I #
edge $-1 -1 $-1 $443 -2 $969 -0 $442 $974 forward @7 unknown #
point $-1 -1 $-1 -10 -50 -75.00000000000001421 #
point $-1 -1 $-1 -10 -70 -75.00000000000001421 #
straight-curve $-1 -1 $-1 -5 -50 -45.00000000000001421 -10 0 0 I I #
coedge $-1 -1 $-1 $975 $976 $977 $978 reversed $448 $-1 #
DXID-attrib $-1 -1 $-1 $-1 $449 @10 ASM ENTITY @2 40 #
face $979 -1 $-1 $980 $981 $34 $-1 $982 forward single #
plane-surface $-1 -1 $-1 0 -60 -45.00000000000001421 0 0 1 10 0 0 forward_v I I I I #
DXID-attrib $-1 -1 $-1 $-1 $453 @10 ASM ENTITY @1 5 #
face $983 -1 $-1 $984 $985 $36 $-1 $986 forward single #
loop $-1 -1 $-1 $987 $988 $453 #
plane-surface $-1 -1 $-1 -4.249154173236015576e-15 -75 -97.32569070384593601 2.832769448823915359e-16 1 -2.366582715663031913e-30 6.212279628615471331e-29 2.366582715663033174e-29 10.00000000000001243 forward_v I I I I #
loop $-1 -1 $-1 $-1 $684 $293 #
coedge $-1 -1 $-1 $682 $682 $989 $990 reversed $454 $-1 #
coedge $-1 -1 $-1 $683 $683 $991 $992 forward $456 $-1 #
coedge $-1 -1 $-1 $684 $684 $457 $685 reversed $681 $-1 #
edge $-1 -1 $-1 $993 -3.141592653589793116 $993 3.141592653589793116 $684 $994 forward @7 unknown #
coedge $-1 -1 $-1 $459 $458 $995 $996 reversed $185 $-1 #
coedge $-1 -1 $-1 $997 $998 $458 $688 forward $999 $-1 #
edge $-1 -1 $-1 $1000 1.570796326794896558 $694 4.712388980384689674 $687 $1001 forward @7 unknown #
coedge $-1 -1 $-1 $1002 $1003 $459 $690 forward $1004 $-1 #
edge $-1 -1 $-1 $695 -3.000000022351741791 $1005 -0 $689 $1006 forward @7 unknown #
coedge $-1 -1 $-1 $1007 $460 $1003 $1008 forward $693 $-1 #
coedge $-1 -1 $-1 $460 $1009 $997 $1010 reversed $693 $-1 #
loop $-1 -1 $-1 $1011 $1012 $1013 #
vertex $-1 -1 $-1 $461 $1014 #
vertex $-1 -1 $-1 $461 $1015 #
straight-curve $-1 -1 $-1 -15.00000000000002132 -64.99999999999998579 -134.651381351812546 6.212279628615471331e-29 2.366582715663033174e-29 10.00000000000001243 I I #
face $1016 -1 $-1 $1017 $1018 $36 $-1 $1019 forward single #
point $-1 -1 $-1 1.500501819273386229e-15 -55.99999999999997868 -137.6513814076919004 #
point $-1 -1 $-1 -7.657137397857114464e-16 -63.99999999999999289 -131.6513814076919004 #
DXID-attrib $-1 -1 $-1 $-1 $469 @10 ASM ENTITY @1 5 #
face $1020 -1 $-1 $1021 $1022 $38 $-1 $1023 forward single #
loop $-1 -1 $-1 $1024 $1025 $469 #
plane-surface $-1 -1 $-1 -40.05223413075773919 -70.00000014901161194 -179.9736259236151739 -0.8485000167580697417 2.384943802758272432e-16 0.5291953529289118441 2.810776376729617128e-15 10.00000000000001066 -1.551834409292683281e-29 forward_v I I I I #
loop $-1 -1 $-1 $-1 $707 $305 #
coedge $-1 -1 $-1 $479 $479 $1026 $1027 forward $470 $-1 #
coedge $-1 -1 $-1 $706 $706 $1028 $1029 forward $472 $-1 #
coedge $-1 -1 $-1 $707 $707 $473 $708 reversed $704 $-1 #
edge $-1 -1 $-1 $1030 -3.141592653589793116 $1030 3.141592653589793116 $707 $1031 forward @7 unknown #
coedge $-1 -1 $-1 $476 $475 $1032 $1033 forward $194 $-1 #
coedge $-1 -1 $-1 $1034 $1035 $475 $711 reversed $1036 $-1 #
edge $-1 -1 $-1 $717 0 $1037 3 $710 $1038 forward @7 unknown #
coedge $-1 -1 $-1 $1039 $1025 $476 $713 forward $702 $-1 #
edge $-1 -1 $-1 $718 0 $1040 3 $476 $1041 forward @7 unknown #
coedge $-1 -1 $-1 $1042 $477 $1025 $1043 forward $716 $-1 #
coedge $-1 -1 $-1 $477 $1042 $1034 $1044 forward $716 $-1 #
loop $-1 -1 $-1 $-1 $714 $1045 #
vertex $-1 -1 $-1 $478 $1046 #
vertex $-1 -1 $-1 $478 $1047 #
straight-curve $-1 -1 $-1 -36.83684421513216023 -70 -217.3355219461140848 -8.485000167580707853 2.384943802758274799e-15 5.291953529289123104 I I #
ellipse-curve $-1 -1 $-1 -36.67449818785760129 -59.99999999999999289 -193.4544531934926681 0.5999801156865302021 -0.7071067811865475727 -0.3741976226284419171 -2.545500050274211556 -3.000000000000001776 1.587586058786736309 0.7071067811865474617 I I #
coedge $-1 -1 $-1 $1026 $1026 $481 $722 reversed $1048 $-1 #
edge $-1 -1 $-1 $484 1.570796326794896558 $483 4.712388980384689674 $481 $1049 forward @7 unknown #
loop $-1 -1 $-1 $-1 $1050 $724 #
face $1051 -1 $-1 $1052 $482 $38 $-1 $471 reversed single #
point $-1 -1 $-1 -38.26208424664433494 -59.99999999999998579 -195.9999532437668961 #
point $-1 -1 $-1 -35.08691212907086765 -59.99999999999999289 -190.9089531432184685 #
point $-1 -1 $-1 -38.79127959957325089 -70.00000014901161194 -196.8484532605249626 #
DXID-attrib $-1 -1 $-1 $-1 $490 @10 ASM ENTITY @1 5 #
face $1053 -1 $-1 $1054 $1055 $40 $-1 $1056 forward single #
loop $-1 -1 $-1 $1057 $1058 $490 #
plane-surface $-1 -1 $-1 -4.24915417323552096e-15 -254.9999999999999716 -97.32569070384596444 2.83276944882392522e-16 1 -1.577721810442134664e-30 -1.594897878183755986e-28 1.57772181044214132e-29 10.00000000000001243 forward_v I I I I #
loop $-1 -1 $-1 $-1 $735 $318 #
coedge $-1 -1 $-1 $733 $733 $1059 $1060 reversed $491 $-1 #
coedge $-1 -1 $-1 $734 $734 $1061 $1062 forward $493 $-1 #
coedge $-1 -1 $-1 $735 $735 $494 $736 reversed $732 $-1 #
edge $-1 -1 $-1 $1063 -3.141592653589793116 $1063 3.141592653589793116 $735 $1064 forward @7 unknown #
coedge $-1 -1 $-1 $496 $495 $1065 $1066 reversed $203 $-1 #
coedge $-1 -1 $-1 $1067 $1068 $495 $739 forward $1069 $-1 #
edge $-1 -1 $-1 $1070 1.570796326794896558 $745 4.712388980384689674 $738 $1071 forward @7 unknown #
coedge $-1 -1 $-1 $1072 $1073 $496 $741 forward $1074 $-1 #
edge $-1 -1 $-1 $746 -3.000000022351741791 $1075 -0 $740 $1076 forward @7 unknown #
coedge $-1 -1 $-1 $1077 $497 $1073 $1078 forward $744 $-1 #
coedge $-1 -1 $-1 $497 $1079 $1067 $1080 reversed $744 $-1 #
loop $-1 -1 $-1 $1081 $1082 $1083 #
vertex $-1 -1 $-1 $498 $1084 #
vertex $-1 -1 $-1 $498 $1085 #
straight-curve $-1 -1 $-1 -15.00000000000002132 -244.9999999999999432 -134.6513813518125744 -1.594897878183755986e-28 1.57772181044214132e-29 10.00000000000001243 I I #
face $1086 -1 $-1 $1087 $1088 $40 $-1 $1089 forward single #
point $-1 -1 $-1 1.500501819274792571e-15 -235.9999999999999432 -137.6513814076919289 #
point $-1 -1 $-1 -7.657137397844462121e-16 -243.9999999999999432 -131.6513814076919289 #
DXID-attrib $-1 -1 $-1 $-1 $506 @10 ASM ENTITY @1 5 #
face $1090 -1 $-1 $1091 $1092 $42 $-1 $1093 forward single #
loop $-1 -1 $-1 $1094 $1095 $506 #
plane-surface $-1 -1 $-1 43.02269670974435201 -250.0000001490116119 -177.1641427229430974 -0.5756021301204911067 1.630548128883287399e-16 -0.8177298990502630538 2.832769448823927685e-15 10.00000000000001066 -1.618242741091560404e-29 forward_v I I I I #
loop $-1 -1 $-1 $-1 $758 $330 #
coedge $-1 -1 $-1 $515 $515 $1096 $1097 forward $507 $-1 #
coedge $-1 -1 $-1 $757 $757 $1098 $1099 forward $509 $-1 #
coedge $-1 -1 $-1 $758 $758 $510 $759 reversed $755 $-1 #
edge $-1 -1 $-1 $1100 -3.141592653589793116 $1100 3.141592653589793116 $758 $1101 forward @7 unknown #
coedge $-1 -1 $-1 $512 $511 $1102 $1103 forward $212 $-1 #
coedge $-1 -1 $-1 $1104 $1105 $511 $762 reversed $1106 $-1 #
edge $-1 -1 $-1 $768 0 $1107 3 $761 $1108 forward @7 unknown #
coedge $-1 -1 $-1 $1109 $1095 $512 $764 forward $753 $-1 #
edge $-1 -1 $-1 $769 0 $1110 3 $512 $1111 forward @7 unknown #
coedge $-1 -1 $-1 $1112 $513 $1095 $1113 forward $767 $-1 #
coedge $-1 -1 $-1 $513 $1112 $1104 $1114 forward $767 $-1 #
loop $-1 -1 $-1 $-1 $765 $1115 #
vertex $-1 -1 $-1 $514 $1116 #
vertex $-1 -1 $-1 $514 $1117 #
straight-curve $-1 -1 $-1 80.50564169473473441 -250 -176.0332837760756775 -5.75602130120491573 1.630548128883288878e-15 -8.177298990502640308 I I #
ellipse-curve $-1 -1 $-1 56.67062935245476041 -240 -174.5419797683820775 0.4070121694736206219 -0.7071067811865474617 0.5782223567974320577 -1.726806390361474985 -3.000000000000001776 -2.453189697150790494 0.7071067811865474617 I I #
coedge $-1 -1 $-1 $1096 $1096 $517 $773 reversed $1118 $-1 #
edge $-1 -1 $-1 $520 1.570796326794896558 $519 4.712388980384689674 $517 $1119 forward @7 unknown #
loop $-1 -1 $-1 $-1 $1120 $775 #
face $1121 -1 $-1 $1122 $518 $42 $-1 $508 reversed single #
point $-1 -1 $-1 59.12381904960555801 -240 -176.2687861587435521 #
point $-1 -1 $-1 54.21743965530397702 -240 -172.815173378020603 #
point $-1 -1 $-1 59.9415489486558215 -250.0000001490116119 -176.844388288864053 #
DXID-attrib $-1 -1 $-1 $-1 $526 @10 ASM ENTITY @1 5 #
face $1123 -1 $-1 $1124 $1125 $44 $-1 $1126 forward single #
loop $-1 -1 $-1 $1127 $1128 $526 #
plane-surface $-1 -1 $-1 -59.25774619601109805 -75.00000000000004263 -229.6639289708507761 2.810776376729616536e-16 1 -8.937897300164784982e-31 5.291953529289123992 -1.487449796687671448e-15 8.485000167580706076 forward_v I I I I #
loop $-1 -1 $-1 $-1 $786 $343 #
coedge $-1 -1 $-1 $784 $784 $1129 $1130 reversed $527 $-1 #
coedge $-1 -1 $-1 $785 $785 $1131 $1132 forward $529 $-1 #
coedge $-1 -1 $-1 $786 $786 $530 $787 reversed $783 $-1 #
edge $-1 -1 $-1 $1133 -3.141592653589793116 $1133 3.141592653589793116 $786 $1134 forward @7 unknown #
coedge $-1 -1 $-1 $532 $531 $1135 $1136 reversed $221 $-1 #
coedge $-1 -1 $-1 $1137 $1138 $531 $790 forward $1139 $-1 #
edge $-1 -1 $-1 $1140 1.570796326794896558 $796 4.712388980384689674 $789 $1141 forward @7 unknown #
coedge $-1 -1 $-1 $1142 $1143 $532 $792 forward $1144 $-1 #
edge $-1 -1 $-1 $797 -3.000000022351741791 $1145 -0 $791 $1146 forward @7 unknown #
coedge $-1 -1 $-1 $1147 $533 $1143 $1148 forward $795 $-1 #
coedge $-1 -1 $-1 $533 $1149 $1137 $1150 reversed $795 $-1 #
loop $-1 -1 $-1 $1151 $1152 $1153 #
vertex $-1 -1 $-1 $534 $1154 #
vertex $-1 -1 $-1 $534 $1155 #
straight-curve $-1 -1 $-1 -91.73782848314823468 -65.00000000000001421 -253.3968478172232892 5.291953529289123992 -1.487449796687671448e-15 8.485000167580706076 I I #
face $1156 -1 $-1 $1157 $1158 $44 $-1 $1159 forward single #
point $-1 -1 $-1 -80.59791432013500412 -56.00000000000000711 -263.8802782088447998 #
point $-1 -1 $-1 -77.42274220256152262 -64.00000000000001421 -258.7892781082964007 #
DXID-attrib $-1 -1 $-1 $-1 $542 @10 ASM ENTITY @1 5 #
face $1160 -1 $-1 $1161 $1162 $46 $-1 $1163 forward single #
loop $-1 -1 $-1 $1164 $1165 $542 #
plane-surface $-1 -1 $-1 -136.3577027548681997 -70.00000014901164036 -280.5588762005110652 -0.470224893159554902 1.658727809094312331e-17 0.8825466275801440164 8.104698438784301665e-16 10.00000000000001243 2.438741570261107415e-16 forward_v I I I I #
loop $-1 -1 $-1 $-1 $809 $355 #
coedge $-1 -1 $-1 $551 $551 $1166 $1167 forward $543 $-1 #
coedge $-1 -1 $-1 $808 $808 $1168 $1169 forward $545 $-1 #
coedge $-1 -1 $-1 $809 $809 $546 $810 reversed $806 $-1 #
edge $-1 -1 $-1 $1170 -3.141592653589793116 $1170 3.141592653589793116 $809 $1171 forward @7 unknown #
coedge $-1 -1 $-1 $548 $547 $1172 $1173 forward $230 $-1 #
coedge $-1 -1 $-1 $1174 $1175 $547 $813 reversed $1176 $-1 #
edge $-1 -1 $-1 $819 0 $1177 3 $812 $1178 forward @7 unknown #
coedge $-1 -1 $-1 $1179 $1165 $548 $815 forward $804 $-1 #
edge $-1 -1 $-1 $820 0 $1180 3 $548 $1181 forward @7 unknown #
coedge $-1 -1 $-1 $1182 $549 $1165 $1183 forward $818 $-1 #
coedge $-1 -1 $-1 $549 $1182 $1174 $1184 forward $818 $-1 #
loop $-1 -1 $-1 $-1 $816 $1185 #
vertex $-1 -1 $-1 $550 $1186 #
vertex $-1 -1 $-1 $550 $1187 #
straight-curve $-1 -1 $-1 -152.25404141611358 -70.00000000000001421 -314.5229222473607251 -4.702248931595556236 1.658727809094315289e-16 8.825466275801449711 I I #
ellipse-curve $-1 -1 $-1 -140.172911255979642 -60.00000000000000711 -293.9224830517050577 0.3324992106358410915 -0.7071067811865473507 -0.624054705075238525 -1.410674679478665983 -3.000000000000003109 2.647639882740433936 0.7071067811865474617 I I #
coedge $-1 -1 $-1 $1166 $1166 $553 $824 reversed $1188 $-1 #
edge $-1 -1 $-1 $556 1.570796326794896558 $555 4.712388980384689674 $553 $1189 forward @7 unknown #
loop $-1 -1 $-1 $-1 $1190 $826 #
face $1191 -1 $-1 $1192 $554 $46 $-1 $544 reversed single #
point $-1 -1 $-1 -142.8205511387200772 -60.00000000000000711 -295.3331577311837464 #
point $-1 -1 $-1 -137.5252713732392067 -60.00000000000000711 -292.5118083722264259 #
point $-1 -1 $-1 -143.7030977663002318 -70.00000014901162615 -295.8033826243433282 #
DXID-attrib $-1 -1 $-1 $-1 $562 @10 ASM ENTITY @1 5 #
face $1193 -1 $-1 $1194 $1195 $48 $-1 $1196 forward single #
loop $-1 -1 $-1 $1197 $1198 $562 #
plane-surface $-1 -1 $-1 91.56699987371169414 -254.9999999999999716 -199.105622639748816 2.832769448823923741e-16 1 -1.599183306096557866e-30 -8.177298990502640308 2.316440275419468679e-15 5.75602130120491573 forward_v I I I I #
loop $-1 -1 $-1 $-1 $837 $368 #
coedge $-1 -1 $-1 $835 $835 $1199 $1200 reversed $563 $-1 #
coedge $-1 -1 $-1 $836 $836 $1201 $1202 forward $565 $-1 #
coedge $-1 -1 $-1 $837 $837 $566 $838 reversed $834 $-1 #
edge $-1 -1 $-1 $1203 -3.141592653589793116 $1203 3.141592653589793116 $837 $1204 forward @7 unknown #
coedge $-1 -1 $-1 $568 $567 $1205 $1206 reversed $239 $-1 #
coedge $-1 -1 $-1 $1207 $1208 $567 $841 forward $1209 $-1 #
edge $-1 -1 $-1 $1210 1.570796326794896558 $847 4.712388980384689674 $840 $1211 forward @7 unknown #
coedge $-1 -1 $-1 $1212 $1213 $568 $843 forward $1214 $-1 #
edge $-1 -1 $-1 $848 -3.000000022351741791 $1215 -0 $842 $1216 forward @7 unknown #
coedge $-1 -1 $-1 $1217 $569 $1213 $1218 forward $846 $-1 #
coedge $-1 -1 $-1 $569 $1219 $1207 $1220 reversed $846 $-1 #
loop $-1 -1 $-1 $1221 $1222 $1223 #
vertex $-1 -1 $-1 $570 $1224 #
vertex $-1 -1 $-1 $570 $1225 #
straight-curve $-1 -1 $-1 113.4553011674474021 -244.9999999999999716 -232.8563181706908551 -8.177298990502640308 2.316440275419468679e-15 5.75602130120491573 I I #
face $1226 -1 $-1 $1227 $1228 $48 $-1 $1229 forward single #
point $-1 -1 $-1 124.5425228620997871 -235.9999999999999716 -222.3171761074626431 #
point $-1 -1 $-1 119.6361434677982061 -243.9999999999999716 -218.863563326739694 #
DXID-attrib $-1 -1 $-1 $-1 $578 @10 ASM ENTITY @1 5 #
face $1230 -1 $-1 $1231 $1232 $50 $-1 $1233 forward single #
loop $-1 -1 $-1 $1234 $1235 $578 #
plane-surface $-1 -1 $-1 127.7199546804370698 -250.0000001490114983 -280.8114906646183044 -0.9665634604059827328 2.738051440987590968e-16 -0.2564275277890659677 2.832769448823921768e-15 10.00000000000001066 -1.649216336426408761e-29 forward_v I I I I #
loop $-1 -1 $-1 $-1 $860 $380 #
coedge $-1 -1 $-1 $587 $587 $1236 $1237 forward $579 $-1 #
coedge $-1 -1 $-1 $859 $859 $1238 $1239 forward $581 $-1 #
coedge $-1 -1 $-1 $860 $860 $582 $861 reversed $857 $-1 #
edge $-1 -1 $-1 $1240 -3.141592653589793116 $1240 3.141592653589793116 $860 $1241 forward @7 unknown #
coedge $-1 -1 $-1 $584 $583 $1242 $1243 forward $248 $-1 #
coedge $-1 -1 $-1 $1244 $1245 $583 $864 reversed $1246 $-1 #
edge $-1 -1 $-1 $870 0 $1247 3 $863 $1248 forward @7 unknown #
coedge $-1 -1 $-1 $1249 $1235 $584 $866 forward $855 $-1 #
edge $-1 -1 $-1 $871 0 $1250 3 $584 $1251 forward @7 unknown #
coedge $-1 -1 $-1 $1252 $585 $1235 $1253 forward $869 $-1 #
coedge $-1 -1 $-1 $585 $1252 $1244 $1254 forward $869 $-1 #
loop $-1 -1 $-1 $-1 $867 $1255 #
vertex $-1 -1 $-1 $586 $1256 #
vertex $-1 -1 $-1 $586 $1257 #
straight-curve $-1 -1 $-1 157.1604585172728719 -249.9999999999999147 -304.0387750633331052 -9.665634604059837542 2.738051440987594025e-15 -2.564275277890663673 I I #
ellipse-curve $-1 -1 $-1 139.8603714992183598 -239.9999999999998863 -287.5755193048950673 0.6834635773002053494 -0.7071067811865475727 0.1813216437825504457 -2.899690381217950641 -3.000000000000001776 -0.7692825833671983471 0.7071067811865474617 I I #
coedge $-1 -1 $-1 $1236 $1236 $589 $875 reversed $1258 $-1 #
edge $-1 -1 $-1 $592 1.570796326794896558 $591 4.712388980384689674 $589 $1259 forward @7 unknown #
loop $-1 -1 $-1 $-1 $1260 $877 #
face $1261 -1 $-1 $1262 $590 $50 $-1 $580 reversed single #
point $-1 -1 $-1 140.6296540825855743 -239.9999999999998863 -290.4752096861130326 #
point $-1 -1 $-1 139.0910889158511736 -239.9999999999998863 -284.6758289236771589 #
point $-1 -1 $-1 140.8860816103746174 -250.0000001490115267 -291.44177314651904 #
DXID-attrib $-1 -1 $-1 $-1 $598 @10 ASM ENTITY @1 5 #
face $1263 -1 $-1 $1264 $1265 $52 $-1 $1266 forward single #
loop $-1 -1 $-1 $-1 $1267 $598 #
cone-surface $-1 -1 $-1 -152.0189289695335333 -72.99999999999994316 -314.9641955611505182 0.8825466275801437943 -8.299531269023102025e-17 0.4702248931595550685 0.6649984212716812948 -1.414213562373096478 -1.248109410150474607 1 I I 0 1 1.999999999999999556 forward I I I I #
coedge $-1 -1 $-1 $1268 $1269 $887 $1270 reversed $599 $-1 #
coedge $-1 -1 $-1 $1271 $601 $912 $1272 forward $394 $-1 #
coedge $-1 -1 $-1 $601 $1271 $885 $1270 forward $394 $-1 #
edge $-1 -1 $-1 $1273 -0.7853981633974460586 $917 0.7853981633974506105 $620 $1274 forward @7 unknown #
coedge $-1 -1 $-1 $603 $602 $1275 $1276 forward $257 $-1 #
coedge $-1 -1 $-1 $1277 $1278 $602 $891 reversed $1279 $-1 #
edge $-1 -1 $-1 $898 0 $1280 2 $890 $1281 forward @7 unknown #
coedge $-1 -1 $-1 $1282 $1283 $603 $893 reversed $1284 $-1 #
edge $-1 -1 $-1 $1285 0 $897 2 $892 $1286 forward @7 unknown #
coedge $-1 -1 $-1 $1287 $604 $1283 $1288 reversed $896 $-1 #
coedge $-1 -1 $-1 $604 $1287 $1277 $1289 forward $896 $-1 #
loop $-1 -1 $-1 $-1 $1287 $1290 #
vertex $-1 -1 $-1 $605 $1291 #
vertex $-1 -1 $-1 $605 $1292 #
straight-curve $-1 -1 $-1 -126.9532048216078692 -49.99999999999995026 -298.2098088836234524 -8.104698438784435771e-16 -9.999999999999998224 -2.438741570261203557e-16 I I #
coedge $-1 -1 $-1 $920 $1293 $606 $901 forward $1265 $-1 #
edge $-1 -1 $-1 $906 0 $902 3 $606 $1294 forward @7 tangent #
vertex $-1 -1 $-1 $607 $1295 #
straight-curve $-1 -1 $-1 -138.7088271505967612 -44.99999999999995026 -276.1461431941198725 -4.702248931595550019 1.658727809094294828e-16 8.825466275801435501 I I #
coedge $-1 -1 $-1 $1296 $609 $1293 $1297 reversed $905 $-1 #
loop $-1 -1 $-1 $-1 $1298 $1299 #
vertex $-1 -1 $-1 $901 $1300 #
straight-curve $-1 -1 $-1 -151.190746629044952 -44.99999999999995026 -316.5185784580415884 4.702248931595550019 -1.658727809094294828e-16 -8.825466275801435501 I I #
point $-1 -1 $-1 -164.2447761916819502 -44.99999999999995026 -292.0179832440668406 #
coedge $-1 -1 $-1 $613 $1301 $615 $913 forward $905 $-1 #
ellipse-curve $-1 -1 $-1 -164.2447761916819502 -46.99999999999995026 -292.0179832440668406 -0.8825466275801437943 8.299531269023102025e-17 -0.4702248931595550685 -0.6649984212716836263 1.414213562373091815 1.248109410150479048 1 I I #
ATTRIB_CUSTOM-attrib $-1 -1 $-1 $-1 $615 @17 sketch_attrib_def 1 1 3 @13 140 0 1 0 1 1 #
coedge $-1 -1 $-1 $616 $615 $886 $1272 reversed $617 $-1 #
edge $-1 -1 $-1 $1302 -2.049999999999999822 $618 0.5499999999999998224 $909 $1303 forward @7 unknown #
face $1304 -1 $-1 $1305 $617 $52 $-1 $1306 forward single #
point $-1 -1 $-1 -165.185225978001057 -46.99999999999995026 -290.2528899889065315 #
coedge $-1 -1 $-1 $1307 $620 $1269 $1308 forward $396 $-1 #
vertex $-1 -1 $-1 $621 $1309 #
straight-curve $-1 -1 $-1 -138.7088271505967612 -74.99999999999994316 -276.1461431941198725 -8.104698438784435771e-16 -9.999999999999998224 -2.438741570261203557e-16 I I #
coedge $-1 -1 $-1 $622 $1307 $1310 $1311 forward $396 $-1 #
coedge $-1 -1 $-1 $1312 $900 $622 $921 forward $1265 $-1 #
edge $-1 -1 $-1 $902 -0.785398163397448279 $1313 0.785398163397448279 $622 $1314 forward @7 unknown #
DXID-attrib $-1 -1 $-1 $-1 $626 @10 ASM ENTITY @1 5 #
face $1315 -1 $-1 $1316 $1317 $54 $-1 $1318 forward single #
loop $-1 -1 $-1 $-1 $1319 $626 #
cone-surface $-1 -1 $-1 157.6437402474759892 -253.0000000000001705 -303.9105612994384842 -0.2564275277890660787 7.264000665583214955e-17 0.9665634604059828439 1.366927154600409811 -1.41421356237309781 0.3626432875651007248 1 I I 0 1 2.000000000000000888 forward I I I I #
coedge $-1 -1 $-1 $1320 $1321 $928 $1322 reversed $627 $-1 #
coedge $-1 -1 $-1 $1323 $629 $952 $1324 forward $411 $-1 #
coedge $-1 -1 $-1 $629 $1323 $926 $1322 forward $411 $-1 #
edge $-1 -1 $-1 $1325 -0.7853981633974460586 $957 0.7853981633974506105 $647 $1326 forward @7 unknown #
coedge $-1 -1 $-1 $631 $630 $1327 $1328 forward $266 $-1 #
coedge $-1 -1 $-1 $1329 $1330 $630 $932 reversed $1331 $-1 #
edge $-1 -1 $-1 $939 0 $1332 2 $931 $1333 forward @7 unknown #
coedge $-1 -1 $-1 $1334 $1335 $631 $934 reversed $1336 $-1 #
edge $-1 -1 $-1 $1337 0 $938 2 $933 $1338 forward @7 unknown #
coedge $-1 -1 $-1 $1339 $632 $1335 $1340 reversed $937 $-1 #
coedge $-1 -1 $-1 $632 $1339 $1329 $1341 forward $937 $-1 #
loop $-1 -1 $-1 $-1 $1339 $1342 #
vertex $-1 -1 $-1 $633 $1343 #
vertex $-1 -1 $-1 $633 $1344 #
straight-curve $-1 -1 $-1 147.0512240325860489 -230.0000000000001705 -275.6829400706261595 -2.83276944882392098e-15 -10.00000000000000533 8.8331535902569965e-30 I I #
coedge $-1 -1 $-1 $960 $1345 $634 $942 forward $1317 $-1 #
edge $-1 -1 $-1 $947 0 $943 3 $634 $1346 forward @7 tangent #
vertex $-1 -1 $-1 $635 $1347 #
straight-curve $-1 -1 $-1 122.8871375224364613 -225.0000000000001421 -282.0936282653527769 -9.66563460405983399 2.738051440987595208e-15 -2.564275277890662785 I I #
coedge $-1 -1 $-1 $1348 $636 $1345 $1349 reversed $946 $-1 #
loop $-1 -1 $-1 $-1 $1350 $1351 #
vertex $-1 -1 $-1 $942 $1352 #
straight-curve $-1 -1 $-1 159.3460975673768303 -225.0000000000001705 -303.4589289991935743 9.66563460405983399 -2.738051440987595208e-15 2.564275277890662785 I I #
point $-1 -1 $-1 132.5130902769204226 -225.0000000000001421 -310.5776770219541731 #
coedge $-1 -1 $-1 $640 $1353 $642 $953 forward $946 $-1 #
ellipse-curve $-1 -1 $-1 132.5130902769204226 -227.0000000000001421 -310.5776770219541731 0.2564275277890660787 -7.264000665583214955e-17 -0.9665634604059828439 -1.366927154600414696 1.414213562373092925 -0.3626432875651020016 1 I I #
coedge $-1 -1 $-1 $643 $642 $927 $1324 reversed $644 $-1 #
edge $-1 -1 $-1 $1354 -2.049999999999999822 $645 0.5499999999999998224 $950 $1355 forward @7 unknown #
face $1356 -1 $-1 $1357 $644 $54 $-1 $1358 forward single #
point $-1 -1 $-1 130.5799633561084363 -227.0000000000001421 -311.0905320775323162 #
coedge $-1 -1 $-1 $1359 $647 $1321 $1360 forward $413 $-1 #
vertex $-1 -1 $-1 $648 $1361 #
straight-curve $-1 -1 $-1 122.8871375224364613 -255.0000000000001705 -282.0936282653527769 -2.83276944882392098e-15 -10.00000000000000533 8.8331535902569965e-30 I I #
coedge $-1 -1 $-1 $649 $1359 $1362 $1363 forward $413 $-1 #
coedge $-1 -1 $-1 $1364 $941 $649 $961 forward $1317 $-1 #
edge $-1 -1 $-1 $943 -0.785398163397448279 $1365 0.785398163397448279 $649 $1366 forward @7 unknown #
DXID-attrib $-1 -1 $-1 $-1 $653 @10 ASM ENTITY @1 6 #
face $1367 -1 $-1 $1368 $1369 $34 $-1 $1370 forward single #
loop $-1 -1 $-1 $-1 $1371 $653 #
plane-surface $-1 -1 $-1 10 -250 -45.00000000000001421 0 -1 0 -10 -0 -0 forward_v I I I I #
coedge $1372 -1 $-1 $1373 $1374 $1375 $1376 reversed $654 $-1 #
coedge $-1 -1 $-1 $663 $656 $659 $968 forward $428 $-1 #
edge $-1 -1 $-1 $969 -2 $665 -0 $659 $1377 forward @7 unknown #
vertex $-1 -1 $-1 $968 $1378 #
straight-curve $-1 -1 $-1 10 -50 -45.00000000000001421 0 0 -10 I I #
point $-1 -1 $-1 10 -50 -45.00000000000001421 #
straight-curve $-1 -1 $-1 -10 -70 -75.00000000000001421 -10 -0 -0 I I #
point $-1 -1 $-1 10 -70 -75.00000000000001421 #
straight-curve $-1 -1 $-1 10 -50 -75.00000000000001421 10 0 0 I I #
coedge $-1 -1 $-1 $1379 $673 $1380 $1381 reversed $448 $-1 #
coedge $-1 -1 $-1 $673 $1379 $1382 $1383 reversed $448 $-1 #
coedge $-1 -1 $-1 $1384 $1385 $673 $978 forward $1386 $-1 #
edge $-1 -1 $-1 $1387 -3 $1388 -0 $977 $1389 forward @7 unknown #
DXID-attrib $-1 -1 $-1 $-1 $675 @10 ASM ENTITY @2 41 #
face $1390 -1 $-1 $1391 $1392 $34 $-1 $1393 forward single #
loop $-1 -1 $-1 $-1 $1394 $675 #
cone-surface $-1 -1 $-1 0 0 349.9999999999998863 0 -1 0 39.99999999999995026 0 75.00000000000007105 1 I I 0 1 85.00000000000002842 forward I I I I #
DXID-attrib $-1 -1 $-1 $-1 $678 @10 ASM ENTITY @1 6 #
face $1395 -1 $-1 $1013 $1396 $36 $-1 $1397 reversed single #
loop $-1 -1 $-1 $1398 $1399 $678 #
cone-surface $-1 -1 $-1 -14.50000000000001776 -59.99999999999997868 -54.65138140769180097 -1 2.832769448823915359e-16 6.212279628615462362e-30 -9.914693070883728162e-16 -3.500000000000008438 8.283039504820630963e-30 1 I I -0.7071067811865473507 -0.7071067811865477948 3.500000000000008438 forward I I I I #
loop $-1 -1 $-1 $-1 $991 $453 #
coedge $-1 -1 $-1 $1400 $1401 $1402 $1403 forward $679 $-1 #
coedge $-1 -1 $-1 $989 $989 $682 $990 forward $1404 $-1 #
edge $-1 -1 $-1 $1405 -3.141592653589793116 $1405 3.141592653589793116 $989 $1406 forward @7 unknown #
coedge $-1 -1 $-1 $991 $991 $683 $992 reversed $987 $-1 #
edge $-1 -1 $-1 $1407 -3.141592653589793116 $1407 3.141592653589793116 $991 $1408 forward @7 unknown #
vertex $-1 -1 $-1 $685 $1409 #
ellipse-curve $-1 -1 $-1 -3.965877228353358736e-15 -74 -54.65138140769180097 2.832769448823915359e-16 1 -2.366582715663031913e-30 1.863683888584645715e-29 7.099748146989116058e-30 3.000000000000010658 1 I I #
coedge $-1 -1 $-1 $1410 $1411 $686 $996 forward $1412 $-1 #
edge $-1 -1 $-1 $1005 2.982569053620785837 $1000 4.482569075972527628 $995 $1413 forward @7 unknown #
coedge $-1 -1 $-1 $1414 $687 $692 $1010 forward $999 $-1 #
coedge $-1 -1 $-1 $687 $1414 $1410 $1415 forward $999 $-1 #
loop $-1 -1 $-1 $-1 $1414 $1416 #
vertex $-1 -1 $-1 $688 $1417 #
ellipse-curve $-1 -1 $-1 -1.416384724412328493e-15 -64.99999999999998579 -134.6513814076919004 2.832769448823915359e-16 1 -2.366582715663031913e-30 9.318419442923206436e-29 3.549874073494549761e-29 15.00000000000001776 1 I I #
coedge $-1 -1 $-1 $1402 $689 $1411 $1418 reversed $1004 $-1 #
coedge $-1 -1 $-1 $689 $1402 $691 $1008 reversed $1004 $-1 #
loop $-1 -1 $-1 $-1 $1402 $1419 #
vertex $-1 -1 $-1 $996 $1420 #
straight-curve $-1 -1 $-1 15.00000000000001599 -65 -119.6513811841744683 10.00000000000001243 -2.832769448823919007e-15 -6.21227962861547021e-29 I I #
coedge $-1 -1 $-1 $1421 $691 $1401 $1422 reversed $693 $-1 #
edge $-1 -1 $-1 $695 -0.25 $1423 0.75 $691 $1424 forward @7 unknown #
coedge $-1 -1 $-1 $692 $1012 $1425 $1426 forward $693 $-1 #
edge $-1 -1 $-1 $694 -0.5 $1427 0.5 $997 $1428 forward @7 tangent #
loop $-1 -1 $-1 $-1 $1429 $1013 #
coedge $-1 -1 $-1 $1009 $1430 $1431 $1432 forward $693 $-1 #
face $1433 -1 $-1 $1434 $693 $36 $-1 $1435 forward single #
point $-1 -1 $-1 -15.00000022351743922 -64.99999999999998579 -134.6513814076919004 #
point $-1 -1 $-1 -15.00000022351743922 -64.99999999999998579 -119.6513811841744683 #
DXID-attrib $-1 -1 $-1 $-1 $697 @10 ASM ENTITY @2 15 #
face $1436 -1 $-1 $1437 $1438 $36 $-1 $1439 forward single #
loop $-1 -1 $-1 $462 $1440 $697 #
cone-surface $-1 -1 $-1 1.274746251970394623e-15 -55.49999999999997868 -134.6513814076919004 -2.832769448823915359e-16 -1 2.366582715663031913e-30 2.17429787001541491e-29 8.28303950482061695e-30 3.500000000000004885 1 I I 0.7071067811865474617 -0.7071067811865474617 3.500000000000004885 forward I I I I #
DXID-attrib $-1 -1 $-1 $-1 $701 @10 ASM ENTITY @1 6 #
face $1441 -1 $-1 $1442 $1048 $38 $-1 $124 reversed single #
loop $-1 -1 $-1 $1443 $1444 $701 #
cone-surface $-1 -1 $-1 -36.67449818785760129 -50.49999985098836675 -193.4544531934926681 2.810776376729614071e-16 1 -1.551834409292681599e-30 1.852183735251191621 -5.206074288406821865e-16 2.969750058653244373 1 I I -0.7071067811865464625 -0.707106781186548794 3.5 forward I I I I #
loop $-1 -1 $-1 $-1 $1028 $469 #
coedge $1445 -1 $-1 $712 $1446 $714 $1043 reversed $702 $-1 #
coedge $-1 -1 $-1 $721 $721 $705 $1027 reversed $1048 $-1 #
edge $-1 -1 $-1 $483 -1.570796326794896558 $484 1.570796326794896558 $705 $1447 forward @7 unknown #
coedge $-1 -1 $-1 $1028 $1028 $706 $1029 reversed $1024 $-1 #
edge $-1 -1 $-1 $1448 -3.141592653589793116 $1448 3.141592653589793116 $1028 $1449 forward @7 unknown #
vertex $-1 -1 $-1 $708 $1450 #
ellipse-curve $-1 -1 $-1 -44.31099846511659024 -59.99999999999998579 -188.6916949382762141 0.8485000167580697417 -2.384943802758272432e-16 -0.5291953529289118441 -8.432329130188850594e-16 -3.000000000000003109 4.655503227878049702e-30 1 I I #
coedge $-1 -1 $-1 $1451 $1452 $709 $1033 reversed $1453 $-1 #
edge $-1 -1 $-1 $1037 0 $1040 2 $709 $1454 forward @7 unknown #
coedge $1455 -1 $-1 $1456 $710 $715 $1044 reversed $1036 $-1 #
coedge $-1 -1 $-1 $710 $1456 $1451 $1457 forward $1036 $-1 #
loop $-1 -1 $-1 $1458 $1034 $1052 #
vertex $-1 -1 $-1 $711 $1459 #
straight-curve $-1 -1 $-1 -38.95809425702734075 -70 -216.0125335637918056 5.291953529289123992 -1.487449796687664742e-15 8.485000167580706076 I I #
coedge $-1 -1 $-1 $1446 $712 $1452 $1460 forward $702 $-1 #
vertex $-1 -1 $-1 $1033 $1461 #
straight-curve $-1 -1 $-1 -55.92809459218875645 -70 -205.4286265052135434 5.291953529289123992 -1.487449796687664742e-15 8.485000167580706076 I I #
coedge $-1 -1 $-1 $715 $714 $1462 $1463 forward $716 $-1 #
edge $-1 -1 $-1 $718 -0.5 $1464 1.5 $714 $1465 forward @7 unknown #
edge $-1 -1 $-1 $1466 -0.5 $717 1.5 $715 $1467 forward @7 unknown #
face $1468 -1 $-1 $-1 $716 $38 $-1 $1469 forward single #
point $-1 -1 $-1 -38.95809425702734075 -70 -216.0125335637918056 #
point $-1 -1 $-1 -55.92809459218875645 -70 -205.4286265052135434 #
loop $-1 -1 $-1 $1470 $721 $1021 #
ellipse-curve $-1 -1 $-1 -36.67449818785760129 -59.99999999999999289 -193.4544531934926681 -0.5999801156865302021 0.7071067811865475727 0.3741976226284419171 -2.545500050274211556 -3.000000000000001776 1.587586058786736309 0.7071067811865474617 I I #
coedge $-1 -1 $-1 $1050 $1050 $1471 $1472 reversed $723 $-1 #
DXID-attrib $-1 -1 $-1 $-1 $724 @10 ASM ENTITY @2 10 #
face $1473 -1 $-1 $1474 $1036 $38 $-1 $1475 forward single #
DXID-attrib $-1 -1 $-1 $-1 $729 @10 ASM ENTITY @1 6 #
face $1476 -1 $-1 $1083 $1477 $40 $-1 $1478 reversed single #
loop $-1 -1 $-1 $1479 $1480 $729 #
cone-surface $-1 -1 $-1 -14.50000000000001776 -239.9999999999999432 -54.65138140769182939 -1 2.83276944882392522e-16 -1.594897878183754025e-29 -9.91469307088376366e-16 -3.500000000000008438 5.522026336547484811e-30 1 I I -0.7071067811865473507 -0.7071067811865477948 3.500000000000008438 forward I I I I #
loop $-1 -1 $-1 $-1 $1061 $490 #
coedge $-1 -1 $-1 $1481 $1482 $1483 $1484 forward $730 $-1 #
coedge $-1 -1 $-1 $1059 $1059 $733 $1060 forward $1485 $-1 #
edge $-1 -1 $-1 $1486 -3.141592653589793116 $1486 3.141592653589793116 $1059 $1487 forward @7 unknown #
coedge $-1 -1 $-1 $1061 $1061 $734 $1062 reversed $1057 $-1 #
edge $-1 -1 $-1 $1488 -3.141592653589793116 $1488 3.141592653589793116 $1061 $1489 forward @7 unknown #
vertex $-1 -1 $-1 $736 $1490 #
ellipse-curve $-1 -1 $-1 -3.965877228353809176e-15 -253.9999999999999716 -54.65138140769182939 2.83276944882392522e-16 1 -1.577721810442134664e-30 -4.78469363455127917e-29 4.733165431326434469e-30 3.000000000000010658 1 I I #
coedge $-1 -1 $-1 $1491 $1492 $737 $1066 forward $1493 $-1 #
edge $-1 -1 $-1 $1075 2.982569053620785837 $1070 4.482569075972527628 $1065 $1494 forward @7 unknown #
coedge $-1 -1 $-1 $1495 $738 $743 $1080 forward $1069 $-1 #
coedge $-1 -1 $-1 $738 $1495 $1491 $1496 forward $1069 $-1 #
loop $-1 -1 $-1 $-1 $1495 $1497 #
vertex $-1 -1 $-1 $739 $1498 #
ellipse-curve $-1 -1 $-1 -1.416384724410997685e-15 -244.9999999999999432 -134.6513814076919289 2.83276944882392522e-16 1 -1.577721810442134664e-30 -2.392346817275634316e-28 2.3665827156632117e-29 15.00000000000001776 1 I I #
coedge $-1 -1 $-1 $1483 $740 $1492 $1499 reversed $1074 $-1 #
coedge $-1 -1 $-1 $740 $1483 $742 $1078 reversed $1074 $-1 #
loop $-1 -1 $-1 $-1 $1483 $1500 #
vertex $-1 -1 $-1 $1066 $1501 #
straight-curve $-1 -1 $-1 15.00000000000001599 -244.9999999999999432 -119.6513811841744968 10.00000000000001243 -2.832769448823928868e-15 1.594897878183755986e-28 I I #
coedge $-1 -1 $-1 $1502 $742 $1482 $1503 reversed $744 $-1 #
edge $-1 -1 $-1 $746 -0.25 $1504 0.75 $742 $1505 forward @7 unknown #
coedge $-1 -1 $-1 $743 $1082 $1506 $1507 forward $744 $-1 #
edge $-1 -1 $-1 $745 -0.5 $1508 0.5 $1067 $1509 forward @7 tangent #
loop $-1 -1 $-1 $-1 $1510 $1083 #
coedge $-1 -1 $-1 $1079 $1511 $1512 $1513 forward $744 $-1 #
face $1514 -1 $-1 $1515 $744 $40 $-1 $1516 forward single #
point $-1 -1 $-1 -15.00000022351743922 -244.9999999999999432 -134.6513814076919289 #
point $-1 -1 $-1 -15.00000022351743922 -244.9999999999999432 -119.6513811841744968 #
DXID-attrib $-1 -1 $-1 $-1 $748 @10 ASM ENTITY @2 15 #
face $1517 -1 $-1 $1518 $1519 $40 $-1 $1520 forward single #
loop $-1 -1 $-1 $499 $1521 $748 #
cone-surface $-1 -1 $-1 1.2747462519717347e-15 -235.4999999999999432 -134.6513814076919289 -2.83276944882392522e-16 -1 1.577721810442134664e-30 -5.582142573643146513e-29 5.52202633654749462e-30 3.500000000000004885 1 I I 0.7071067811865474617 -0.7071067811865474617 3.500000000000004885 forward I I I I #
DXID-attrib $-1 -1 $-1 $-1 $752 @10 ASM ENTITY @1 6 #
face $1522 -1 $-1 $1523 $1118 $42 $-1 $136 reversed single #
loop $-1 -1 $-1 $1524 $1525 $752 #
cone-surface $-1 -1 $-1 56.67062935245476041 -230.4999998509883596 -174.5419797683820775 2.832769448823924727e-16 1 -1.618242741091558582e-30 -2.86205464667592091 8.107540963968133868e-16 2.014607455421719262 1 I I -0.7071067811865464625 -0.707106781186548794 3.5 forward I I I I #
loop $-1 -1 $-1 $-1 $1098 $506 #
coedge $-1 -1 $-1 $763 $1526 $765 $1113 reversed $753 $-1 #
coedge $-1 -1 $-1 $772 $772 $756 $1097 reversed $1118 $-1 #
edge $-1 -1 $-1 $519 -1.570796326794896558 $520 1.570796326794896558 $756 $1527 forward @7 unknown #
coedge $-1 -1 $-1 $1098 $1098 $757 $1099 reversed $1094 $-1 #
edge $-1 -1 $-1 $1528 -3.141592653589793116 $1528 3.141592653589793116 $1098 $1529 forward @7 unknown #
vertex $-1 -1 $-1 $759 $1530 #
ellipse-curve $-1 -1 $-1 51.49021009559893969 -240 -181.9015489816857212 0.5756021301204911067 -1.630548128883287399e-16 0.8177298990502630538 -8.498308346471783055e-16 -3.000000000000003109 4.854728223274680651e-30 1 I I #
coedge $-1 -1 $-1 $1531 $1532 $760 $1103 reversed $1533 $-1 #
edge $-1 -1 $-1 $1107 0 $1110 2 $760 $1534 forward @7 unknown #
coedge $-1 -1 $-1 $1535 $761 $766 $1114 reversed $1106 $-1 #
coedge $-1 -1 $-1 $761 $1535 $1531 $1536 forward $1106 $-1 #
loop $-1 -1 $-1 $1537 $1104 $1122 #
vertex $-1 -1 $-1 $762 $1538 #
straight-curve $-1 -1 $-1 79.06663636943349616 -250 -178.0776085237013433 -8.177298990502638532 2.316440275419469073e-15 5.756021301204917506 I I #
coedge $-1 -1 $-1 $1526 $763 $1532 $1539 forward $753 $-1 #
vertex $-1 -1 $-1 $1103 $1540 #
straight-curve $-1 -1 $-1 67.55459376702366114 -250 -194.4322065047066133 -8.177298990502638532 2.316440275419469073e-15 5.756021301204917506 I I #
coedge $-1 -1 $-1 $766 $765 $1541 $1542 forward $767 $-1 #
edge $-1 -1 $-1 $769 -0.5 $1543 1.5 $765 $1544 forward @7 unknown #
edge $-1 -1 $-1 $1545 -0.5 $768 1.5 $766 $1546 forward @7 unknown #
face $1547 -1 $-1 $-1 $767 $42 $-1 $1548 forward single #
point $-1 -1 $-1 79.06663636943349616 -250 -178.0776085237013433 #
point $-1 -1 $-1 67.55459376702366114 -250 -194.4322065047066133 #
loop $-1 -1 $-1 $1549 $772 $1091 #
ellipse-curve $-1 -1 $-1 56.67062935245476041 -240 -174.5419797683820775 -0.4070121694736206219 0.7071067811865474617 -0.5782223567974320577 -1.726806390361474985 -3.000000000000001776 -2.453189697150790494 0.7071067811865474617 I I #
coedge $-1 -1 $-1 $1120 $1120 $1550 $1551 reversed $774 $-1 #
DXID-attrib $-1 -1 $-1 $-1 $775 @10 ASM ENTITY @2 10 #
face $1552 -1 $-1 $1553 $1106 $42 $-1 $1554 forward single #
DXID-attrib $-1 -1 $-1 $-1 $780 @10 ASM ENTITY @1 6 #
face $1555 -1 $-1 $1153 $1556 $44 $-1 $1557 reversed single #
loop $-1 -1 $-1 $1558 $1559 $780 #
cone-surface $-1 -1 $-1 -48.97795027002729285 -60.00000000000002132 -185.7814442004557236 -0.8485000167580697417 2.384943802758270953e-16 0.5291953529289118441 -9.837717318553680063e-16 -3.500000000000007994 3.128264055057681663e-30 1 I I -0.7071067811865473507 -0.7071067811865477948 3.500000000000007994 forward I I I I #
loop $-1 -1 $-1 $-1 $1131 $526 #
coedge $-1 -1 $-1 $1560 $1561 $1562 $1563 forward $781 $-1 #
coedge $-1 -1 $-1 $1129 $1129 $784 $1130 forward $1564 $-1 #
edge $-1 -1 $-1 $1565 -3.141592653589793116 $1565 3.141592653589793116 $1129 $1566 forward @7 unknown #
coedge $-1 -1 $-1 $1131 $1131 $785 $1132 reversed $1127 $-1 #
edge $-1 -1 $-1 $1567 -3.141592653589793116 $1567 3.141592653589793116 $1131 $1568 forward @7 unknown #
vertex $-1 -1 $-1 $787 $1569 #
ellipse-curve $-1 -1 $-1 -36.67470002703527143 -74.00000000000004263 -193.4547768179249374 2.810776376729616536e-16 1 -8.937897300164784982e-31 1.587586058786740972 -4.462349390063025387e-16 2.545500050274218218 1 I I #
coedge $-1 -1 $-1 $1570 $1571 $788 $1136 forward $1572 $-1 #
edge $-1 -1 $-1 $1145 2.982569053620785837 $1140 4.482569075972527628 $1135 $1573 forward @7 unknown #
coedge $-1 -1 $-1 $1574 $789 $794 $1150 forward $1139 $-1 #
coedge $-1 -1 $-1 $789 $1574 $1570 $1575 forward $1139 $-1 #
loop $-1 -1 $-1 $-1 $1574 $1576 #
vertex $-1 -1 $-1 $790 $1577 #
ellipse-curve $-1 -1 $-1 -79.01032826134826337 -65.00000000000001421 -261.3347781585706002 2.810776376729616536e-16 1 -8.937897300164784982e-31 7.937930293933685988 -2.231174695031507369e-15 12.72750025137106 1 I I #
coedge $-1 -1 $-1 $1562 $791 $1571 $1578 reversed $1144 $-1 #
coedge $-1 -1 $-1 $791 $1562 $793 $1148 reversed $1144 $-1 #
loop $-1 -1 $-1 $-1 $1562 $1579 #
vertex $-1 -1 $-1 $1136 $1580 #
straight-curve $-1 -1 $-1 -58.34489759775914308 -65.00000000000002842 -256.5452080114786781 8.485000167580706076 -2.384943802758273615e-15 -5.291953529289123992 I I #
coedge $-1 -1 $-1 $1581 $793 $1561 $1582 reversed $795 $-1 #
edge $-1 -1 $-1 $797 -0.25 $1583 0.75 $793 $1584 forward @7 unknown #
coedge $-1 -1 $-1 $794 $1152 $1585 $1586 forward $795 $-1 #
edge $-1 -1 $-1 $796 -0.5 $1587 0.5 $1137 $1588 forward @7 tangent #
loop $-1 -1 $-1 $-1 $1589 $1153 #
coedge $-1 -1 $-1 $1149 $1590 $1591 $1592 forward $795 $-1 #
face $1593 -1 $-1 $1594 $795 $44 $-1 $1595 forward single #
point $-1 -1 $-1 -91.73782870237386078 -65.00000000000001421 -253.3968477463525346 #
point $-1 -1 $-1 -83.79989829015579517 -65.00000000000001421 -240.6693473053269372 #
DXID-attrib $-1 -1 $-1 $-1 $799 @10 ASM ENTITY @2 15 #
face $1596 -1 $-1 $1597 $1598 $44 $-1 $1599 forward single #
loop $-1 -1 $-1 $535 $1600 $799 #
cone-surface $-1 -1 $-1 -79.01032826134826337 -55.50000000000000711 -261.3347781585706002 -2.810776376729616536e-16 -1 8.937897300164784982e-31 1.852183735251193619 -5.206074288406850461e-16 2.969750058653247482 1 I I 0.7071067811865474617 -0.7071067811865474617 3.500000000000003997 forward I I I I #
DXID-attrib $-1 -1 $-1 $-1 $803 @10 ASM ENTITY @1 6 #
face $1601 -1 $-1 $1602 $1188 $46 $-1 $148 reversed single #
loop $-1 -1 $-1 $1603 $1604 $803 #
cone-surface $-1 -1 $-1 -140.172911255979642 -50.49999985098838806 -293.9224830517050577 8.104698438784292051e-17 1 2.438741570261104518e-17 3.088913196530505001 -2.904835944158025805e-16 1.645787126058442684 1 I I -0.7071067811865464625 -0.707106781186548794 3.500000000000000888 forward I I I I #
loop $-1 -1 $-1 $-1 $1168 $542 #
coedge $-1 -1 $-1 $814 $1605 $816 $1183 reversed $804 $-1 #
coedge $-1 -1 $-1 $823 $823 $807 $1167 reversed $1188 $-1 #
edge $-1 -1 $-1 $555 -1.570796326794896558 $556 1.570796326794896558 $807 $1606 forward @7 unknown #
coedge $-1 -1 $-1 $1168 $1168 $808 $1169 reversed $1164 $-1 #
edge $-1 -1 $-1 $1607 -3.141592653589793116 $1607 3.141592653589793116 $1168 $1608 forward @7 unknown #
vertex $-1 -1 $-1 $810 $1609 #
ellipse-curve $-1 -1 $-1 -144.4049353644846292 -60.00000000000000711 -285.9795632719740865 0.470224893159554902 -1.658727809094312331e-17 -0.8825466275801440164 -2.431409531635290697e-16 -3.000000000000003553 -7.316224710783321258e-17 1 I I #
coedge $-1 -1 $-1 $1610 $1611 $811 $1173 reversed $1612 $-1 #
edge $-1 -1 $-1 $1177 0 $1180 2 $811 $1613 forward @7 unknown #
coedge $-1 -1 $-1 $1614 $812 $817 $1184 reversed $1176 $-1 #
coedge $-1 -1 $-1 $812 $1614 $1610 $1615 forward $1176 $-1 #
loop $-1 -1 $-1 $1616 $1174 $1192 #
vertex $-1 -1 $-1 $813 $1617 #
straight-curve $-1 -1 $-1 -153.4296036490124493 -70.00000000000001421 -312.3165556784103387 8.825466275801451488 -8.299531269022938336e-16 4.70224893159555446 I I #
coedge $-1 -1 $-1 $1605 $814 $1611 $1618 forward $804 $-1 #
vertex $-1 -1 $-1 $1173 $1619 #
straight-curve $-1 -1 $-1 -162.8341015122035742 -70.00000000000001421 -294.665623126807418 8.825466275801451488 -8.299531269022938336e-16 4.70224893159555446 I I #
coedge $-1 -1 $-1 $817 $816 $1620 $1621 forward $818 $-1 #
edge $-1 -1 $-1 $820 -0.5 $1622 1.5 $816 $1623 forward @7 unknown #
edge $-1 -1 $-1 $1624 -0.5 $819 1.5 $817 $1625 forward @7 unknown #
face $1626 -1 $-1 $-1 $818 $46 $-1 $1627 forward single #
point $-1 -1 $-1 -153.4296036490124493 -70.00000000000001421 -312.3165556784103387 #
point $-1 -1 $-1 -162.8341015122035742 -70.00000000000001421 -294.665623126807418 #
loop $-1 -1 $-1 $1628 $823 $1161 #
ellipse-curve $-1 -1 $-1 -140.172911255979642 -60.00000000000000711 -293.9224830517050577 -0.3324992106358410915 0.7071067811865473507 0.624054705075238525 -1.410674679478665983 -3.000000000000003109 2.647639882740433936 0.7071067811865474617 I I #
coedge $-1 -1 $-1 $1190 $1190 $1629 $1630 reversed $825 $-1 #
DXID-attrib $-1 -1 $-1 $-1 $826 @10 ASM ENTITY @2 10 #
face $1631 -1 $-1 $1632 $1176 $46 $-1 $1633 forward single #
DXID-attrib $-1 -1 $-1 $-1 $831 @10 ASM ENTITY @1 6 #
face $1634 -1 $-1 $1223 $1635 $48 $-1 $1636 reversed single #
loop $-1 -1 $-1 $1637 $1638 $831 #
cone-surface $-1 -1 $-1 48.32471035418075189 -239.9999999999999432 -186.3992828436906848 -0.5756021301204909957 1.63054812888328666e-16 -0.8177298990502631648 -9.914693070883755772e-16 -3.500000000000007994 5.597141571337965493e-30 1 I I -0.7071067811865473507 -0.7071067811865477948 3.500000000000007994 forward I I I I #
loop $-1 -1 $-1 $-1 $1201 $562 #
coedge $-1 -1 $-1 $1639 $1640 $1641 $1642 forward $832 $-1 #
coedge $-1 -1 $-1 $1199 $1199 $835 $1200 forward $1643 $-1 #
edge $-1 -1 $-1 $1644 -3.141592653589793116 $1644 3.141592653589793116 $1199 $1645 forward @7 unknown #
coedge $-1 -1 $-1 $1201 $1201 $836 $1202 reversed $1197 $-1 #
edge $-1 -1 $-1 $1646 -3.141592653589793116 $1646 3.141592653589793116 $1201 $1647 forward @7 unknown #
vertex $-1 -1 $-1 $838 $1648 #
ellipse-curve $-1 -1 $-1 56.67094124092787411 -253.9999999999999716 -174.5421993074618285 2.832769448823923741e-16 1 -1.599183306096557866e-30 -2.453189697150798043 6.949320826258422011e-16 1.726806390361478982 1 I I #
coedge $-1 -1 $-1 $1649 $1650 $839 $1206 forward $1651 $-1 #
edge $-1 -1 $-1 $1215 2.982569053620785837 $1210 4.482569075972527628 $1205 $1652 forward @7 unknown #
coedge $-1 -1 $-1 $1653 $840 $845 $1220 forward $1209 $-1 #
coedge $-1 -1 $-1 $840 $1653 $1649 $1654 forward $1209 $-1 #
loop $-1 -1 $-1 $-1 $1653 $1655 #
vertex $-1 -1 $-1 $841 $1656 #
ellipse-curve $-1 -1 $-1 122.0893331649489966 -244.9999999999999716 -220.5903697171011686 2.832769448823923741e-16 1 -1.599183306096557866e-30 -12.26594848575396135 3.474660413129202821e-15 8.634031951807374483 1 I I #
coedge $-1 -1 $-1 $1641 $842 $1650 $1657 reversed $1214 $-1 #
coedge $-1 -1 $-1 $842 $1641 $844 $1218 reversed $1214 $-1 #
loop $-1 -1 $-1 $-1 $1641 $1658 #
vertex $-1 -1 $-1 $1206 $1659 #
straight-curve $-1 -1 $-1 118.4574164482255298 -244.9999999999999716 -199.6903891508827371 5.75602130120491573 -1.630548128883288484e-15 8.177298990502640308 I I #
coedge $-1 -1 $-1 $1660 $844 $1640 $1661 reversed $846 $-1 #
edge $-1 -1 $-1 $848 -0.25 $1662 0.75 $844 $1663 forward @7 unknown #
coedge $-1 -1 $-1 $845 $1222 $1664 $1665 forward $846 $-1 #
edge $-1 -1 $-1 $847 -0.5 $1666 0.5 $1207 $1667 forward @7 tangent #
loop $-1 -1 $-1 $-1 $1668 $1223 #
coedge $-1 -1 $-1 $1219 $1669 $1670 $1671 forward $846 $-1 #
face $1672 -1 $-1 $1673 $846 $48 $-1 $1674 forward single #
point $-1 -1 $-1 113.4553010844845176 -244.9999999999999716 -232.8563183856319938 #
point $-1 -1 $-1 101.1893524159536781 -244.9999999999999716 -224.222286305167529 #
DXID-attrib $-1 -1 $-1 $-1 $850 @10 ASM ENTITY @2 15 #
face $1675 -1 $-1 $1676 $1677 $48 $-1 $1678 forward single #
loop $-1 -1 $-1 $571 $1679 $850 #
cone-surface $-1 -1 $-1 122.0893331649489966 -235.4999999999999716 -220.5903697171011686 -2.832769448823923741e-16 -1 1.599183306096557866e-30 -2.862054646675924019 8.107540963968141756e-16 2.014607455421720594 1 I I 0.7071067811865474617 -0.7071067811865474617 3.500000000000003997 forward I I I I #
DXID-attrib $-1 -1 $-1 $-1 $854 @10 ASM ENTITY @1 6 #
face $1680 -1 $-1 $1681 $1258 $50 $-1 $160 reversed single #
loop $-1 -1 $-1 $1682 $1683 $854 #
cone-surface $-1 -1 $-1 139.8603714992183598 -230.4999998509882744 -287.5755193048950673 2.83276944882391881e-16 1 -1.649216336426407009e-30 -0.8974963472617308868 2.542400232954149701e-16 3.382972111420939676 1 I I -0.7071067811865464625 -0.707106781186548794 3.5 forward I I I I #
loop $-1 -1 $-1 $-1 $1238 $578 #
coedge $-1 -1 $-1 $865 $1684 $867 $1253 reversed $855 $-1 #
coedge $-1 -1 $-1 $874 $874 $858 $1237 reversed $1258 $-1 #
edge $-1 -1 $-1 $591 -1.570796326794896558 $592 1.570796326794896558 $858 $1685 forward @7 unknown #
coedge $-1 -1 $-1 $1238 $1238 $859 $1239 reversed $1234 $-1 #
edge $-1 -1 $-1 $1686 -3.141592653589793116 $1686 3.141592653589793116 $1238 $1687 forward @7 unknown #
vertex $-1 -1 $-1 $861 $1688 #
ellipse-curve $-1 -1 $-1 131.1613002115353197 -239.9999999999998863 -289.8833670932073687 0.9665634604059827328 -2.738051440987590968e-16 0.2564275277890659677 -8.498308346471765305e-16 -3.000000000000003109 4.947649009279226282e-30 1 I I #
coedge $-1 -1 $-1 $1689 $1690 $862 $1243 reversed $1691 $-1 #
edge $-1 -1 $-1 $1247 0 $1250 2 $862 $1692 forward @7 unknown #
coedge $-1 -1 $-1 $1693 $863 $868 $1254 reversed $1246 $-1 #
coedge $-1 -1 $-1 $863 $1693 $1689 $1694 forward $1246 $-1 #
loop $-1 -1 $-1 $1695 $1244 $1262 #
vertex $-1 -1 $-1 $864 $1696 #
straight-curve $-1 -1 $-1 154.7440498662579103 -249.9999999999999147 -304.6798438828058124 -2.564275277890662341 7.264000665583291623e-16 9.665634604059837542 I I #
coedge $-1 -1 $-1 $1684 $865 $1690 $1697 forward $855 $-1 #
vertex $-1 -1 $-1 $1243 $1698 #
straight-curve $-1 -1 $-1 135.4127806581382458 -249.9999999999999147 -309.8083944385871291 -2.564275277890662341 7.264000665583291623e-16 9.665634604059837542 I I #
coedge $-1 -1 $-1 $868 $867 $1699 $1700 forward $869 $-1 #
edge $-1 -1 $-1 $871 -0.5 $1701 1.5 $867 $1702 forward @7 unknown #
edge $-1 -1 $-1 $1703 -0.5 $870 1.5 $868 $1704 forward @7 unknown #
face $1705 -1 $-1 $-1 $869 $50 $-1 $1706 forward single #
point $-1 -1 $-1 154.7440498662579103 -249.9999999999999147 -304.6798438828058124 #
point $-1 -1 $-1 135.4127806581382458 -249.9999999999999147 -309.8083944385871291 #
loop $-1 -1 $-1 $1707 $874 $1231 #
ellipse-curve $-1 -1 $-1 139.8603714992183598 -239.9999999999998863 -287.5755193048950673 -0.6834635773002053494 0.7071067811865475727 -0.1813216437825504457 -2.899690381217950641 -3.000000000000001776 -0.7692825833671983471 0.7071067811865474617 I I #
coedge $-1 -1 $-1 $1260 $1260 $1708 $1709 reversed $876 $-1 #
DXID-attrib $-1 -1 $-1 $-1 $877 @10 ASM ENTITY @2 10 #
face $1710 -1 $-1 $1711 $1246 $50 $-1 $1712 forward single #
DXID-attrib $-1 -1 $-1 $-1 $882 @10 ASM ENTITY @1 6 #
face $1713 -1 $-1 $1714 $1284 $52 $-1 $1715 forward single #
loop $-1 -1 $-1 $-1 $920 $882 #
cone-surface $-1 -1 $-1 -152.0189289695335333 -46.99999999999995026 -314.9641955611505182 0.8825466275801437943 -8.299531269023102025e-17 0.4702248931595550685 0.664998421271682405 1.414213562373094701 -1.248109410150476162 1 I I 0 1 1.999999999999999778 forward I I I I #
coedge $-1 -1 $-1 $1716 $1717 $1307 $1718 forward $883 $-1 #
coedge $1719 -1 $-1 $1720 $885 $1298 $1721 reversed $599 $-1 #
coedge $-1 -1 $-1 $885 $1720 $916 $1308 reversed $599 $-1 #
edge $-1 -1 $-1 $1722 0 $1273 3 $885 $1723 forward @7 tangent #
coedge $-1 -1 $-1 $887 $886 $1301 $1724 forward $394 $-1 #
edge $-1 -1 $-1 $917 -3 $1302 0 $912 $1725 forward @7 tangent #
vertex $-1 -1 $-1 $888 $1726 #
ellipse-curve $-1 -1 $-1 -137.7683773642776544 -72.99999999999994316 -277.9112364492801817 -0.8825466275801437943 8.299531269023102025e-17 -0.4702248931595550685 -0.6649984212716809617 -1.414213562373098032 1.248109410150473497 1 I I #
coedge $-1 -1 $-1 $1727 $1728 $889 $1276 reversed $1729 $-1 #
edge $-1 -1 $-1 $1280 0 $1285 2 $1275 $1730 forward @7 unknown #
coedge $-1 -1 $-1 $1731 $890 $895 $1289 reversed $1279 $-1 #
coedge $-1 -1 $-1 $890 $1731 $1727 $1732 forward $1279 $-1 #
loop $-1 -1 $-1 $-1 $1731 $1733 #
vertex $-1 -1 $-1 $891 $1734 #
straight-curve $-1 -1 $-1 -126.9532048216078834 -69.99999999999994316 -298.2098088836234524 -4.702248931595550019 1.658727809094294828e-16 8.825466275801435501 I I #
coedge $-1 -1 $-1 $1735 $892 $1728 $1736 reversed $1284 $-1 #
coedge $-1 -1 $-1 $892 $1735 $894 $1288 forward $1284 $-1 #
loop $-1 -1 $-1 $-1 $1735 $1264 #
vertex $-1 -1 $-1 $1276 $1737 #
straight-curve $-1 -1 $-1 -136.3577026847989657 -49.99999999999995026 -280.5588763320205885 4.702248931595550019 -1.658727809094294828e-16 -8.825466275801435501 I I #
coedge $1738 -1 $-1 $895 $894 $1739 $1740 reversed $896 $-1 #
edge $-1 -1 $-1 $1741 0 $897 3 $894 $1742 forward @7 unknown #
edge $-1 -1 $-1 $1743 0 $898 3 $895 $1744 forward @7 unknown #
face $1745 -1 $-1 $914 $896 $52 $-1 $1746 forward single #
point $-1 -1 $-1 -126.9532048216078692 -49.99999999999995026 -298.2098088836234524 #
point $-1 -1 $-1 -126.9532048216078834 -69.99999999999994316 -298.2098088836234524 #
coedge $-1 -1 $-1 $900 $1312 $904 $1297 forward $1265 $-1 #
straight-curve $-1 -1 $-1 -152.0189289695335333 -44.99999999999995026 -314.9641955611505182 8.825466275801435501 -8.299531269023102025e-16 4.702248931595550019 F -0.6200009999999999133 F 3.620001000000000246 #
point $-1 -1 $-1 -125.542530142129209 -44.99999999999995026 -300.8574487663639161 #
coedge $-1 -1 $-1 $1747 $904 $1748 $1749 forward $905 $-1 #
edge $-1 -1 $-1 $1750 -0.785398163397448279 $906 0.785398163397448279 $1293 $1751 reversed @7 unknown #
coedge $-1 -1 $-1 $1301 $1747 $1268 $1721 forward $905 $-1 #
face $1752 -1 $-1 $1753 $1754 $52 $-1 $1755 forward single #
point $-1 -1 $-1 -152.0189289695335333 -44.99999999999995026 -314.9641955611505182 #
coedge $-1 -1 $-1 $909 $1298 $1271 $1724 reversed $905 $-1 #
vertex $-1 -1 $-1 $1272 $1756 #
straight-curve $-1 -1 $-1 -165.185225978001057 -52.49999999999994316 -290.2528899889065315 8.104698438784435771e-16 9.999999999999998224 2.438741570261203557e-16 I I #
DXID-attrib $-1 -1 $-1 $-1 $914 @10 ASM ENTITY @2 11 #
face $1757 -1 $-1 $1299 $1758 $52 $-1 $1759 forward single #
plane-surface $-1 -1 $-1 -165.185225978001057 -44.99999999999995026 -290.2528899889065315 -0.4702248931595550685 1.658727809094295074e-17 0.8825466275801437943 -8.104698438784435771e-16 -9.999999999999998224 -2.438741570261203557e-16 forward_v I I I I #
coedge $-1 -1 $-1 $919 $916 $1267 $1718 reversed $396 $-1 #
edge $-1 -1 $-1 $1273 -2.800000000000000711 $1760 -0.1999999999999999556 $1269 $1761 forward @7 unknown #
point $-1 -1 $-1 -138.7088271505967612 -72.99999999999994316 -276.1461431941198725 #
coedge $-1 -1 $-1 $1762 $1763 $919 $1311 reversed $1758 $-1 #
edge $-1 -1 $-1 $1764 -2.799999999999999822 $1313 -0.2000000000000001776 $1310 $1765 forward @7 unknown #
coedge $-1 -1 $-1 $1293 $920 $1763 $1766 forward $1265 $-1 #
vertex $-1 -1 $-1 $1311 $1767 #
ellipse-curve $-1 -1 $-1 -125.542530142129209 -46.99999999999995026 -300.8574487663639161 -0.8825466275801437943 8.299531269023102025e-17 -0.4702248931595550685 0.664998421271682405 1.414213562373094701 -1.248109410150476162 1 I I #
DXID-attrib $-1 -1 $-1 $-1 $923 @10 ASM ENTITY @1 6 #
face $1768 -1 $-1 $1769 $1336 $54 $-1 $1770 forward single #
loop $-1 -1 $-1 $-1 $960 $923 #
cone-surface $-1 -1 $-1 157.6437402474759892 -227.0000000000001705 -303.9105612994384842 -0.2564275277890660787 7.264000665583214955e-17 0.9665634604059828439 1.366927154600412031 1.41421356237309559 0.3626432875651011689 1 I I 0 1 2.000000000000001332 forward I I I I #
coedge $-1 -1 $-1 $1771 $1772 $1359 $1773 forward $924 $-1 #
coedge $-1 -1 $-1 $1774 $926 $1350 $1775 reversed $627 $-1 #
coedge $-1 -1 $-1 $926 $1774 $956 $1360 reversed $627 $-1 #
edge $-1 -1 $-1 $1776 0 $1325 3 $926 $1777 forward @7 tangent #
coedge $-1 -1 $-1 $928 $927 $1353 $1778 forward $411 $-1 #
edge $-1 -1 $-1 $957 -3 $1354 0 $952 $1779 forward @7 tangent #
vertex $-1 -1 $-1 $929 $1780 #
ellipse-curve $-1 -1 $-1 124.8202644432484192 -253.0000000000001705 -281.5807732097746907 0.2564275277890660787 -7.264000665583214955e-17 -0.9665634604059828439 -1.366927154600409144 -1.41421356237309892 -0.3626432875651003918 1 I I #
coedge $-1 -1 $-1 $1781 $1782 $930 $1328 reversed $1783 $-1 #
edge $-1 -1 $-1 $1332 0 $1337 2 $1327 $1784 forward @7 unknown #
coedge $-1 -1 $-1 $1785 $931 $936 $1341 reversed $1331 $-1 #
coedge $-1 -1 $-1 $931 $1785 $1781 $1786 forward $1331 $-1 #
loop $-1 -1 $-1 $-1 $1785 $1787 #
vertex $-1 -1 $-1 $932 $1788 #
straight-curve $-1 -1 $-1 147.0512240325860489 -250.0000000000001705 -275.6829400706261595 -9.66563460405983399 2.738051440987595208e-15 -2.564275277890662785 I I #
coedge $-1 -1 $-1 $1789 $933 $1782 $1790 reversed $1336 $-1 #
coedge $-1 -1 $-1 $933 $1789 $935 $1340 forward $1336 $-1 #
loop $-1 -1 $-1 $-1 $1789 $1316 #
vertex $-1 -1 $-1 $1328 $1791 #
straight-curve $-1 -1 $-1 127.7199548244663845 -230.0000000000001421 -280.8114906264074762 9.66563460405983399 -2.738051440987595208e-15 2.564275277890662785 I I #
coedge $-1 -1 $-1 $936 $935 $1792 $1793 reversed $937 $-1 #
edge $-1 -1 $-1 $1794 0 $938 3 $935 $1795 forward @7 unknown #
edge $-1 -1 $-1 $1796 0 $939 3 $936 $1797 forward @7 unknown #
face $1798 -1 $-1 $954 $937 $54 $-1 $1799 forward single #
point $-1 -1 $-1 147.0512240325860489 -230.0000000000001705 -275.6829400706261595 #
point $-1 -1 $-1 147.0512240325860489 -250.0000000000001705 -275.6829400706261595 #
coedge $-1 -1 $-1 $941 $1364 $945 $1349 forward $1317 $-1 #
straight-curve $-1 -1 $-1 157.6437402474759892 -225.0000000000001705 -303.9105612994384842 -2.564275277890662785 7.264000665583218653e-16 9.66563460405983399 F -0.6200009999999999133 F 3.620001000000000246 #
point $-1 -1 $-1 149.9509144138039858 -225.0000000000001705 -274.9136574872589449 #
coedge $-1 -1 $-1 $1800 $945 $1801 $1802 forward $946 $-1 #
edge $-1 -1 $-1 $1803 -0.785398163397448279 $947 0.785398163397448279 $1345 $1804 reversed @7 unknown #
coedge $-1 -1 $-1 $1353 $1800 $1320 $1775 forward $946 $-1 #
face $1805 -1 $-1 $1806 $1807 $54 $-1 $1808 forward single #
point $-1 -1 $-1 157.6437402474759892 -225.0000000000001705 -303.9105612994384842 #
coedge $-1 -1 $-1 $950 $1350 $1323 $1778 reversed $946 $-1 #
vertex $-1 -1 $-1 $1324 $1809 #
straight-curve $-1 -1 $-1 130.5799633561084363 -232.5000000000001421 -311.0905320775323162 2.83276944882392098e-15 10.00000000000000533 -8.8331535902569965e-30 I I #
DXID-attrib $-1 -1 $-1 $-1 $954 @10 ASM ENTITY @2 11 #
face $1810 -1 $-1 $1351 $1811 $54 $-1 $1812 forward single #
plane-surface $-1 -1 $-1 130.5799633561084363 -225.0000000000001421 -311.0905320775323162 -0.9665634604059828439 2.738051440987593926e-16 -0.2564275277890660787 -2.83276944882392098e-15 -10.00000000000000533 8.8331535902569965e-30 forward_v I I I I #
coedge $-1 -1 $-1 $959 $956 $1319 $1773 reversed $413 $-1 #
edge $-1 -1 $-1 $1325 -2.800000000000000711 $1813 -0.1999999999999999556 $1321 $1814 forward @7 unknown #
point $-1 -1 $-1 122.8871375224364613 -253.0000000000001705 -282.0936282653527769 #
coedge $-1 -1 $-1 $1815 $1816 $959 $1363 reversed $1811 $-1 #
edge $-1 -1 $-1 $1817 -2.799999999999999822 $1365 -0.2000000000000001776 $1362 $1818 forward @7 unknown #
coedge $-1 -1 $-1 $1345 $960 $1816 $1819 forward $1317 $-1 #
vertex $-1 -1 $-1 $1363 $1820 #
ellipse-curve $-1 -1 $-1 149.9509144138039858 -227.0000000000001705 -274.9136574872589449 0.2564275277890660787 -7.264000665583214955e-17 -0.9665634604059828439 1.366927154600412031 1.41421356237309559 0.3626432875651011689 1 I I #
DXID-attrib $-1 -1 $-1 $-1 $963 @10 ASM ENTITY @1 7 #
face $1821 -1 $-1 $1822 $1823 $34 $-1 $1824 forward single #
loop $-1 -1 $-1 $-1 $1825 $963 #
plane-surface $-1 -1 $-1 10 -230 -45.00000000000001421 1 0 0 -0 -10 -0 forward_v I I I I #
coedge $1826 -1 $-1 $1827 $1828 $1829 $1830 reversed $964 $-1 #
ATTRIB_CUSTOM-attrib $-1 -1 $-1 $-1 $966 @17 sketch_attrib_def 1 1 3 @13 278 0 1 0 1 1 #
coedge $-1 -1 $-1 $1831 $966 $1832 $1833 forward $654 $-1 #
coedge $-1 -1 $-1 $966 $1831 $1827 $1834 reversed $654 $-1 #
coedge $-1 -1 $-1 $1829 $1835 $966 $1376 forward $1836 $-1 #
edge $-1 -1 $-1 $1837 -1.5 $1838 0.5 $1375 $1839 forward @7 unknown #
straight-curve $-1 -1 $-1 10 -70 -75.00000000000001421 -0 -10 -0 I I #
point $-1 -1 $-1 10 -50 -75.00000000000001421 #
coedge $-1 -1 $-1 $976 $975 $1840 $1841 reversed $448 $-1 #
coedge $-1 -1 $-1 $1842 $1843 $975 $1381 forward $1844 $-1 #
edge $-1 -1 $-1 $1845 -3 $1387 -0 $1380 $1846 forward @7 unknown #
coedge $-1 -1 $-1 $1847 $1848 $976 $1383 forward $1849 $-1 #
edge $-1 -1 $-1 $1388 -3 $1850 -0 $1382 $1851 forward @7 unknown #
coedge $-1 -1 $-1 $1852 $977 $1848 $1853 reversed $1386 $-1 #
coedge $-1 -1 $-1 $977 $1852 $1842 $1854 forward $1386 $-1 #
loop $-1 -1 $-1 $-1 $1852 $1855 #
vertex $-1 -1 $-1 $1381 $1856 #
vertex $-1 -1 $-1 $1853 $1857 #
straight-curve $-1 -1 $-1 15 -45 -45.00000000000001421 0 10 0 I I #
DXID-attrib $-1 -1 $-1 $-1 $980 @10 ASM ENTITY @2 42 #
face $1858 -1 $-1 $1859 $1860 $34 $-1 $1861 forward single #
loop $-1 -1 $-1 $-1 $1862 $980 #
plane-surface $-1 -1 $-1 85.00000000000001421 0 0 1 0 0 0 0 10 forward_v I I I I #
coedge $-1 -1 $-1 $1863 $1864 $1865 $1866 reversed $981 $-1 #
DXID-attrib $-1 -1 $-1 $-1 $984 @10 ASM ENTITY @1 7 #
loop $-1 -1 $-1 $1867 $1868 $984 #
cone-surface $-1 -1 $-1 15.00000000000001776 -59.99999999999999289 -54.65138140769180097 -1 2.832769448823915359e-16 6.212279628615462362e-30 -8.49830834647176925e-16 -3.000000000000007994 7.099748146989114656e-30 1 I I 0 1 3.000000000000007994 forward I I I I #
loop $-1 -1 $-1 $-1 $1869 $678 #
coedge $-1 -1 $-1 $1399 $1399 $1870 $1871 forward $985 $-1 #
coedge $-1 -1 $-1 $1872 $988 $1873 $1874 forward $679 $-1 #
coedge $-1 -1 $-1 $988 $1872 $1007 $1422 forward $679 $-1 #
coedge $1875 -1 $-1 $1003 $1002 $988 $1403 reversed $1004 $-1 #
edge $-1 -1 $-1 $1423 -0.7500000111758708954 $1876 2.250000011175870895 $988 $1877 forward @7 unknown #
loop $-1 -1 $-1 $1878 $989 $1437 #
vertex $-1 -1 $-1 $990 $1879 #
ellipse-curve $-1 -1 $-1 -2.832769491035344609e-15 -70.00000014901161194 -54.65138140769180097 -2.832769448823915359e-16 -1 2.366582715663031913e-30 1.863683888584645715e-29 7.099748146989116058e-30 3.000000000000010658 1 I I #
vertex $-1 -1 $-1 $992 $1880 #
ellipse-curve $-1 -1 $-1 -4.249154173235750518e-15 -75 -54.65138140769180097 -2.832769448823915359e-16 -1 2.366582715663031913e-30 2.48491185144619055e-29 9.466330862652140264e-30 4.000000000000008882 1 I I #
point $-1 -1 $-1 -4.333271268097584691e-15 -74 -57.65138140769181518 #
coedge $-1 -1 $-1 $1881 $995 $998 $1415 reversed $1412 $-1 #
coedge $-1 -1 $-1 $995 $1873 $1002 $1418 forward $1412 $-1 #
loop $-1 -1 $-1 $1882 $1883 $1884 #
straight-curve $-1 -1 $-1 15.00000000000001599 -65 -89.82569064796656733 -6.212279628615471331e-29 -2.366582715663033174e-29 -10.00000000000001243 I I #
coedge $-1 -1 $-1 $998 $997 $1885 $1886 forward $999 $-1 #
edge $-1 -1 $-1 $1887 -0.5 $1000 0.5 $998 $1888 forward @7 tangent #
face $1889 -1 $-1 $1419 $999 $36 $-1 $1890 forward single #
point $-1 -1 $-1 15.00000000000001599 -65 -134.6513814076919004 #
edge $-1 -1 $-1 $1876 -0.75 $1005 0.25 $1411 $1891 forward @7 unknown #
face $1892 -1 $-1 $1893 $1004 $36 $-1 $1894 reversed single #
point $-1 -1 $-1 15.00000000000001599 -65 -119.6513811841744683 #
coedge $-1 -1 $-1 $1430 $1007 $1895 $1896 forward $693 $-1 #
edge $-1 -1 $-1 $1897 0 $1423 7.46513811841744257 $1007 $1898 forward @7 unknown #
vertex $-1 -1 $-1 $1403 $1899 #
straight-curve $-1 -1 $-1 -15.00000000000002132 -67.49999999999998579 -119.6513811841744683 -2.832769448823919007e-15 -10.00000000000001243 2.366582715663034856e-29 I I #
coedge $-1 -1 $-1 $1900 $1885 $1009 $1426 reversed $1438 $-1 #
edge $-1 -1 $-1 $1901 -1.500000016763806343 $1427 5.587935003603661244e-09 $1009 $1902 forward @7 unknown #
vertex $-1 -1 $-1 $1426 $1903 #
straight-curve $-1 -1 $-1 -15.00000000000001776 -59.99999999999997868 -134.6513814076919004 2.832769448823919007e-15 10.00000000000001243 -2.366582715663034856e-29 I I #
coedge $-1 -1 $-1 $1429 $1429 $1869 $1904 reversed $1011 $-1 #
coedge $-1 -1 $-1 $1012 $1421 $1905 $1906 reversed $693 $-1 #
coedge $-1 -1 $-1 $1907 $1908 $1012 $1432 reversed $1909 $-1 #
edge $-1 -1 $-1 $1910 -0.75 $1901 0.25 $1012 $1911 forward @7 unknown #
DXID-attrib $-1 -1 $-1 $-1 $1013 @10 ASM ENTITY @1 8 #
face $1912 -1 $-1 $1913 $1914 $36 $-1 $1915 forward single #
plane-surface $-1 -1 $-1 -15.00000000000001776 -59.99999999999997868 -134.6513814076919004 -1 2.832769448823915359e-16 6.212279628615462362e-30 6.212279628615471331e-29 2.366582715663033174e-29 10.00000000000001243 forward_v I I I I #
DXID-attrib $-1 -1 $-1 $-1 $1017 @10 ASM ENTITY @2 16 #
face $1916 -1 $-1 $1917 $1404 $36 $-1 $1918 reversed single #
loop $-1 -1 $-1 $1919 $1885 $1017 #
plane-surface $-1 -1 $-1 -1.117587075374728429e-07 -54.99999999999997868 -134.6513812959331915 2.832769448823915359e-16 1 -2.366582715663031913e-30 6.212279628615471331e-29 2.366582715663033174e-29 10.00000000000001243 forward_v I I I I #
coedge $-1 -1 $-1 $1440 $1440 $1920 $1921 forward $1018 $-1 #
DXID-attrib $-1 -1 $-1 $-1 $1021 @10 ASM ENTITY @1 7 #
face $1922 -1 $-1 $1923 $1924 $38 $-1 $1925 forward single #
loop $-1 -1 $-1 $-1 $1926 $701 #
coedge $-1 -1 $-1 $1444 $1444 $1927 $1928 forward $1022 $-1 #
ATTRIB_CUSTOM-attrib $-1 -1 $-1 $-1 $1025 @17 sketch_attrib_def 1 1 3 @22 261 0 4294967295 0 1 1 #
coedge $-1 -1 $-1 $1025 $1039 $1929 $1930 reversed $702 $-1 #
ellipse-curve $-1 -1 $-1 -36.67449818785760129 -59.99999999999999289 -193.4544531934926681 0.5999801156865306462 0.7071067811865471286 -0.3741976226284419171 -2.545500050274209336 3.000000000000003109 1.587586058786736309 0.7071067811865474617 I I #
vertex $-1 -1 $-1 $1029 $1931 #
ellipse-curve $-1 -1 $-1 -45.15949848187467097 -59.99999999999998579 -188.1624995853473195 -0.8485000167580697417 2.384943802758272432e-16 0.5291953529289118441 -1.124310550691847009e-15 -4.000000000000004441 6.207337637170733403e-30 1 I I #
point $-1 -1 $-1 -44.31099846511659024 -56.99999999999998579 -188.6916949382762141 #
coedge $-1 -1 $-1 $1932 $1032 $1035 $1457 reversed $1453 $-1 #
coedge $-1 -1 $-1 $1032 $1932 $1039 $1460 reversed $1453 $-1 #
loop $-1 -1 $-1 $1933 $1932 $1934 #
straight-curve $-1 -1 $-1 -23.08223366915996522 -70 -190.5575330610496678 -8.485000167580706076 2.384943802758274799e-15 5.291953529289123992 I I #
ATTRIB_CUSTOM-attrib $-1 -1 $-1 $-1 $1034 @17 sketch_attrib_def 1 1 3 @22 259 0 4294967295 0 1 1 #
coedge $-1 -1 $-1 $1035 $1034 $1935 $1936 forward $1036 $-1 #
edge $-1 -1 $-1 $1937 0 $1037 2 $1035 $1938 forward @7 unknown #
loop $-1 -1 $-1 $-1 $1939 $1052 #
point $-1 -1 $-1 -23.08223366915996522 -70 -190.5575330610496678 #
edge $-1 -1 $-1 $1040 0 $1940 2 $1039 $1941 forward @7 unknown #
point $-1 -1 $-1 -40.05223400432138448 -70 -179.973626002471434 #
coedge $1942 -1 $-1 $1929 $1935 $1042 $1463 reversed $1924 $-1 #
edge $-1 -1 $-1 $1464 -1.250000000000000444 $1466 0.7499999999999994449 $1042 $1943 forward @7 unknown #
vertex $-1 -1 $-1 $1043 $1944 #
straight-curve $-1 -1 $-1 -55.92809459218874224 -64.99999999999998579 -205.4286265052135434 2.810776376729617128e-15 10.00000000000001066 -1.551834409292683281e-29 I I #
vertex $-1 -1 $-1 $1463 $1945 #
straight-curve $-1 -1 $-1 -38.95809425702734075 -54.99999999999998579 -216.0125335637918056 -2.810776376729617128e-15 -10.00000000000001066 1.551834409292683281e-29 I I #
DXID-attrib $-1 -1 $-1 $-1 $1045 @10 ASM ENTITY @2 37 #
plane-surface $-1 -1 $-1 -34.71559417323697261 -59.99999999999999289 -218.658510328436364 -0.5291953529289117331 1.487449796687662967e-16 -0.8485000167580698527 -8.485000167580707853 2.384943802758274799e-15 5.291953529289123104 forward_v I I I I #
loop $-1 -1 $-1 $-1 $1927 $1021 #
coedge $-1 -1 $-1 $1471 $1471 $1050 $1472 forward $1946 $-1 #
edge $-1 -1 $-1 $1947 -3.141592653589793116 $1947 3.141592653589793116 $1050 $1948 forward @7 unknown #
DXID-attrib $-1 -1 $-1 $-1 $1052 @10 ASM ENTITY @2 11 #
face $1949 -1 $-1 $1950 $1951 $38 $-1 $1952 forward single #
plane-surface $-1 -1 $-1 -23.08223354272359984 -49.99999985098837385 -190.557533139905928 0.8485000167580697417 -2.384943802758272432e-16 -0.5291953529289118441 -2.810776376729617128e-15 -10.00000000000001066 1.551834409292683281e-29 forward_v I I I I #
DXID-attrib $-1 -1 $-1 $-1 $1054 @10 ASM ENTITY @1 7 #
loop $-1 -1 $-1 $1953 $1954 $1054 #
cone-surface $-1 -1 $-1 15.00000000000001776 -239.9999999999999432 -54.65138140769182939 -1 2.83276944882392522e-16 -1.594897878183754025e-29 -8.498308346471798832e-16 -3.000000000000007994 4.733165431326416253e-30 1 I I 0 1 3.000000000000007994 forward I I I I #
loop $-1 -1 $-1 $-1 $1955 $729 #
coedge $-1 -1 $-1 $1480 $1480 $1956 $1957 forward $1055 $-1 #
coedge $-1 -1 $-1 $1958 $1058 $1959 $1960 forward $730 $-1 #
coedge $-1 -1 $-1 $1058 $1958 $1077 $1503 forward $730 $-1 #
coedge $-1 -1 $-1 $1073 $1072 $1058 $1484 reversed $1074 $-1 #
edge $-1 -1 $-1 $1504 -0.7500000111758708954 $1961 2.250000011175870895 $1058 $1962 forward @7 unknown #
loop $-1 -1 $-1 $1963 $1059 $1518 #
vertex $-1 -1 $-1 $1060 $1964 #
ellipse-curve $-1 -1 $-1 -2.832769491035791893e-15 -250.0000001490115551 -54.65138140769182939 -2.83276944882392522e-16 -1 1.577721810442134664e-30 -4.78469363455127917e-29 4.733165431326434469e-30 3.000000000000010658 1 I I #
vertex $-1 -1 $-1 $1062 $1965 #
ellipse-curve $-1 -1 $-1 -4.249154173236201747e-15 -254.9999999999999716 -54.65138140769182939 -2.83276944882392522e-16 -1 1.577721810442134664e-30 -6.379591512735029551e-29 6.310887241768570885e-30 4.000000000000008882 1 I I #
point $-1 -1 $-1 -4.333271268097968077e-15 -253.9999999999999716 -57.65138140769184361 #
coedge $-1 -1 $-1 $1966 $1065 $1068 $1496 reversed $1493 $-1 #
coedge $-1 -1 $-1 $1065 $1959 $1072 $1499 forward $1493 $-1 #
loop $-1 -1 $-1 $1967 $1968 $1969 #
straight-curve $-1 -1 $-1 15.00000000000001599 -244.9999999999999432 -89.82569064796659575 1.594897878183755986e-28 -1.57772181044214132e-29 -10.00000000000001243 I I #
coedge $-1 -1 $-1 $1068 $1067 $1970 $1971 forward $1069 $-1 #
edge $-1 -1 $-1 $1972 -0.5 $1070 0.5 $1068 $1973 forward @7 tangent #
face $1974 -1 $-1 $1500 $1069 $40 $-1 $1975 forward single #
point $-1 -1 $-1 15.00000000000001599 -244.9999999999999432 -134.6513814076919289 #
edge $-1 -1 $-1 $1961 -0.75 $1075 0.25 $1492 $1976 forward @7 unknown #
face $1977 -1 $-1 $1978 $1074 $40 $-1 $1979 reversed single #
point $-1 -1 $-1 15.00000000000001599 -244.9999999999999432 -119.6513811841744968 #
coedge $-1 -1 $-1 $1511 $1077 $1980 $1981 forward $744 $-1 #
edge $-1 -1 $-1 $1982 0 $1504 7.46513811841744257 $1077 $1983 forward @7 unknown #
vertex $-1 -1 $-1 $1484 $1984 #
straight-curve $-1 -1 $-1 -15.00000000000002132 -247.4999999999999432 -119.6513811841744968 -2.832769448823928868e-15 -10.00000000000001243 1.577721810442136555e-29 I I #
coedge $-1 -1 $-1 $1985 $1970 $1079 $1507 reversed $1519 $-1 #
edge $-1 -1 $-1 $1986 -1.500000016763806343 $1508 5.587935003603661244e-09 $1079 $1987 forward @7 unknown #
vertex $-1 -1 $-1 $1507 $1988 #
straight-curve $-1 -1 $-1 -15.00000000000001776 -239.9999999999999432 -134.6513814076919289 2.832769448823928868e-15 10.00000000000001243 -1.577721810442136555e-29 I I #
coedge $-1 -1 $-1 $1510 $1510 $1955 $1989 reversed $1081 $-1 #
coedge $-1 -1 $-1 $1082 $1502 $1990 $1991 reversed $744 $-1 #
coedge $-1 -1 $-1 $1992 $1993 $1082 $1513 reversed $1994 $-1 #
edge $-1 -1 $-1 $1995 -0.75 $1986 0.25 $1082 $1996 forward @7 unknown #
DXID-attrib $-1 -1 $-1 $-1 $1083 @10 ASM ENTITY @1 8 #
face $1997 -1 $-1 $1998 $1999 $40 $-1 $2000 forward single #
plane-surface $-1 -1 $-1 -15.00000000000001776 -239.9999999999999432 -134.6513814076919289 -1 2.83276944882392522e-16 -1.594897878183754025e-29 -1.594897878183755986e-28 1.57772181044214132e-29 10.00000000000001243 forward_v I I I I #
DXID-attrib $-1 -1 $-1 $-1 $1087 @10 ASM ENTITY @2 16 #
face $2001 -1 $-1 $2002 $1485 $40 $-1 $2003 reversed single #
loop $-1 -1 $-1 $2004 $1970 $1087 #
plane-surface $-1 -1 $-1 -1.117587075374728429e-07 -234.9999999999999432 -134.6513812959332199 2.83276944882392522e-16 1 -1.577721810442134664e-30 -1.594897878183755986e-28 1.57772181044214132e-29 10.00000000000001243 forward_v I I I I #
coedge $-1 -1 $-1 $1521 $1521 $2005 $2006 forward $1088 $-1 #
DXID-attrib $-1 -1 $-1 $-1 $1091 @10 ASM ENTITY @1 7 #
face $2007 -1 $-1 $2008 $2009 $42 $-1 $2010 forward single #
loop $-1 -1 $-1 $-1 $2011 $752 #
coedge $-1 -1 $-1 $1525 $1525 $2012 $2013 forward $1092 $-1 #
coedge $-1 -1 $-1 $1095 $1109 $2014 $2015 reversed $753 $-1 #
ellipse-curve $-1 -1 $-1 56.67062935245476041 -240 -174.5419797683820775 0.407012169473621066 0.7071067811865472397 0.5782223567974320577 -1.726806390361473209 3.000000000000003109 -2.453189697150790494 0.7071067811865474617 I I #
vertex $-1 -1 $-1 $1099 $2016 #
ellipse-curve $-1 -1 $-1 50.91460796547844581 -240 -182.7192788807359705 -0.5756021301204911067 1.630548128883287399e-16 -0.8177298990502630538 -1.133107779529571271e-15 -4.000000000000004441 6.472970964366241335e-30 1 I I #
point $-1 -1 $-1 51.49021009559893969 -236.9999999999999716 -181.9015489816857212 #
coedge $-1 -1 $-1 $2017 $1102 $1105 $1536 reversed $1533 $-1 #
coedge $-1 -1 $-1 $1102 $2017 $1109 $1539 reversed $1533 $-1 #
loop $-1 -1 $-1 $2018 $2017 $2019 #
straight-curve $-1 -1 $-1 54.53473939792559122 -250 -160.8095446200865695 -5.756021301204917506 1.630548128883289075e-15 -8.177298990502638532 I I #
coedge $-1 -1 $-1 $1105 $1104 $2020 $2021 forward $1106 $-1 #
edge $-1 -1 $-1 $2022 0 $1107 2 $1105 $2023 forward @7 unknown #
loop $-1 -1 $-1 $-1 $2024 $1122 #
point $-1 -1 $-1 54.53473939792559122 -250 -160.8095446200865695 #
edge $-1 -1 $-1 $1110 0 $2025 2 $1109 $2026 forward @7 unknown #
point $-1 -1 $-1 43.0226967955157491 -250 -177.1641426010918394 #
coedge $-1 -1 $-1 $2014 $2020 $1112 $1542 reversed $2009 $-1 #
edge $-1 -1 $-1 $1543 -1.250000000000000444 $1545 0.7499999999999994449 $1112 $2027 forward @7 unknown #
vertex $-1 -1 $-1 $1113 $2028 #
straight-curve $-1 -1 $-1 67.55459376702366114 -245 -194.4322065047066133 2.832769448823927685e-15 10.00000000000001066 -1.618242741091560404e-29 I I #
vertex $-1 -1 $-1 $1542 $2029 #
straight-curve $-1 -1 $-1 79.06663636943349616 -235 -178.0776085237013433 -2.832769448823927685e-15 -10.00000000000001066 1.618242741091560404e-29 I I #
DXID-attrib $-1 -1 $-1 $-1 $1115 @10 ASM ENTITY @2 37 #
plane-surface $-1 -1 $-1 81.94464702003597267 -240 -173.9889590284500116 0.8177298990502631648 -2.316440275419466608e-16 -0.5756021301204909957 -5.75602130120491573 1.630548128883288878e-15 -8.177298990502640308 forward_v I I I I #
loop $-1 -1 $-1 $-1 $2012 $1091 #
coedge $-1 -1 $-1 $1550 $1550 $1120 $1551 forward $2030 $-1 #
edge $-1 -1 $-1 $2031 -3.141592653589793116 $2031 3.141592653589793116 $1120 $2032 forward @7 unknown #
DXID-attrib $-1 -1 $-1 $-1 $1122 @10 ASM ENTITY @2 11 #
face $2033 -1 $-1 $2034 $2035 $42 $-1 $2036 forward single #
plane-surface $-1 -1 $-1 54.53473948369698832 -229.9999998509883596 -160.8095444982353399 0.5756021301204911067 -1.630548128883287399e-16 0.8177298990502630538 -2.832769448823927685e-15 -10.00000000000001066 1.618242741091560404e-29 forward_v I I I I #
DXID-attrib $-1 -1 $-1 $-1 $1124 @10 ASM ENTITY @1 7 #
loop $-1 -1 $-1 $2037 $2038 $1124 #
cone-surface $-1 -1 $-1 -23.94719977566421676 -60.00000000000002842 -201.3927071118586412 -0.8485000167580697417 2.384943802758270953e-16 0.5291953529289118441 -8.432329130188870316e-16 -3.00000000000000755 2.681369190049441976e-30 1 I I 0 1 3.00000000000000755 forward I I I I #
loop $-1 -1 $-1 $-1 $2039 $780 #
coedge $-1 -1 $-1 $1559 $1559 $2040 $2041 forward $1125 $-1 #
coedge $-1 -1 $-1 $2042 $1128 $2043 $2044 forward $781 $-1 #
coedge $-1 -1 $-1 $1128 $2042 $1147 $1582 forward $781 $-1 #
coedge $-1 -1 $-1 $1143 $1142 $1128 $1563 reversed $1144 $-1 #
edge $-1 -1 $-1 $1583 -0.7500000111758708954 $2045 2.250000011175870895 $1128 $2046 forward @7 unknown #
loop $-1 -1 $-1 $2047 $1129 $1597 #
vertex $-1 -1 $-1 $1130 $2048 #
ellipse-curve $-1 -1 $-1 -36.67470002703527143 -70.00000014901164036 -193.4547768179249374 -2.810776376729616536e-16 -1 8.937897300164784982e-31 1.587586058786740972 -4.462349390063025387e-16 2.545500050274218218 1 I I #
vertex $-1 -1 $-1 $1132 $2049 #
ellipse-curve $-1 -1 $-1 -36.67470002703527143 -75.00000000000004263 -193.4547768179249374 -2.810776376729616536e-16 -1 8.937897300164784982e-31 2.116781411715651373 -5.949799186750690326e-16 3.394000067032285184 1 I I #
point $-1 -1 $-1 -38.26228608582201218 -74.00000000000004263 -196.0002768681991654 #
coedge $-1 -1 $-1 $2050 $1135 $1138 $1575 reversed $1572 $-1 #
coedge $-1 -1 $-1 $1135 $2043 $1142 $1578 forward $1572 $-1 #
loop $-1 -1 $-1 $2051 $2052 $2053 #
straight-curve $-1 -1 $-1 -42.56128076810210104 -65.00000000000002842 -231.2381090916852884 -5.291953529289123992 1.487449796687671448e-15 -8.485000167580706076 I I #
coedge $-1 -1 $-1 $1138 $1137 $2054 $2055 forward $1139 $-1 #
edge $-1 -1 $-1 $2056 -0.5 $1140 0.5 $1138 $2057 forward @7 tangent #
face $2058 -1 $-1 $1579 $1139 $44 $-1 $2059 forward single #
point $-1 -1 $-1 -66.28282800997720869 -65.00000000000002842 -269.2727084525042756 #
edge $-1 -1 $-1 $2045 -0.75 $1145 0.25 $1571 $2060 forward @7 unknown #
face $2061 -1 $-1 $2062 $1144 $44 $-1 $2063 reversed single #
point $-1 -1 $-1 -58.34489759775914308 -65.00000000000002842 -256.5452080114786781 #
coedge $-1 -1 $-1 $1590 $1147 $2064 $2065 forward $795 $-1 #
edge $-1 -1 $-1 $2066 0 $1583 7.46513811841744257 $1147 $2067 forward @7 unknown #
vertex $-1 -1 $-1 $1563 $2068 #
straight-curve $-1 -1 $-1 -83.79989810050126664 -67.50000000000002842 -240.6693474236113275 -2.810776376729619494e-15 -10.00000000000001066 8.937897300164795141e-30 I I #
coedge $-1 -1 $-1 $2069 $2054 $1149 $1586 reversed $1598 $-1 #
edge $-1 -1 $-1 $2070 -1.500000016763806343 $1587 5.587935003603661244e-09 $1149 $2071 forward @7 unknown #
vertex $-1 -1 $-1 $1586 $2072 #
straight-curve $-1 -1 $-1 -91.73782851271931804 -60.00000000000000711 -253.3968478646369249 2.810776376729619494e-15 10.00000000000001066 -8.937897300164795141e-30 I I #
coedge $-1 -1 $-1 $1589 $1589 $2039 $2073 reversed $1151 $-1 #
coedge $-1 -1 $-1 $1152 $1581 $2074 $2075 reversed $795 $-1 #
coedge $-1 -1 $-1 $2076 $2077 $1152 $1592 reversed $2078 $-1 #
edge $-1 -1 $-1 $2079 -0.75 $2070 0.25 $1152 $2080 forward @7 unknown #
DXID-attrib $-1 -1 $-1 $-1 $1153 @10 ASM ENTITY @1 8 #
face $2081 -1 $-1 $2082 $2083 $44 $-1 $2084 forward single #
plane-surface $-1 -1 $-1 -91.73782851271931804 -60.00000000000000711 -253.3968478646369249 -0.8485000167580697417 2.384943802758270953e-16 0.5291953529289118441 5.291953529289123992 -1.487449796687671448e-15 8.485000167580706076 forward_v I I I I #
DXID-attrib $-1 -1 $-1 $-1 $1157 @10 ASM ENTITY @2 16 #
face $2085 -1 $-1 $2086 $1564 $44 $-1 $2087 reversed single #
loop $-1 -1 $-1 $2088 $2054 $1157 #
plane-surface $-1 -1 $-1 -79.0103282970333396 -55.00000000000000711 -261.3347780046011621 2.810776376729616536e-16 1 -8.937897300164784982e-31 5.291953529289123992 -1.487449796687671448e-15 8.485000167580706076 forward_v I I I I #
coedge $-1 -1 $-1 $1600 $1600 $2089 $2090 forward $1158 $-1 #
DXID-attrib $-1 -1 $-1 $-1 $1161 @10 ASM ENTITY @1 7 #
face $2091 -1 $-1 $2092 $2093 $46 $-1 $2094 forward single #
loop $-1 -1 $-1 $-1 $2095 $803 #
coedge $-1 -1 $-1 $1604 $1604 $2096 $2097 forward $1162 $-1 #
coedge $-1 -1 $-1 $1165 $1179 $2098 $2099 reversed $804 $-1 #
ellipse-curve $-1 -1 $-1 -140.172911255979642 -60.00000000000000711 -293.9224830517050577 0.3324992106358412025 0.7071067811865473507 -0.624054705075238525 -1.410674679478665539 3.000000000000003109 2.647639882740433936 0.7071067811865474617 I I #
vertex $-1 -1 $-1 $1169 $2100 #
ellipse-curve $-1 -1 $-1 -144.8751602576441542 -60.00000000000000711 -285.097016644393932 -0.470224893159554902 1.658727809094312331e-17 0.8825466275801440164 -3.241879375513720765e-16 -4.000000000000005329 -9.754966281044430399e-17 1 I I #
point $-1 -1 $-1 -144.4049353644846292 -57.00000000000000711 -285.9795632719740865 #
coedge $-1 -1 $-1 $2101 $1172 $1175 $1615 reversed $1612 $-1 #
coedge $-1 -1 $-1 $1172 $2101 $1179 $1618 reversed $1612 $-1 #
loop $-1 -1 $-1 $2102 $2101 $2103 #
straight-curve $-1 -1 $-1 -126.9532048216081108 -70.00000000000002842 -298.2098088836236798 -4.70224893159555446 1.658727809094314303e-16 8.825466275801451488 I I #
coedge $-1 -1 $-1 $1175 $1174 $2104 $2105 forward $1176 $-1 #
edge $-1 -1 $-1 $2106 0 $1177 2 $1175 $2107 forward @7 unknown #
loop $-1 -1 $-1 $-1 $2108 $1192 #
point $-1 -1 $-1 -126.9532048216081108 -70.00000000000002842 -298.2098088836236798 #
edge $-1 -1 $-1 $1180 0 $2109 2 $1179 $2110 forward @7 unknown #
point $-1 -1 $-1 -136.3577026847992215 -70.00000000000002842 -280.558876332020759 #
coedge $-1 -1 $-1 $2098 $2104 $1182 $1621 reversed $2093 $-1 #
edge $-1 -1 $-1 $1622 -1.250000000000000444 $1624 0.7499999999999994449 $1182 $2111 forward @7 unknown #
vertex $-1 -1 $-1 $1183 $2112 #
straight-curve $-1 -1 $-1 -162.8341015122035742 -65.00000000000001421 -294.665623126807418 8.104698438784301665e-16 10.00000000000001243 2.438741570261107415e-16 I I #
vertex $-1 -1 $-1 $1621 $2113 #
straight-curve $-1 -1 $-1 -153.4296036490124493 -55 -312.3165556784103387 -8.104698438784301665e-16 -10.00000000000001243 -2.438741570261107415e-16 I I #
DXID-attrib $-1 -1 $-1 $-1 $1185 @10 ASM ENTITY @2 37 #
plane-surface $-1 -1 $-1 -151.0784791832146823 -60.00000000000000711 -316.7292888163110547 -0.8825466275801439053 8.299531269022928229e-17 -0.470224893159555013 -4.702248931595556236 1.658727809094315289e-16 8.825466275801449711 forward_v I I I I #
loop $-1 -1 $-1 $-1 $2096 $1161 #
coedge $-1 -1 $-1 $1629 $1629 $1190 $1630 forward $2114 $-1 #
edge $-1 -1 $-1 $2115 -3.141592653589793116 $2115 3.141592653589793116 $1190 $2116 forward @7 unknown #
DXID-attrib $-1 -1 $-1 $-1 $1192 @10 ASM ENTITY @2 11 #
face $2117 -1 $-1 $2118 $2119 $46 $-1 $2120 forward single #
plane-surface $-1 -1 $-1 -126.9532047515391469 -49.99999985098838806 -298.2098090151333736 0.470224893159554902 -1.658727809094312331e-17 -0.8825466275801440164 -8.104698438784301665e-16 -10.00000000000001243 -2.438741570261107415e-16 forward_v I I I I #
DXID-attrib $-1 -1 $-1 $-1 $1194 @10 ASM ENTITY @1 7 #
loop $-1 -1 $-1 $2121 $2122 $1194 #
cone-surface $-1 -1 $-1 65.30497319273524681 -239.9999999999999432 -162.2762508217078903 -0.5756021301204909957 1.63054812888328666e-16 -0.8177298990502631648 -8.498308346471792915e-16 -3.00000000000000755 4.797549918289685509e-30 1 I I 0 1 3.00000000000000755 forward I I I I #
loop $-1 -1 $-1 $-1 $2123 $831 #
coedge $-1 -1 $-1 $1638 $1638 $2124 $2125 forward $1195 $-1 #
coedge $-1 -1 $-1 $2126 $1198 $2127 $2128 forward $832 $-1 #
coedge $-1 -1 $-1 $1198 $2126 $1217 $1661 forward $832 $-1 #
coedge $-1 -1 $-1 $1213 $1212 $1198 $1642 reversed $1214 $-1 #
edge $-1 -1 $-1 $1662 -0.7500000111758708954 $2129 2.250000011175870895 $1198 $2130 forward @7 unknown #
loop $-1 -1 $-1 $2131 $1199 $1676 #
vertex $-1 -1 $-1 $1200 $2132 #
ellipse-curve $-1 -1 $-1 56.67094124092787411 -250.0000001490115835 -174.5421993074618285 -2.832769448823923741e-16 -1 1.599183306096557866e-30 -2.453189697150798043 6.949320826258422011e-16 1.726806390361478982 1 I I #
vertex $-1 -1 $-1 $1202 $2133 #
ellipse-curve $-1 -1 $-1 56.67094124092787411 -254.9999999999999716 -174.5421993074618285 -2.832769448823923741e-16 -1 1.599183306096557866e-30 -3.270919596201059321 9.265761101677882209e-16 2.302408520481968424 1 I I #
point $-1 -1 $-1 59.12413093807867881 -253.9999999999999716 -176.2690056978233315 #
coedge $-1 -1 $-1 $2134 $1205 $1208 $1654 reversed $1651 $-1 #
coedge $-1 -1 $-1 $1205 $2127 $1212 $1657 forward $1651 $-1 #
loop $-1 -1 $-1 $2135 $2136 $2137 #
straight-curve $-1 -1 $-1 94.06805753694786176 -244.9999999999999716 -182.5226581459268971 8.177298990502640308 -2.316440275419468679e-15 -5.75602130120491573 I I #
coedge $-1 -1 $-1 $1208 $1207 $2138 $2139 forward $1209 $-1 #
edge $-1 -1 $-1 $2140 -0.5 $1210 0.5 $1208 $2141 forward @7 tangent #
face $2142 -1 $-1 $1658 $1209 $48 $-1 $2143 forward single #
point $-1 -1 $-1 130.7233651167563551 -244.9999999999999716 -208.3244212313472019 #
edge $-1 -1 $-1 $2129 -0.75 $1215 0.25 $1650 $2144 forward @7 unknown #
face $2145 -1 $-1 $2146 $1214 $48 $-1 $2147 reversed single #
point $-1 -1 $-1 118.4574164482255298 -244.9999999999999716 -199.6903891508827371 #
coedge $-1 -1 $-1 $1669 $1217 $2148 $2149 forward $846 $-1 #
edge $-1 -1 $-1 $2150 0 $1662 7.46513811841744257 $1217 $2151 forward @7 unknown #
vertex $-1 -1 $-1 $1642 $2152 #
straight-curve $-1 -1 $-1 101.1893525446107844 -247.4999999999999716 -224.222286122390642 -2.832769448823926896e-15 -10.00000000000001066 1.599183306096559688e-29 I I #
coedge $-1 -1 $-1 $2153 $2138 $1219 $1665 reversed $1677 $-1 #
edge $-1 -1 $-1 $2154 -1.500000016763806343 $1666 5.587935003603661244e-09 $1219 $2155 forward @7 unknown #
vertex $-1 -1 $-1 $1665 $2156 #
straight-curve $-1 -1 $-1 113.4553012131416239 -239.9999999999999716 -232.8563182028551353 2.832769448823926896e-15 10.00000000000001066 -1.599183306096559688e-29 I I #
coedge $-1 -1 $-1 $1668 $1668 $2123 $2157 reversed $1221 $-1 #
coedge $-1 -1 $-1 $1222 $1660 $2158 $2159 reversed $846 $-1 #
coedge $-1 -1 $-1 $2160 $2161 $1222 $1671 reversed $2162 $-1 #
edge $-1 -1 $-1 $2163 -0.75 $2154 0.25 $1222 $2164 forward @7 unknown #
DXID-attrib $-1 -1 $-1 $-1 $1223 @10 ASM ENTITY @1 8 #
face $2165 -1 $-1 $2166 $2167 $48 $-1 $2168 forward single #
plane-surface $-1 -1 $-1 113.4553012131416239 -239.9999999999999716 -232.8563182028551353 -0.5756021301204909957 1.63054812888328666e-16 -0.8177298990502631648 -8.177298990502640308 2.316440275419468679e-15 5.75602130120491573 forward_v I I I I #
DXID-attrib $-1 -1 $-1 $-1 $1227 @10 ASM ENTITY @2 16 #
face $2169 -1 $-1 $2170 $1643 $48 $-1 $2171 reversed single #
loop $-1 -1 $-1 $2172 $2138 $1227 #
plane-surface $-1 -1 $-1 122.089333009232007 -234.9999999999999716 -220.5903697441610518 2.832769448823923741e-16 1 -1.599183306096557866e-30 -8.177298990502640308 2.316440275419468679e-15 5.75602130120491573 forward_v I I I I #
coedge $-1 -1 $-1 $1679 $1679 $2173 $2174 forward $1228 $-1 #
DXID-attrib $-1 -1 $-1 $-1 $1231 @10 ASM ENTITY @1 7 #
face $2175 -1 $-1 $2176 $2177 $50 $-1 $2178 forward single #
loop $-1 -1 $-1 $-1 $2179 $854 #
coedge $-1 -1 $-1 $1683 $1683 $2180 $2181 forward $1232 $-1 #
coedge $-1 -1 $-1 $1235 $1249 $2182 $2183 reversed $855 $-1 #
ellipse-curve $-1 -1 $-1 139.8603714992183598 -239.9999999999998863 -287.5755193048950673 0.6834635773002057935 0.7071067811865471286 0.1813216437825504457 -2.899690381217948421 3.000000000000003109 -0.7692825833671983471 0.7071067811865474617 I I #
vertex $-1 -1 $-1 $1239 $2184 #
ellipse-curve $-1 -1 $-1 130.1947367511293407 -239.9999999999998863 -290.1397946209964402 -0.9665634604059827328 2.738051440987590968e-16 -0.2564275277890659677 -1.133107779529568707e-15 -4.000000000000004441 6.596865345705635042e-30 1 I I #
point $-1 -1 $-1 131.1613002115353197 -236.9999999999998863 -289.8833670932073687 #
coedge $-1 -1 $-1 $2185 $1242 $1245 $1694 reversed $1691 $-1 #
coedge $-1 -1 $-1 $1242 $2185 $1249 $1697 reversed $1691 $-1 #
loop $-1 -1 $-1 $2186 $2185 $2187 #
straight-curve $-1 -1 $-1 147.0512240325859352 -249.9999999999999147 -275.6829400706262732 -9.665634604059837542 2.738051440987594025e-15 -2.564275277890662341 I I #
coedge $-1 -1 $-1 $1245 $1244 $2188 $2189 forward $1246 $-1 #
edge $-1 -1 $-1 $2190 0 $1247 2 $1245 $2191 forward @7 unknown #
loop $-1 -1 $-1 $-1 $2192 $1262 #
point $-1 -1 $-1 147.0512240325859352 -249.9999999999999147 -275.6829400706262732 #
edge $-1 -1 $-1 $1250 0 $2193 2 $1249 $2194 forward @7 unknown #
point $-1 -1 $-1 127.7199548244662424 -249.9999999999998863 -280.8114906264075898 #
coedge $-1 -1 $-1 $2182 $2188 $1252 $1700 reversed $2177 $-1 #
edge $-1 -1 $-1 $1701 -1.250000000000000444 $1703 0.7499999999999994449 $1252 $2195 forward @7 unknown #
vertex $-1 -1 $-1 $1253 $2196 #
straight-curve $-1 -1 $-1 135.4127806581382458 -244.9999999999998863 -309.8083944385871291 2.832769448823921768e-15 10.00000000000001066 -1.649216336426408761e-29 I I #
vertex $-1 -1 $-1 $1700 $2197 #
straight-curve $-1 -1 $-1 154.7440498662579103 -234.9999999999998863 -304.6798438828058124 -2.832769448823921768e-15 -10.00000000000001066 1.649216336426408761e-29 I I #
DXID-attrib $-1 -1 $-1 $-1 $1255 @10 ASM ENTITY @2 37 #
plane-surface $-1 -1 $-1 159.5768671682878335 -239.9999999999998863 -303.3977062438604548 0.2564275277890660787 -7.264000665583287678e-17 -0.9665634604059827328 -9.665634604059837542 2.738051440987594025e-15 -2.564275277890663673 forward_v I I I I #
loop $-1 -1 $-1 $-1 $2180 $1231 #
coedge $-1 -1 $-1 $1708 $1708 $1260 $1709 forward $2198 $-1 #
edge $-1 -1 $-1 $2199 -3.141592653589793116 $2199 3.141592653589793116 $1260 $2200 forward @7 unknown #
DXID-attrib $-1 -1 $-1 $-1 $1262 @10 ASM ENTITY @2 11 #
face $2201 -1 $-1 $2202 $2203 $50 $-1 $2204 forward single #
plane-surface $-1 -1 $-1 147.0512241766151078 -229.9999998509882744 -275.6829400324155586 0.9665634604059827328 -2.738051440987590968e-16 0.2564275277890659677 -2.832769448823921768e-15 -10.00000000000001066 1.649216336426408761e-29 forward_v I I I I #
DXID-attrib $-1 -1 $-1 $-1 $1264 @10 ASM ENTITY @1 7 #
face $2205 -1 $-1 $1733 $1729 $52 $-1 $2206 forward single #
plane-surface $-1 -1 $-1 -162.83410151220329 -49.99999999999994316 -294.6656231268072474 -8.104698438784437497e-17 -1 -2.43874157026120405e-17 4.702248931595550019 -1.658727809094294828e-16 -8.825466275801435501 forward_v I I I I #
coedge $-1 -1 $-1 $2207 $1267 $1720 $2208 forward $883 $-1 #
coedge $-1 -1 $-1 $1267 $2207 $1762 $2209 forward $883 $-1 #
edge $-1 -1 $-1 $1764 -0.7853981633974495002 $1760 0.7853981633974470578 $1307 $2210 forward @7 unknown #
ATTRIB_CUSTOM-attrib $-1 -1 $-1 $-1 $1268 @17 sketch_attrib_def 1 1 3 @13 143 0 1 0 1 1 #
coedge $-1 -1 $-1 $1269 $1268 $1716 $2208 reversed $599 $-1 #
edge $-1 -1 $-1 $2211 -1.323875266380769355 $1722 1.276124733619231399 $1298 $2212 forward @7 unknown #
vertex $-1 -1 $-1 $1724 $2213 #
straight-curve $-1 -1 $-1 -164.2447761916819502 -74.99999999999994316 -292.0179832440667838 8.825466275801435501 -8.299531269023102025e-16 4.702248931595550019 F -0.6200009999999999133 F 3.620001000000000246 #
edge $-1 -1 $-1 $1302 -0.7853981633974506105 $1722 0.7853981633974460586 $1271 $2214 reversed @7 unknown #
straight-curve $-1 -1 $-1 -165.185225978001057 -72.99999999999994316 -290.2528899889065315 -8.825466275801435501 8.299531269023102025e-16 -4.702248931595550019 F -3.620001000000000246 F 0.6200009999999999133 #
point $-1 -1 $-1 -137.7683773642776544 -74.99999999999994316 -277.9112364492801817 #
coedge $-1 -1 $-1 $2215 $1275 $1278 $1732 reversed $1729 $-1 #
coedge $-1 -1 $-1 $1275 $2215 $1282 $1736 forward $1729 $-1 #
loop $-1 -1 $-1 $-1 $2215 $1714 #
straight-curve $-1 -1 $-1 -136.3577026847989657 -69.99999999999994316 -280.5588763320205885 8.104698438784435771e-16 9.999999999999998224 2.438741570261203557e-16 I I #
coedge $2216 -1 $-1 $1278 $1277 $2217 $2218 reversed $1279 $-1 #
edge $-1 -1 $-1 $2219 0 $1280 3 $1278 $2220 forward @7 unknown #
face $2221 -1 $-1 $1290 $1279 $52 $-1 $2222 forward single #
point $-1 -1 $-1 -136.3577026847989657 -69.99999999999994316 -280.5588763320205885 #
coedge $2223 -1 $-1 $1283 $1282 $2224 $2225 reversed $1284 $-1 #
edge $-1 -1 $-1 $2226 0 $1285 3 $1728 $2227 forward @7 unknown #
point $-1 -1 $-1 -136.3577026847989657 -49.99999999999995026 -280.5588763320205885 #
ATTRIB_CUSTOM-attrib $-1 -1 $-1 $-1 $1287 @17 sketch_attrib_def 1 1 3 @22 134 0 4294967295 0 1 1 #
coedge $-1 -1 $-1 $2224 $2217 $1287 $1740 forward $2228 $-1 #
edge $-1 -1 $-1 $1743 -1.5 $1741 0.5 $1739 $2229 forward @7 unknown #
vertex $-1 -1 $-1 $2225 $2230 #
straight-curve $-1 -1 $-1 -153.4296036490121935 -49.99999999999994316 -312.3165556784101113 8.825466275801435501 -8.299531269023102025e-16 4.702248931595550019 I I #
vertex $-1 -1 $-1 $2218 $2231 #
straight-curve $-1 -1 $-1 -153.4296036490121935 -69.99999999999994316 -312.3165556784101113 8.825466275801435501 -8.299531269023102025e-16 4.702248931595550019 I I #
DXID-attrib $-1 -1 $-1 $-1 $1290 @10 ASM ENTITY @2 10 #
plane-surface $-1 -1 $-1 -153.4296036490121935 -49.99999999999994316 -312.3165556784101113 -0.4702248931595550685 1.658727809094295074e-17 0.8825466275801437943 -8.104698438784435771e-16 -9.999999999999998224 -2.438741570261203557e-16 forward_v I I I I #
coedge $-1 -1 $-1 $1298 $1296 $2207 $2232 reversed $905 $-1 #
coedge $2233 -1 $-1 $1763 $1762 $1296 $1749 reversed $1758 $-1 #
edge $-1 -1 $-1 $1750 -2.049999999999999822 $2234 0.5499999999999998224 $1296 $2235 forward @7 unknown #
vertex $-1 -1 $-1 $1766 $2236 #
ellipse-curve $-1 -1 $-1 -152.0189289695335333 -46.99999999999995026 -314.9641955611505182 -0.8825466275801437943 8.299531269023102025e-17 -0.4702248931595550685 0.664998421271682405 1.414213562373094701 -1.248109410150476162 1 I I #
DXID-attrib $-1 -1 $-1 $-1 $1299 @10 ASM ENTITY @2 13 #
face $2237 -1 $-1 $2238 $2239 $52 $-1 $2240 forward single #
loop $-1 -1 $-1 $905 $2241 $1299 #
plane-surface $-1 -1 $-1 -151.3030140748754775 -59.99999999999994316 -316.3078680997723495 0.8825466275801437943 -8.299531269023102025e-17 0.4702248931595550685 8.104698438784435771e-16 9.999999999999998224 2.438741570261203557e-16 forward_v I I I I #
point $-1 -1 $-1 -165.185225978001057 -72.99999999999994316 -290.2528899889065315 #
DXID-attrib $-1 -1 $-1 $-1 $1305 @10 ASM ENTITY @2 12 #
loop $-1 -1 $-1 $-1 $1762 $1305 #
plane-surface $-1 -1 $-1 -151.0784791832144265 -74.99999999999994316 -316.7292888163108273 0.4702248931595550685 -1.658727809094295074e-17 -0.8825466275801437943 8.104698438784435771e-16 9.999999999999998224 2.438741570261203557e-16 forward_v I I I I #
vertex $-1 -1 $-1 $1308 $2242 #
straight-curve $-1 -1 $-1 -124.6020803558101022 -74.99999999999994316 -302.6225420215241684 4.702248931595550019 -1.658727809094294828e-16 -8.825466275801435501 I I #
coedge $-1 -1 $-1 $1748 $1310 $1717 $2209 reversed $1758 $-1 #
coedge $-1 -1 $-1 $1310 $1748 $1312 $1766 reversed $1758 $-1 #
vertex $-1 -1 $-1 $1718 $2243 #
straight-curve $-1 -1 $-1 -124.6020803558101022 -44.99999999999995026 -302.6225420215241684 8.104698438784435771e-16 9.999999999999998224 2.438741570261203557e-16 I I #
edge $-1 -1 $-1 $1313 -3 $1750 -0 $1763 $2244 forward @7 tangent #
point $-1 -1 $-1 -124.6020803558101022 -46.99999999999995026 -302.6225420215241684 #
DXID-attrib $-1 -1 $-1 $-1 $1316 @10 ASM ENTITY @1 7 #
face $2245 -1 $-1 $1787 $1783 $54 $-1 $2246 forward single #
plane-surface $-1 -1 $-1 135.4127806581383595 -230.0000000000001421 -309.8083944385869586 -2.832769448823919303e-16 -1 8.833153590256991946e-31 9.66563460405983399 -2.738051440987595208e-15 2.564275277890662341 forward_v I I I I #
coedge $-1 -1 $-1 $2247 $1319 $1774 $2248 forward $924 $-1 #
coedge $-1 -1 $-1 $1319 $2247 $1815 $2249 forward $924 $-1 #
edge $-1 -1 $-1 $1817 -0.7853981633974495002 $1813 0.7853981633974470578 $1359 $2250 forward @7 unknown #
coedge $-1 -1 $-1 $1321 $1320 $1771 $2248 reversed $627 $-1 #
edge $-1 -1 $-1 $2251 -1.323875266380769355 $1776 1.276124733619231399 $1350 $2252 forward @7 unknown #
vertex $-1 -1 $-1 $1778 $2253 #
straight-curve $-1 -1 $-1 132.5130902769203942 -255.0000000000001705 -310.5776770219541731 -2.564275277890662785 7.264000665583218653e-16 9.66563460405983399 F -0.6200009999999999133 F 3.620001000000000246 #
edge $-1 -1 $-1 $1354 -0.7853981633974506105 $1776 0.7853981633974460586 $1323 $2254 reversed @7 unknown #
straight-curve $-1 -1 $-1 130.5799633561084363 -253.0000000000001705 -311.0905320775323162 2.564275277890662785 -7.264000665583218653e-16 -9.66563460405983399 F -3.620001000000000246 F 0.6200009999999999133 #
point $-1 -1 $-1 124.8202644432484192 -255.0000000000001705 -281.5807732097746907 #
coedge $-1 -1 $-1 $2255 $1327 $1330 $1786 reversed $1783 $-1 #
coedge $-1 -1 $-1 $1327 $2255 $1334 $1790 forward $1783 $-1 #
loop $-1 -1 $-1 $-1 $2255 $1769 #
straight-curve $-1 -1 $-1 127.7199548244663561 -250.0000000000001705 -280.8114906264074762 2.83276944882392098e-15 10.00000000000000533 -8.8331535902569965e-30 I I #
coedge $-1 -1 $-1 $1330 $1329 $2256 $2257 reversed $1331 $-1 #
edge $-1 -1 $-1 $2258 0 $1332 3 $1330 $2259 forward @7 unknown #
face $2260 -1 $-1 $1342 $1331 $54 $-1 $2261 forward single #
point $-1 -1 $-1 127.7199548244663561 -250.0000000000001705 -280.8114906264074762 #
coedge $-1 -1 $-1 $1335 $1334 $2262 $2263 reversed $1336 $-1 #
edge $-1 -1 $-1 $2264 0 $1337 3 $1782 $2265 forward @7 unknown #
point $-1 -1 $-1 127.7199548244663845 -230.0000000000001421 -280.8114906264074762 #
coedge $-1 -1 $-1 $2262 $2256 $1339 $1793 forward $2266 $-1 #
edge $-1 -1 $-1 $1796 -1.5 $1794 0.5 $1792 $2267 forward @7 unknown #
vertex $-1 -1 $-1 $2263 $2268 #
straight-curve $-1 -1 $-1 154.7440498662580239 -230.0000000000001705 -304.6798438828056419 -2.564275277890662785 7.264000665583218653e-16 9.66563460405983399 I I #
vertex $-1 -1 $-1 $2257 $2269 #
straight-curve $-1 -1 $-1 154.7440498662580239 -250.0000000000001705 -304.6798438828056419 -2.564275277890662785 7.264000665583218653e-16 9.66563460405983399 I I #
DXID-attrib $-1 -1 $-1 $-1 $1342 @10 ASM ENTITY @2 10 #
plane-surface $-1 -1 $-1 154.7440498662580239 -230.0000000000001705 -304.6798438828056419 -0.9665634604059828439 2.738051440987593926e-16 -0.2564275277890660787 -2.83276944882392098e-15 -10.00000000000000533 8.8331535902569965e-30 forward_v I I I I #
coedge $-1 -1 $-1 $1350 $1348 $2247 $2270 reversed $946 $-1 #
coedge $-1 -1 $-1 $1816 $1815 $1348 $1802 reversed $1811 $-1 #
edge $-1 -1 $-1 $1803 -2.049999999999999822 $2271 0.5499999999999998224 $1348 $2272 forward @7 unknown #
vertex $-1 -1 $-1 $1819 $2273 #
ellipse-curve $-1 -1 $-1 157.6437402474759892 -227.0000000000001705 -303.9105612994384842 0.2564275277890660787 -7.264000665583214955e-17 -0.9665634604059828439 1.366927154600412031 1.41421356237309559 0.3626432875651011689 1 I I #
DXID-attrib $-1 -1 $-1 $-1 $1351 @10 ASM ENTITY @2 13 #
face $2274 -1 $-1 $2275 $2276 $54 $-1 $2277 forward single #
loop $-1 -1 $-1 $946 $2278 $1351 #
plane-surface $-1 -1 $-1 159.1153279664657134 -240.0000000000001705 -303.5201517545268644 -0.2564275277890660787 7.264000665583214955e-17 0.9665634604059828439 2.83276944882392098e-15 10.00000000000000533 -8.8331535902569965e-30 forward_v I I I I #
point $-1 -1 $-1 130.5799633561084363 -253.0000000000001705 -311.0905320775323162 #
DXID-attrib $-1 -1 $-1 $-1 $1357 @10 ASM ENTITY @2 12 #
loop $-1 -1 $-1 $-1 $1815 $1357 #
plane-surface $-1 -1 $-1 159.5768671682879472 -255.0000000000001705 -303.3977062438603411 0.9665634604059828439 -2.738051440987593926e-16 0.2564275277890660787 2.83276944882392098e-15 10.00000000000000533 -8.8331535902569965e-30 forward_v I I I I #
vertex $-1 -1 $-1 $1360 $2279 #
straight-curve $-1 -1 $-1 151.8840413346159437 -255.0000000000001705 -274.4008024316808019 9.66563460405983399 -2.738051440987595208e-15 2.564275277890662785 I I #
coedge $-1 -1 $-1 $1801 $1362 $1772 $2249 reversed $1811 $-1 #
coedge $-1 -1 $-1 $1362 $1801 $1364 $1819 reversed $1811 $-1 #
vertex $-1 -1 $-1 $1773 $2280 #
straight-curve $-1 -1 $-1 151.8840413346159721 -225.0000000000001705 -274.4008024316808019 2.83276944882392098e-15 10.00000000000000533 -8.8331535902569965e-30 I I #
edge $-1 -1 $-1 $1365 -3 $1803 -0 $1816 $2281 forward @7 tangent #
point $-1 -1 $-1 151.8840413346159721 -227.0000000000001705 -274.4008024316808019 #
DXID-attrib $-1 -1 $-1 $-1 $1368 @10 ASM ENTITY @1 8 #
face $2282 -1 $-1 $2283 $2284 $34 $-1 $2285 forward single #
loop $-1 -1 $-1 $-1 $2286 $1368 #
plane-surface $-1 -1 $-1 -10 -230 -45.00000000000001421 0 1 0 10 0 0 forward_v I I I I #
coedge $2287 -1 $-1 $2288 $2289 $2290 $2291 reversed $1369 $-1 #
ATTRIB_CUSTOM-attrib $-1 -1 $-1 $-1 $1371 @17 sketch_attrib_def 1 1 3 @13 275 0 1 0 1 1 #
coedge $-1 -1 $-1 $2292 $1371 $1374 $1834 forward $964 $-1 #
coedge $-1 -1 $-1 $1371 $2292 $2288 $2293 reversed $964 $-1 #
coedge $-1 -1 $-1 $2290 $1375 $1371 $1830 forward $1836 $-1 #
edge $-1 -1 $-1 $1838 -1.5 $2294 0.5 $1829 $2295 forward @7 unknown #
coedge $-1 -1 $-1 $1374 $1373 $2296 $2297 reversed $654 $-1 #
coedge $-1 -1 $-1 $2286 $2298 $1373 $1833 reversed $1823 $-1 #
edge $-1 -1 $-1 $1837 0 $2299 3 $1832 $2300 forward @7 unknown #
edge $-1 -1 $-1 $1838 0 $2301 3 $1827 $2302 forward @7 unknown #
coedge $-1 -1 $-1 $1375 $2290 $2286 $2303 forward $1836 $-1 #
loop $-1 -1 $-1 $2304 $1375 $2305 #
vertex $-1 -1 $-1 $1376 $2306 #
vertex $-1 -1 $-1 $1376 $2307 #
straight-curve $-1 -1 $-1 -10 -245 -45.00000000000001421 0 -10 0 I I #
coedge $-1 -1 $-1 $2308 $2309 $1379 $1841 forward $2310 $-1 #
edge $-1 -1 $-1 $1850 -3 $1845 -0 $1840 $2311 forward @7 unknown #
coedge $-1 -1 $-1 $2312 $1380 $1385 $1854 reversed $1844 $-1 #
coedge $-1 -1 $-1 $1380 $2312 $2308 $2313 forward $1844 $-1 #
loop $-1 -1 $-1 $-1 $2312 $2314 #
vertex $-1 -1 $-1 $2313 $2315 #
straight-curve $-1 -1 $-1 15 -75 -45.00000000000001421 10 0 0 I I #
coedge $-1 -1 $-1 $2316 $1382 $2309 $2317 reversed $1849 $-1 #
coedge $-1 -1 $-1 $1382 $2316 $1384 $1853 forward $1849 $-1 #
loop $-1 -1 $-1 $-1 $2316 $2318 #
vertex $-1 -1 $-1 $2317 $2319 #
straight-curve $-1 -1 $-1 -15 -45 -45.00000000000001421 -10 -0 -0 I I #
coedge $2320 -1 $-1 $1385 $1384 $2321 $2322 reversed $1386 $-1 #
edge $-1 -1 $-1 $2323 0 $1388 3 $1384 $2324 forward @7 unknown #
edge $-1 -1 $-1 $2325 0 $1387 3 $1385 $2326 forward @7 unknown #
face $2327 -1 $-1 $449 $1386 $34 $-1 $2328 reversed single #
point $-1 -1 $-1 15 -75 -45.00000000000001421 #
point $-1 -1 $-1 15 -45 -45.00000000000001421 #
DXID-attrib $-1 -1 $-1 $-1 $1391 @10 ASM ENTITY @2 43 #
face $2329 -1 $-1 $2330 $2331 $34 $-1 $2332 forward single #
loop $-1 -1 $-1 $-1 $2333 $1391 #
cone-surface $-1 -1 $-1 0 0 0 0 -1 0 85.00000000000001421 0 0 1 I I 0 1 85.00000000000001421 forward I I I I #
coedge $-1 -1 $-1 $2334 $2335 $2336 $2337 reversed $1392 $-1 #
coedge $-1 -1 $-1 $2338 $1394 $2339 $2340 forward $981 $-1 #
coedge $-1 -1 $-1 $1394 $2338 $2334 $2341 reversed $981 $-1 #
coedge $-1 -1 $-1 $2342 $2343 $1394 $1866 forward $2344 $-1 #
edge $-1 -1 $-1 $2345 -0.5404195002705837192 $2346 0.5404195002705838302 $1394 $2347 forward @7 tangent #
loop $-1 -1 $-1 $-1 $1870 $984 #
coedge $-1 -1 $-1 $1868 $1868 $2348 $2349 reversed $1396 $-1 #
coedge $-1 -1 $-1 $1869 $1869 $1429 $1904 forward $1398 $-1 #
coedge $-1 -1 $-1 $1870 $1870 $1399 $1871 reversed $1867 $-1 #
edge $-1 -1 $-1 $2350 -3.141592653589793116 $2350 3.141592653589793116 $1870 $2351 forward @7 unknown #
coedge $-1 -1 $-1 $1401 $1400 $2352 $2353 forward $679 $-1 #
coedge $-1 -1 $-1 $1411 $2354 $1400 $1874 reversed $1412 $-1 #
edge $-1 -1 $-1 $1876 1.500000022351741791 $2355 8.965138140769184361 $1873 $2356 forward @7 unknown #
ATTRIB_CUSTOM-attrib $-1 -1 $2357 $-1 $1402 @17 sketch_attrib_def 1 1 3 @13 141 0 0 0 1 2 #
vertex $-1 -1 $-1 $1403 $2358 #
straight-curve $-1 -1 $-1 -7.500000111758723165 -75 -119.6513811841744683 10.00000000000001243 -2.832769448823919007e-15 -6.21227962861547021e-29 I I #
loop $-1 -1 $-1 $-1 $2359 $1437 #
point $-1 -1 $-1 -2.465375451291156519e-15 -70.00000014901161194 -57.65138140769181518 #
point $-1 -1 $-1 -3.759295453576832803e-15 -75 -58.65138140769181518 #
coedge $-1 -1 $-1 $1883 $1410 $2360 $2361 forward $1412 $-1 #
loop $-1 -1 $-1 $-1 $2362 $1884 #
coedge $-1 -1 $-1 $2363 $1881 $2364 $2365 forward $1412 $-1 #
face $2366 -1 $-1 $2367 $1412 $36 $-1 $2368 forward single #
coedge $-1 -1 $-1 $1425 $2360 $1414 $1886 reversed $1438 $-1 #
edge $-1 -1 $-1 $1427 1.570796326794896336 $1887 4.712388980384689674 $1414 $2369 forward @7 unknown #
vertex $-1 -1 $-1 $1415 $2370 #
straight-curve $-1 -1 $-1 15.00000000000001776 -59.99999999999999289 -134.6513814076919004 -2.832769448823919007e-15 -10.00000000000001243 2.366582715663034856e-29 I I #
DXID-attrib $-1 -1 $-1 $-1 $1416 @10 ASM ENTITY @2 23 #
cone-surface $-1 -1 $-1 -3.68944460980337933e-28 -59.99999999999998579 -134.6513814076919004 2.832769448823915359e-16 1 -2.366582715663031913e-30 9.318419442923206436e-29 3.549874073494549761e-29 15.00000000000001776 1 I I 0 1 15.00000000000001776 forward I I I I #
straight-curve $-1 -1 $-1 15.00000000000001599 -67.5 -119.6513811841744683 2.832769448823919007e-15 10.00000000000001243 -2.366582715663034856e-29 I I #
DXID-attrib $-1 -1 $-1 $-1 $1419 @10 ASM ENTITY @2 24 #
face $2371 -1 $-1 $-1 $2372 $36 $-1 $2373 forward single #
plane-surface $-1 -1 $-1 -15.000000223517441 -75 -119.6513811841744683 6.212279628615463063e-30 2.366582715663030161e-30 1 10.00000000000001243 -2.832769448823919007e-15 -6.21227962861547021e-29 forward_v I I I I #
coedge $-1 -1 $-1 $2352 $2374 $1421 $1896 reversed $2375 $-1 #
edge $-1 -1 $-1 $1897 -1.5 $2376 1.5 $1421 $2377 forward @7 unknown #
vertex $-1 -1 $-1 $2353 $2378 #
straight-curve $-1 -1 $-1 -15.00000000000002309 -75 -44.99999999999994316 -6.212279628615471331e-29 -2.366582715663033174e-29 -10.00000000000001243 I I #
point $-1 -1 $-1 -15.000000223517441 -75 -119.6513811841744683 #
coedge $-1 -1 $-1 $2360 $1425 $1908 $2379 reversed $1438 $-1 #
vertex $-1 -1 $-1 $1432 $2380 #
straight-curve $-1 -1 $-1 -15.00000000000001599 -54.99999999999997158 -134.651381351812546 -6.212279628615471331e-29 -2.366582715663033174e-29 -10.00000000000001243 I I #
point $-1 -1 $-1 -15.00000022351743389 -54.99999999999997158 -134.6513814076919004 #
edge $-1 -1 $-1 $2381 -3.141592653589793116 $2381 3.141592653589793116 $1429 $2382 forward @7 unknown #
coedge $-1 -1 $-1 $2383 $2384 $1430 $1906 forward $2385 $-1 #
edge $-1 -1 $-1 $1910 -7.46513811841744257 $2376 -0 $1430 $2386 forward @7 unknown #
coedge $2387 -1 $-1 $2364 $1431 $2384 $2388 reversed $1909 $-1 #
coedge $-1 -1 $-1 $1431 $2364 $1900 $2379 forward $1909 $-1 #
loop $-1 -1 $-1 $-1 $1907 $2389 #
vertex $-1 -1 $-1 $1432 $2390 #
straight-curve $-1 -1 $-1 -15.00000000000001599 -52.49999999999997158 -119.6513811841744683 -2.832769448823919007e-15 -10.00000000000001243 2.366582715663034856e-29 I I #
DXID-attrib $-1 -1 $-1 $-1 $1434 @10 ASM ENTITY @1 9 #
face $2391 -1 $-1 $1884 $2392 $36 $-1 $1397 reversed single #
loop $-1 -1 $-1 $2393 $2394 $1434 #
cone-surface $-1 -1 $-1 14.50000000000001776 -59.99999999999999289 -54.65138140769180097 1 -2.832769448823915359e-16 -6.212279628615462362e-30 -9.914693070883728162e-16 -3.500000000000008438 8.283039504820630963e-30 1 I I -0.7071067811865473507 -0.7071067811865477948 3.500000000000008438 forward I I I I #
DXID-attrib $-1 -1 $-1 $-1 $1437 @10 ASM ENTITY @2 17 #
face $2395 -1 $-1 $2396 $2397 $36 $-1 $2398 reversed single #
plane-surface $-1 -1 $-1 10.0000001490116226 -70.00000014901161194 -44.99999999999994316 -2.832769448823915359e-16 -1 2.366582715663031913e-30 -10.00000000000001243 2.832769448823919007e-15 6.21227962861547021e-29 forward_v I I I I #
loop $-1 -1 $-1 $-1 $1920 $1017 #
coedge $-1 -1 $-1 $1920 $1920 $1440 $1921 reversed $1919 $-1 #
edge $-1 -1 $-1 $2399 -3.141592653589793116 $2399 3.141592653589793116 $1920 $2400 forward @7 unknown #
DXID-attrib $-1 -1 $-1 $-1 $1442 @10 ASM ENTITY @1 8 #
face $2401 -1 $-1 $724 $1946 $38 $-1 $2402 forward single #
loop $-1 -1 $-1 $2403 $1462 $1442 #
plane-surface $-1 -1 $-1 -40.05223413075773209 -49.99999985098836675 -179.9736259236151739 2.810776376729614071e-16 1 -1.551834409292681599e-30 8.485000167580706076 -2.384943802758274799e-15 -5.291953529289123992 forward_v I I I I #
coedge $-1 -1 $-1 $1926 $1926 $2404 $2405 forward $1443 $-1 #
coedge $-1 -1 $-1 $1927 $1927 $1444 $1928 reversed $1470 $-1 #
edge $-1 -1 $-1 $2406 -3.141592653589793116 $2406 3.141592653589793116 $1927 $2407 forward @7 unknown #
coedge $-1 -1 $-1 $2408 $1462 $1446 $1930 forward $1924 $-1 #
edge $-1 -1 $-1 $1464 0 $1940 3 $1929 $2409 forward @7 unknown #
point $-1 -1 $-1 -45.15949848187467097 -55.99999999999998579 -188.1624995853473195 #
coedge $-1 -1 $-1 $1452 $1451 $2408 $2410 reversed $1453 $-1 #
loop $-1 -1 $-1 $-1 $2411 $1934 #
face $2412 -1 $-1 $2413 $1453 $38 $-1 $2414 reversed single #
coedge $-1 -1 $-1 $1462 $2408 $1456 $1936 reversed $1924 $-1 #
edge $-1 -1 $-1 $1466 0 $1937 3 $1935 $2415 forward @7 unknown #
vertex $-1 -1 $-1 $2410 $2416 #
straight-curve $-1 -1 $-1 -23.08223366915995456 -49.99999999999998579 -190.5575330610496678 -2.810776376729617128e-15 -10.00000000000001066 1.551834409292683281e-29 I I #
coedge $-1 -1 $-1 $1939 $1939 $2417 $2418 reversed $1458 $-1 #
vertex $-1 -1 $-1 $1460 $2419 #
straight-curve $-1 -1 $-1 -40.05223400432138448 -70 -179.973626002471434 2.810776376729617128e-15 10.00000000000001066 -1.551834409292683281e-29 I I #
ATTRIB_CUSTOM-attrib $-1 -1 $-1 $-1 $1462 @17 sketch_attrib_def 1 1 3 @22 262 0 4294967295 0 1 1 #
straight-curve $-1 -1 $-1 -45.32184438271286808 -49.99999999999997158 -212.0435684168249395 8.485000167580707853 -2.384943802758274799e-15 -5.291953529289123104 I I #
point $-1 -1 $-1 -55.92809459218875645 -49.99999999999997158 -205.4286265052135434 #
point $-1 -1 $-1 -38.95809425702734075 -49.99999999999997868 -216.0125335637918056 #
loop $-1 -1 $-1 $2420 $1471 $1923 #
vertex $-1 -1 $-1 $1472 $2421 #
ellipse-curve $-1 -1 $-1 -29.0379979105986088 -59.99999999999999289 -198.2172114487091505 -0.8485000167580697417 2.384943802758272432e-16 0.5291953529289118441 -8.432329130188850594e-16 -3.000000000000003109 4.655503227878049702e-30 1 I I #
DXID-attrib $-1 -1 $-1 $-1 $1474 @10 ASM ENTITY @2 12 #
face $2422 -1 $-1 $2423 $2424 $38 $-1 $2425 forward single #
loop $-1 -1 $-1 $2426 $2427 $1474 #
cone-surface $-1 -1 $-1 -10.20838924337751941 -75.00000000000001421 -138.873709030069449 -2.810776376729614071e-16 -1 1.551834409292681599e-30 -1.091465415415882045 3.067865205668309616e-16 -1.750031284563520861 1 I I 0 -1 2.062500000000002665 forward I I I I #
loop $-1 -1 $-1 $-1 $1956 $1054 #
coedge $-1 -1 $-1 $1954 $1954 $2428 $2429 reversed $1477 $-1 #
coedge $-1 -1 $-1 $1955 $1955 $1510 $1989 forward $1479 $-1 #
coedge $-1 -1 $-1 $1956 $1956 $1480 $1957 reversed $1953 $-1 #
edge $-1 -1 $-1 $2430 -3.141592653589793116 $2430 3.141592653589793116 $1956 $2431 forward @7 unknown #
coedge $-1 -1 $-1 $1482 $1481 $2432 $2433 forward $730 $-1 #
coedge $-1 -1 $-1 $1492 $2434 $1481 $1960 reversed $1493 $-1 #
edge $-1 -1 $-1 $1961 1.500000022351741791 $2435 8.965138140769184361 $1959 $2436 forward @7 unknown #
vertex $-1 -1 $-1 $1484 $2437 #
straight-curve $-1 -1 $-1 -7.500000111758723165 -254.9999999999999716 -119.6513811841744968 10.00000000000001243 -2.832769448823928868e-15 1.594897878183755986e-28 I I #
loop $-1 -1 $-1 $-1 $2438 $1518 #
point $-1 -1 $-1 -2.465375451291537145e-15 -250.0000001490115551 -57.65138140769184361 #
point $-1 -1 $-1 -3.759295453577195679e-15 -254.9999999999999716 -58.65138140769184361 #
coedge $-1 -1 $-1 $1968 $1491 $2439 $2440 forward $1493 $-1 #
loop $-1 -1 $-1 $-1 $2441 $1969 #
coedge $-1 -1 $-1 $2442 $1966 $2443 $2444 forward $1493 $-1 #
face $2445 -1 $-1 $2446 $1493 $40 $-1 $2447 forward single #
coedge $-1 -1 $-1 $1506 $2439 $1495 $1971 reversed $1519 $-1 #
edge $-1 -1 $-1 $1508 1.570796326794896336 $1972 4.712388980384689674 $1495 $2448 forward @7 unknown #
vertex $-1 -1 $-1 $1496 $2449 #
straight-curve $-1 -1 $-1 15.00000000000001776 -239.9999999999999432 -134.6513814076919289 -2.832769448823928868e-15 -10.00000000000001243 1.577721810442136555e-29 I I #
DXID-attrib $-1 -1 $-1 $-1 $1497 @10 ASM ENTITY @2 23 #
cone-surface $-1 -1 $-1 9.667611238046633717e-28 -239.9999999999999432 -134.6513814076919289 2.83276944882392522e-16 1 -1.577721810442134664e-30 -2.392346817275634316e-28 2.3665827156632117e-29 15.00000000000001776 1 I I 0 1 15.00000000000001776 forward I I I I #
straight-curve $-1 -1 $-1 15.00000000000001599 -247.4999999999999432 -119.6513811841744968 2.832769448823928868e-15 10.00000000000001243 -1.577721810442136555e-29 I I #
DXID-attrib $-1 -1 $-1 $-1 $1500 @10 ASM ENTITY @2 24 #
face $2450 -1 $-1 $-1 $2451 $40 $-1 $2452 forward single #
plane-surface $-1 -1 $-1 -15.000000223517441 -254.9999999999999432 -119.6513811841744968 -1.594897878183754025e-29 1.577721810442139218e-30 1 10.00000000000001243 -2.832769448823928868e-15 1.594897878183755986e-28 forward_v I I I I #
coedge $-1 -1 $-1 $2432 $2453 $1502 $1981 reversed $2454 $-1 #
edge $-1 -1 $-1 $1982 -1.5 $2455 1.5 $1502 $2456 forward @7 unknown #
vertex $-1 -1 $-1 $2433 $2457 #
straight-curve $-1 -1 $-1 -15.00000000000002309 -254.9999999999999432 -44.99999999999997158 1.594897878183755986e-28 -1.57772181044214132e-29 -10.00000000000001243 I I #
point $-1 -1 $-1 -15.000000223517441 -254.9999999999999432 -119.6513811841744968 #
coedge $-1 -1 $-1 $2439 $1506 $1993 $2458 reversed $1519 $-1 #
vertex $-1 -1 $-1 $1513 $2459 #
straight-curve $-1 -1 $-1 -15.00000000000001599 -234.9999999999999432 -134.6513813518125744 1.594897878183755986e-28 -1.57772181044214132e-29 -10.00000000000001243 I I #
point $-1 -1 $-1 -15.00000022351743389 -234.9999999999999432 -134.6513814076919289 #
edge $-1 -1 $-1 $2460 -3.141592653589793116 $2460 3.141592653589793116 $1510 $2461 forward @7 unknown #
coedge $-1 -1 $-1 $2462 $2463 $1511 $1991 forward $2464 $-1 #
edge $-1 -1 $-1 $1995 -7.46513811841744257 $2455 -0 $1511 $2465 forward @7 unknown #
coedge $-1 -1 $-1 $2443 $1512 $2463 $2466 reversed $1994 $-1 #
coedge $-1 -1 $-1 $1512 $2443 $1985 $2458 forward $1994 $-1 #
loop $-1 -1 $-1 $-1 $1992 $2467 #
vertex $-1 -1 $-1 $1513 $2468 #
straight-curve $-1 -1 $-1 -15.00000000000001599 -232.4999999999999432 -119.6513811841744968 -2.832769448823928868e-15 -10.00000000000001243 1.577721810442136555e-29 I I #
DXID-attrib $-1 -1 $-1 $-1 $1515 @10 ASM ENTITY @1 9 #
face $2469 -1 $-1 $1969 $2470 $40 $-1 $1478 reversed single #
loop $-1 -1 $-1 $2471 $2472 $1515 #
cone-surface $-1 -1 $-1 14.50000000000001776 -239.9999999999999432 -54.65138140769182939 1 -2.83276944882392522e-16 1.594897878183754025e-29 -9.91469307088376366e-16 -3.500000000000008438 5.522026336547484811e-30 1 I I -0.7071067811865473507 -0.7071067811865477948 3.500000000000008438 forward I I I I #
DXID-attrib $-1 -1 $-1 $-1 $1518 @10 ASM ENTITY @2 17 #
face $2473 -1 $-1 $2474 $2475 $40 $-1 $2476 reversed single #
plane-surface $-1 -1 $-1 10.0000001490116226 -250.0000001490115551 -44.99999999999997158 -2.83276944882392522e-16 -1 1.577721810442134664e-30 -10.00000000000001243 2.832769448823928868e-15 -1.594897878183755986e-28 forward_v I I I I #
loop $-1 -1 $-1 $-1 $2005 $1087 #
coedge $-1 -1 $-1 $2005 $2005 $1521 $2006 reversed $2004 $-1 #
edge $-1 -1 $-1 $2477 -3.141592653589793116 $2477 3.141592653589793116 $2005 $2478 forward @7 unknown #
DXID-attrib $-1 -1 $-1 $-1 $1523 @10 ASM ENTITY @1 8 #
face $2479 -1 $-1 $775 $2030 $42 $-1 $2480 forward single #
loop $-1 -1 $-1 $2481 $1541 $1523 #
plane-surface $-1 -1 $-1 43.02269670974435201 -229.9999998509883596 -177.1641427229430974 2.832769448823924727e-16 1 -1.618242741091558582e-30 5.756021301204917506 -1.630548128883289075e-15 8.177298990502638532 forward_v I I I I #
coedge $-1 -1 $-1 $2011 $2011 $2482 $2483 forward $1524 $-1 #
coedge $-1 -1 $-1 $2012 $2012 $1525 $2013 reversed $1549 $-1 #
edge $-1 -1 $-1 $2484 -3.141592653589793116 $2484 3.141592653589793116 $2012 $2485 forward @7 unknown #
coedge $-1 -1 $-1 $2486 $1541 $1526 $2015 forward $2009 $-1 #
edge $-1 -1 $-1 $1543 0 $2025 3 $2014 $2487 forward @7 unknown #
point $-1 -1 $-1 50.91460796547844581 -235.9999999999999716 -182.7192788807359705 #
coedge $-1 -1 $-1 $1532 $1531 $2486 $2488 reversed $1533 $-1 #
loop $-1 -1 $-1 $-1 $2489 $2019 #
face $2490 -1 $-1 $2491 $1533 $42 $-1 $2492 reversed single #
coedge $-1 -1 $-1 $1541 $2486 $1535 $2021 reversed $2009 $-1 #
edge $-1 -1 $-1 $1545 0 $2022 3 $2020 $2493 forward @7 unknown #
vertex $-1 -1 $-1 $2488 $2494 #
straight-curve $-1 -1 $-1 54.53473939792559122 -229.9999999999999716 -160.8095446200865695 -2.832769448823927685e-15 -10.00000000000001066 1.618242741091560404e-29 I I #
coedge $-1 -1 $-1 $2024 $2024 $2495 $2496 reversed $1537 $-1 #
vertex $-1 -1 $-1 $1539 $2497 #
straight-curve $-1 -1 $-1 43.0226967955157491 -250 -177.1641426010918394 2.832769448823927685e-15 10.00000000000001066 -1.618242741091560404e-29 I I #
straight-curve $-1 -1 $-1 74.74962039352982401 -229.9999999999999716 -184.2105827665783124 5.75602130120491573 -1.630548128883288878e-15 8.177298990502640308 I I #
point $-1 -1 $-1 67.55459376702366114 -229.9999999999999716 -194.4322065047066133 #
point $-1 -1 $-1 79.06663636943349616 -229.9999999999999716 -178.0776085237013433 #
loop $-1 -1 $-1 $2498 $1550 $2008 #
vertex $-1 -1 $-1 $1551 $2499 #
ellipse-curve $-1 -1 $-1 61.85104860931059534 -240 -167.1824105550784623 -0.5756021301204911067 1.630548128883287399e-16 -0.8177298990502630538 -8.498308346471783055e-16 -3.000000000000003109 4.854728223274680651e-30 1 I I #
DXID-attrib $-1 -1 $-1 $-1 $1553 @10 ASM ENTITY @2 12 #
face $2500 -1 $-1 $2501 $2502 $42 $-1 $2503 forward single #
loop $-1 -1 $-1 $2504 $2505 $1553 #
cone-surface $-1 -1 $-1 3.647587795379367392 -255 -145.0789585361526122 -2.832769448823924727e-16 -1 1.618242741091558582e-30 1.686567916791169797 -4.777658068052656196e-16 -1.187179393373514413 1 I I 0 -1 2.062500000000002665 forward I I I I #
loop $-1 -1 $-1 $-1 $2040 $1124 #
coedge $-1 -1 $-1 $2038 $2038 $2506 $2507 reversed $1556 $-1 #
coedge $-1 -1 $-1 $2039 $2039 $1589 $2073 forward $1558 $-1 #
coedge $-1 -1 $-1 $2040 $2040 $1559 $2041 reversed $2037 $-1 #
edge $-1 -1 $-1 $2508 -3.141592653589793116 $2508 3.141592653589793116 $2040 $2509 forward @7 unknown #
coedge $-1 -1 $-1 $1561 $1560 $2510 $2511 forward $781 $-1 #
coedge $-1 -1 $-1 $1571 $2512 $1560 $2044 reversed $1572 $-1 #
edge $-1 -1 $-1 $2045 1.500000022351741791 $2513 8.965138140769184361 $2043 $2514 forward @7 unknown #
vertex $-1 -1 $-1 $1563 $2515 #
straight-curve $-1 -1 $-1 -77.43614806964299646 -75.00000000000002842 -244.63831251143597 8.485000167580706076 -2.384943802758273615e-15 -5.291953529289123992 I I #
loop $-1 -1 $-1 $-1 $2516 $1597 #
point $-1 -1 $-1 -38.26228608582201218 -70.00000014901164036 -196.0002768681991654 #
point $-1 -1 $-1 -38.79148143875092103 -75.00000000000004263 -196.8487768849572319 #
coedge $-1 -1 $-1 $2052 $1570 $2517 $2518 forward $1572 $-1 #
loop $-1 -1 $-1 $-1 $2519 $2053 #
coedge $-1 -1 $-1 $2520 $2050 $2521 $2522 forward $1572 $-1 #
face $2523 -1 $-1 $2524 $1572 $44 $-1 $2525 forward single #
coedge $-1 -1 $-1 $1585 $2517 $1574 $2055 reversed $1598 $-1 #
edge $-1 -1 $-1 $1587 1.570796326794896336 $2056 4.712388980384689674 $1574 $2526 forward @7 unknown #
vertex $-1 -1 $-1 $1575 $2527 #
straight-curve $-1 -1 $-1 -66.28282800997720869 -60.00000000000002132 -269.2727084525042756 -2.810776376729619494e-15 -10.00000000000001066 8.937897300164795141e-30 I I #
DXID-attrib $-1 -1 $-1 $-1 $1576 @10 ASM ENTITY @2 23 #
cone-surface $-1 -1 $-1 -79.01032826134826337 -60.00000000000001421 -261.3347781585706002 2.810776376729616536e-16 1 -8.937897300164784982e-31 7.937930293933685988 -2.231174695031507369e-15 12.72750025137106 1 I I 0 1 15.00000000000001599 forward I I I I #
straight-curve $-1 -1 $-1 -58.34489759775914308 -67.50000000000002842 -256.5452080114786781 2.810776376729619494e-15 10.00000000000001066 -8.937897300164795141e-30 I I #
DXID-attrib $-1 -1 $-1 $-1 $1579 @10 ASM ENTITY @2 24 #
face $2528 -1 $-1 $-1 $2529 $44 $-1 $2530 forward single #
plane-surface $-1 -1 $-1 -83.79989829015579517 -75.00000000000002842 -240.6693473053269372 0.5291953529289118441 -1.48744979668766987e-16 0.8485000167580697417 8.485000167580706076 -2.384943802758273615e-15 -5.291953529289123992 forward_v I I I I #
coedge $-1 -1 $-1 $2510 $2531 $1581 $2065 reversed $2532 $-1 #
edge $-1 -1 $-1 $2066 -1.5 $2533 1.5 $1581 $2534 forward @7 unknown #
vertex $-1 -1 $-1 $2511 $2535 #
straight-curve $-1 -1 $-1 -44.29473408811129786 -75.00000000000004263 -177.3276492378262219 -5.291953529289123992 1.487449796687671448e-15 -8.485000167580706076 I I #
point $-1 -1 $-1 -83.79989829015579517 -75.00000000000002842 -240.6693473053269372 #
coedge $-1 -1 $-1 $2517 $1585 $2077 $2536 reversed $1598 $-1 #
vertex $-1 -1 $-1 $1592 $2537 #
straight-curve $-1 -1 $-1 -91.73782848314823468 -55.00000000000000711 -253.3968478172232892 -5.291953529289123992 1.487449796687671448e-15 -8.485000167580706076 I I #
point $-1 -1 $-1 -91.73782870237384657 -55.00000000000000711 -253.3968477463525346 #
edge $-1 -1 $-1 $2538 -3.141592653589793116 $2538 3.141592653589793116 $1589 $2539 forward @7 unknown #
coedge $-1 -1 $-1 $2540 $2541 $1590 $2075 forward $2542 $-1 #
edge $-1 -1 $-1 $2079 -7.46513811841744257 $2533 -0 $1590 $2543 forward @7 unknown #
coedge $-1 -1 $-1 $2521 $1591 $2541 $2544 reversed $2078 $-1 #
coedge $-1 -1 $-1 $1591 $2521 $2069 $2536 forward $2078 $-1 #
loop $-1 -1 $-1 $-1 $2076 $2545 #
vertex $-1 -1 $-1 $1592 $2546 #
straight-curve $-1 -1 $-1 -83.79989810050125243 -52.50000000000000711 -240.6693474236113275 -2.810776376729619494e-15 -10.00000000000001066 8.937897300164795141e-30 I I #
DXID-attrib $-1 -1 $-1 $-1 $1594 @10 ASM ENTITY @1 9 #
face $2547 -1 $-1 $2053 $2548 $44 $-1 $1557 reversed single #
loop $-1 -1 $-1 $2549 $2550 $1594 #
cone-surface $-1 -1 $-1 -24.37144978404325002 -60.00000000000002842 -201.1281094353941796 0.8485000167580697417 -2.384943802758270953e-16 -0.5291953529289118441 -9.837717318553680063e-16 -3.500000000000007994 3.128264055057681663e-30 1 I I -0.7071067811865473507 -0.7071067811865477948 3.500000000000007994 forward I I I I #
DXID-attrib $-1 -1 $-1 $-1 $1597 @10 ASM ENTITY @2 17 #
face $2551 -1 $-1 $2552 $2553 $44 $-1 $2554 reversed single #
plane-surface $-1 -1 $-1 -23.08223354272317351 -70.00000014901165457 -190.5575331399052743 -2.810776376729616536e-16 -1 8.937897300164784982e-31 -8.485000167580706076 2.384943802758273615e-15 5.291953529289123992 forward_v I I I I #
loop $-1 -1 $-1 $-1 $2089 $1157 #
coedge $-1 -1 $-1 $2089 $2089 $1600 $2090 reversed $2088 $-1 #
edge $-1 -1 $-1 $2555 -3.141592653589793116 $2555 3.141592653589793116 $2089 $2556 forward @7 unknown #
DXID-attrib $-1 -1 $-1 $-1 $1602 @10 ASM ENTITY @1 8 #
face $2557 -1 $-1 $826 $2114 $46 $-1 $2558 forward single #
loop $-1 -1 $-1 $2559 $1620 $1602 #
plane-surface $-1 -1 $-1 -136.3577027548681997 -49.99999985098838806 -280.5588762005110652 8.104698438784292051e-17 1 2.438741570261104518e-17 4.70224893159555446 -1.658727809094314303e-16 -8.825466275801451488 forward_v I I I I #
coedge $-1 -1 $-1 $2095 $2095 $2560 $2561 forward $1603 $-1 #
coedge $-1 -1 $-1 $2096 $2096 $1604 $2097 reversed $1628 $-1 #
edge $-1 -1 $-1 $2562 -3.141592653589793116 $2562 3.141592653589793116 $2096 $2563 forward @7 unknown #
coedge $-1 -1 $-1 $2564 $1620 $1605 $2099 forward $2093 $-1 #
edge $-1 -1 $-1 $1622 0 $2109 3 $2098 $2565 forward @7 unknown #
point $-1 -1 $-1 -144.8751602576441542 -56 -285.097016644393932 #
coedge $-1 -1 $-1 $1611 $1610 $2564 $2566 reversed $1612 $-1 #
loop $-1 -1 $-1 $-1 $2567 $2103 #
face $2568 -1 $-1 $2569 $1612 $46 $-1 $2570 reversed single #
coedge $-1 -1 $-1 $1620 $2564 $1614 $2105 reversed $2093 $-1 #
edge $-1 -1 $-1 $1624 0 $2106 3 $2104 $2571 forward @7 unknown #
vertex $-1 -1 $-1 $2566 $2572 #
straight-curve $-1 -1 $-1 -126.9532048216081108 -50 -298.2098088836236798 -8.104698438784301665e-16 -10.00000000000001243 -2.438741570261107415e-16 I I #
coedge $-1 -1 $-1 $2108 $2108 $2573 $2574 reversed $1616 $-1 #
vertex $-1 -1 $-1 $1618 $2575 #
straight-curve $-1 -1 $-1 -136.3577026847992215 -70.00000000000002842 -280.558876332020759 8.104698438784301665e-16 10.00000000000001243 2.438741570261107415e-16 I I #
straight-curve $-1 -1 $-1 -156.956290347709114 -49.99999999999999289 -305.6974559715592363 4.702248931595556236 -1.658727809094315289e-16 -8.825466275801449711 I I #
point $-1 -1 $-1 -162.8341015122035742 -49.99999999999999289 -294.665623126807418 #
point $-1 -1 $-1 -153.4296036490124493 -49.99999999999999289 -312.3165556784103387 #
loop $-1 -1 $-1 $2576 $1629 $2092 #
vertex $-1 -1 $-1 $1630 $2577 #
ellipse-curve $-1 -1 $-1 -135.9408871474746832 -60.00000000000000711 -301.8654028314360858 -0.470224893159554902 1.658727809094312331e-17 0.8825466275801440164 -2.431409531635290697e-16 -3.000000000000003553 -7.316224710783321258e-17 1 I I #
DXID-attrib $-1 -1 $-1 $-1 $1632 @10 ASM ENTITY @2 12 #
face $2578 -1 $-1 $2579 $2580 $46 $-1 $2581 forward single #
loop $-1 -1 $-1 $2582 $2583 $1632 #
cone-surface $-1 -1 $-1 -89.96221648902172774 -75.00000000000002842 -259.8872265209613488 -8.104698438784292051e-17 -1 -2.438741570261104518e-17 -1.820252419384049691 1.711778324235981297e-16 -0.9698388421415834459 1 I I 0 -1 2.062500000000003109 forward I I I I #
loop $-1 -1 $-1 $-1 $2124 $1194 #
coedge $-1 -1 $-1 $2122 $2122 $2584 $2585 reversed $1635 $-1 #
coedge $-1 -1 $-1 $2123 $2123 $1668 $2157 forward $1637 $-1 #
coedge $-1 -1 $-1 $2124 $2124 $1638 $2125 reversed $2121 $-1 #
edge $-1 -1 $-1 $2586 -3.141592653589793116 $2586 3.141592653589793116 $2124 $2587 forward @7 unknown #
coedge $-1 -1 $-1 $1640 $1639 $2588 $2589 forward $832 $-1 #
coedge $-1 -1 $-1 $1650 $2590 $1639 $2128 reversed $1651 $-1 #
edge $-1 -1 $-1 $2129 1.500000022351741791 $2591 8.965138140769184361 $2127 $2592 forward @7 unknown #
vertex $-1 -1 $-1 $1642 $2593 #
straight-curve $-1 -1 $-1 105.5063684561859247 -254.9999999999999716 -218.0893119709021164 5.75602130120491573 -1.630548128883288484e-15 8.177298990502640308 I I #
loop $-1 -1 $-1 $-1 $2594 $1676 #
point $-1 -1 $-1 59.12413093807867881 -250.0000001490115835 -176.2690056978233315 #
point $-1 -1 $-1 59.9418608371289281 -254.9999999999999716 -176.8446078279438041 #
coedge $-1 -1 $-1 $2136 $1649 $2595 $2596 forward $1651 $-1 #
loop $-1 -1 $-1 $-1 $2597 $2137 #
coedge $-1 -1 $-1 $2598 $2134 $2599 $2600 forward $1651 $-1 #
face $2601 -1 $-1 $2602 $1651 $48 $-1 $2603 forward single #
coedge $-1 -1 $-1 $1664 $2595 $1653 $2139 reversed $1677 $-1 #
edge $-1 -1 $-1 $1666 1.570796326794896336 $2140 4.712388980384689674 $1653 $2604 forward @7 unknown #
vertex $-1 -1 $-1 $1654 $2605 #
straight-curve $-1 -1 $-1 130.7233651167563835 -239.9999999999999716 -208.3244212313472019 -2.832769448823926896e-15 -10.00000000000001066 1.599183306096559688e-29 I I #
DXID-attrib $-1 -1 $-1 $-1 $1655 @10 ASM ENTITY @2 23 #
cone-surface $-1 -1 $-1 122.0893331649489966 -239.9999999999999716 -220.5903697171011686 2.832769448823923741e-16 1 -1.599183306096557866e-30 -12.26594848575396135 3.474660413129202821e-15 8.634031951807374483 1 I I 0 1 15.00000000000001599 forward I I I I #
straight-curve $-1 -1 $-1 118.4574164482255298 -247.4999999999999716 -199.6903891508827371 2.832769448823926896e-15 10.00000000000001066 -1.599183306096559688e-29 I I #
DXID-attrib $-1 -1 $-1 $-1 $1658 @10 ASM ENTITY @2 24 #
face $2606 -1 $-1 $-1 $2607 $48 $-1 $2608 forward single #
plane-surface $-1 -1 $-1 101.1893524159536781 -254.9999999999999716 -224.222286305167529 -0.8177298990502631648 2.316440275419466115e-16 0.5756021301204909957 5.75602130120491573 -1.630548128883288484e-15 8.177298990502640308 forward_v I I I I #
coedge $-1 -1 $-1 $2588 $2609 $1660 $2149 reversed $2610 $-1 #
edge $-1 -1 $-1 $2150 -1.5 $2611 1.5 $1660 $2612 forward @7 unknown #
vertex $-1 -1 $-1 $2589 $2613 #
straight-curve $-1 -1 $-1 40.14468614491305232 -254.9999999999999716 -181.2527920963430574 8.177298990502640308 -2.316440275419468679e-15 -5.75602130120491573 I I #
point $-1 -1 $-1 101.1893524159536781 -254.9999999999999716 -224.222286305167529 #
coedge $-1 -1 $-1 $2595 $1664 $2161 $2614 reversed $1677 $-1 #
vertex $-1 -1 $-1 $1671 $2615 #
straight-curve $-1 -1 $-1 113.4553011674474021 -234.9999999999999716 -232.8563181706908551 8.177298990502640308 -2.316440275419468679e-15 -5.75602130120491573 I I #
point $-1 -1 $-1 113.4553010844845176 -234.9999999999999716 -232.8563183856319938 #
edge $-1 -1 $-1 $2616 -3.141592653589793116 $2616 3.141592653589793116 $1668 $2617 forward @7 unknown #
coedge $-1 -1 $-1 $2618 $2619 $1669 $2159 forward $2620 $-1 #
edge $-1 -1 $-1 $2163 -7.46513811841744257 $2611 -0 $1669 $2621 forward @7 unknown #
coedge $-1 -1 $-1 $2599 $1670 $2619 $2622 reversed $2162 $-1 #
coedge $-1 -1 $-1 $1670 $2599 $2153 $2614 forward $2162 $-1 #
loop $-1 -1 $-1 $-1 $2160 $2623 #
vertex $-1 -1 $-1 $1671 $2624 #
straight-curve $-1 -1 $-1 101.1893525446107844 -232.4999999999999716 -224.222286122390642 -2.832769448823926896e-15 -10.00000000000001066 1.599183306096559688e-29 I I #
DXID-attrib $-1 -1 $-1 $-1 $1673 @10 ASM ENTITY @1 9 #
face $2625 -1 $-1 $2137 $2626 $48 $-1 $1636 reversed single #
loop $-1 -1 $-1 $2627 $2628 $1673 #
cone-surface $-1 -1 $-1 65.01717212767499632 -239.9999999999999432 -162.6851157712330007 0.5756021301204909957 -1.63054812888328666e-16 0.8177298990502631648 -9.914693070883755772e-16 -3.500000000000007994 5.597141571337965493e-30 1 I I -0.7071067811865473507 -0.7071067811865477948 3.500000000000007994 forward I I I I #
DXID-attrib $-1 -1 $-1 $-1 $1676 @10 ASM ENTITY @2 17 #
face $2629 -1 $-1 $2630 $2631 $48 $-1 $2632 reversed single #
plane-surface $-1 -1 $-1 54.53473948369673963 -250.0000001490115835 -160.8095444982351978 -2.832769448823923741e-16 -1 1.599183306096557866e-30 -5.75602130120491573 1.630548128883288484e-15 -8.177298990502640308 forward_v I I I I #
loop $-1 -1 $-1 $-1 $2173 $1227 #
coedge $-1 -1 $-1 $2173 $2173 $1679 $2174 reversed $2172 $-1 #
edge $-1 -1 $-1 $2633 -3.141592653589793116 $2633 3.141592653589793116 $2173 $2634 forward @7 unknown #
DXID-attrib $-1 -1 $-1 $-1 $1681 @10 ASM ENTITY @1 8 #
face $2635 -1 $-1 $877 $2198 $50 $-1 $2636 forward single #
loop $-1 -1 $-1 $2637 $1699 $1681 #
plane-surface $-1 -1 $-1 127.7199546804370698 -229.9999998509882744 -280.8114906646183044 2.83276944882391881e-16 1 -1.649216336426407009e-30 9.665634604059837542 -2.738051440987594025e-15 2.564275277890662341 forward_v I I I I #
coedge $-1 -1 $-1 $2179 $2179 $2638 $2639 forward $1682 $-1 #
coedge $-1 -1 $-1 $2180 $2180 $1683 $2181 reversed $1707 $-1 #
edge $-1 -1 $-1 $2640 -3.141592653589793116 $2640 3.141592653589793116 $2180 $2641 forward @7 unknown #
coedge $-1 -1 $-1 $2642 $1699 $1684 $2183 forward $2177 $-1 #
edge $-1 -1 $-1 $1701 0 $2193 3 $2182 $2643 forward @7 unknown #
point $-1 -1 $-1 130.1947367511293407 -235.9999999999998863 -290.1397946209964402 #
coedge $-1 -1 $-1 $1690 $1689 $2642 $2644 reversed $1691 $-1 #
loop $-1 -1 $-1 $-1 $2645 $2187 #
face $2646 -1 $-1 $2647 $1691 $50 $-1 $2648 reversed single #
coedge $-1 -1 $-1 $1699 $2642 $1693 $2189 reversed $2177 $-1 #
edge $-1 -1 $-1 $1703 0 $2190 3 $2188 $2649 forward @7 unknown #
vertex $-1 -1 $-1 $2644 $2650 #
straight-curve $-1 -1 $-1 147.0512240325859352 -229.9999999999998863 -275.6829400706262732 -2.832769448823921768e-15 -10.00000000000001066 1.649216336426408761e-29 I I #
coedge $-1 -1 $-1 $2192 $2192 $2651 $2652 reversed $1695 $-1 #
vertex $-1 -1 $-1 $1697 $2653 #
straight-curve $-1 -1 $-1 127.7199548244662424 -249.9999999999998863 -280.8114906264075898 2.832769448823921768e-15 10.00000000000001066 -1.649216336426408761e-29 I I #
straight-curve $-1 -1 $-1 147.4948239132130539 -229.9999999999998863 -306.6030503412238204 9.665634604059837542 -2.738051440987594025e-15 2.564275277890663673 I I #
point $-1 -1 $-1 135.4127806581382458 -229.9999999999998863 -309.8083944385871291 #
point $-1 -1 $-1 154.7440498662579103 -229.9999999999998863 -304.6798438828058124 #
loop $-1 -1 $-1 $2654 $1708 $2176 #
vertex $-1 -1 $-1 $1709 $2655 #
ellipse-curve $-1 -1 $-1 148.5594427869013998 -239.9999999999998863 -285.2676715165828227 -0.9665634604059827328 2.738051440987590968e-16 -0.2564275277890659677 -8.498308346471765305e-16 -3.000000000000003109 4.947649009279226282e-30 1 I I #
DXID-attrib $-1 -1 $-1 $-1 $1711 @10 ASM ENTITY @2 12 #
face $2656 -1 $-1 $2657 $2658 $50 $-1 $2659 forward single #
loop $-1 -1 $-1 $2660 $2661 $1711 #
cone-surface $-1 -1 $-1 118.1808301491626452 -254.9999999999998863 -230.9229814716667022 -2.83276944882391881e-16 -1 1.649216336426407009e-30 0.5288817760649492383 -1.498200137276554008e-16 -1.993537137087341815 1 I I 0 -1 2.062500000000002665 forward I I I I #
DXID-attrib $-1 -1 $-1 $-1 $1714 @10 ASM ENTITY @1 8 #
plane-surface $-1 -1 $-1 -162.83410151220329 -69.99999999999994316 -294.6656231268072474 0.4702248931595550685 -1.658727809094295074e-17 -0.8825466275801437943 8.104698438784435771e-16 9.999999999999998224 2.438741570261203557e-16 forward_v I I I I #
coedge $-1 -1 $-1 $1717 $1716 $1747 $2232 forward $883 $-1 #
edge $-1 -1 $-1 $1760 -3 $2211 -0 $1720 $2662 forward @7 tangent #
edge $-1 -1 $-1 $2234 0 $1764 3 $1762 $2663 forward @7 tangent #
ellipse-curve $-1 -1 $-1 -125.542530142129209 -72.99999999999994316 -300.8574487663639161 -0.8825466275801437943 8.299531269023102025e-17 -0.4702248931595550685 0.6649984212716812948 -1.414213562373096478 -1.248109410150474607 1 I I #
vertex $-1 -1 $-1 $1721 $2664 #
straight-curve $-1 -1 $-1 -158.2441200264382815 -74.99999999999994316 -303.2803790443394405 -4.702248931595550019 1.658727809094294828e-16 8.825466275801435501 I I #
point $-1 -1 $-1 -164.2447761916819502 -74.99999999999994316 -292.0179832440667838 #
ellipse-curve $-1 -1 $-1 -164.2447761916819502 -72.99999999999994316 -292.0179832440667838 -0.8825466275801437943 8.299531269023102025e-17 -0.4702248931595550685 -0.6649984212716809617 -1.414213562373098032 1.248109410150473497 1 I I #
coedge $2665 -1 $-1 $1728 $1727 $2666 $2667 reversed $1729 $-1 #
ATTRIB_CUSTOM-attrib $-1 -1 $-1 $-1 $1731 @17 sketch_attrib_def 1 1 3 @22 135 0 4294967295 0 1 1 #
coedge $-1 -1 $-1 $1739 $2666 $1731 $2218 forward $2228 $-1 #
edge $-1 -1 $-1 $2219 -2.226124733619230689 $1743 -0.2261247336192306889 $2217 $2668 forward @7 unknown #
vertex $-1 -1 $-1 $2667 $2669 #
straight-curve $-1 -1 $-1 -162.83410151220329 -69.99999999999994316 -294.6656231268072474 8.825466275801435501 -8.299531269023102025e-16 4.702248931595550019 I I #
DXID-attrib $-1 -1 $-1 $-1 $1733 @10 ASM ENTITY @1 9 #
plane-surface $-1 -1 $-1 -153.4296036490121935 -69.99999999999994316 -312.3165556784101113 8.104698438784437497e-17 1 2.43874157026120405e-17 -4.702248931595550019 1.658727809094294828e-16 8.825466275801435501 forward_v I I I I #
ATTRIB_CUSTOM-attrib $-1 -1 $-1 $-1 $1735 @17 sketch_attrib_def 1 1 3 @22 133 0 4294967295 0 1 1 #
coedge $-1 -1 $-1 $2666 $1739 $1735 $2225 forward $2228 $-1 #
edge $-1 -1 $-1 $1741 -0.7738752663807693111 $2226 1.226124733619230689 $2224 $2670 forward @7 unknown #
vertex $-1 -1 $-1 $2225 $2671 #
straight-curve $-1 -1 $-1 -162.83410151220329 -49.99999999999994316 -294.6656231268072474 8.825466275801435501 -8.299531269023102025e-16 4.702248931595550019 I I #
loop $-1 -1 $-1 $-1 $2224 $2672 #
straight-curve $-1 -1 $-1 -153.4296036490121935 -54.99999999999994316 -312.3165556784101113 8.104698438784435771e-16 9.999999999999998224 2.438741570261203557e-16 I I #
point $-1 -1 $-1 -153.4296036490121935 -49.99999999999994316 -312.3165556784101113 #
point $-1 -1 $-1 -153.4296036490121935 -69.99999999999994316 -312.3165556784101113 #
edge $-1 -1 $-1 $2211 -0.7853981633974470578 $2234 0.7853981633974495002 $2207 $2673 reversed @7 unknown #
ATTRIB_CUSTOM-attrib $-1 -1 $-1 $-1 $1748 @17 sketch_attrib_def 1 1 3 @13 142 0 1 0 1 1 #
vertex $-1 -1 $-1 $2232 $2674 #
straight-curve $-1 -1 $-1 -151.0784791832144265 -67.49999999999994316 -316.7292888163108273 -8.104698438784435771e-16 -9.999999999999998224 -2.438741570261203557e-16 I I #
point $-1 -1 $-1 -151.0784791832144265 -46.99999999999995026 -316.7292888163108273 #
DXID-attrib $-1 -1 $-1 $-1 $1753 @10 ASM ENTITY @2 14 #
face $2675 -1 $-1 $2676 $2677 $52 $-1 $2678 forward single #
loop $-1 -1 $-1 $-1 $2679 $1753 #
cone-surface $-1 -1 $-1 -157.1895747684296794 -34.99999999999994316 -326.5260334537437643 0.4702248931595550685 -1.658727809094295074e-17 -0.8825466275801437943 -3.120273525376189294 3.535533905932737309 -1.662496053179205457 1 I I 0 1 4.999999999999998224 forward I I I I #
coedge $-1 -1 $-1 $2680 $2681 $2682 $2683 reversed $1754 $-1 #
point $-1 -1 $-1 -125.542530142129209 -74.99999999999994316 -300.8574487663639161 #
point $-1 -1 $-1 -124.6020803558101022 -72.99999999999994316 -302.6225420215241684 #
straight-curve $-1 -1 $-1 -151.0784791832144265 -46.99999999999995026 -316.7292888163108273 -8.825466275801435501 8.299531269023102025e-16 -4.702248931595550019 F -3.620001000000000246 F 0.6200009999999999133 #
DXID-attrib $-1 -1 $-1 $-1 $1769 @10 ASM ENTITY @1 8 #
plane-surface $-1 -1 $-1 135.4127806581383595 -250.0000000000001705 -309.8083944385869586 0.9665634604059828439 -2.738051440987593926e-16 0.2564275277890660787 2.83276944882392098e-15 10.00000000000000533 -8.8331535902569965e-30 forward_v I I I I #
coedge $-1 -1 $-1 $1772 $1771 $1800 $2270 forward $924 $-1 #
edge $-1 -1 $-1 $1813 -3 $2251 -0 $1774 $2684 forward @7 tangent #
edge $-1 -1 $-1 $2271 0 $1817 3 $1815 $2685 forward @7 tangent #
ellipse-curve $-1 -1 $-1 149.9509144138039858 -253.0000000000001705 -274.9136574872589449 0.2564275277890660787 -7.264000665583214955e-17 -0.9665634604059828439 1.366927154600409811 -1.41421356237309781 0.3626432875651007248 1 I I #
vertex $-1 -1 $-1 $1775 $2686 #
straight-curve $-1 -1 $-1 144.8476456612870891 -255.0000000000001705 -307.3053419160295903 -9.66563460405983399 2.738051440987595208e-15 -2.564275277890662785 I I #
point $-1 -1 $-1 132.5130902769203942 -255.0000000000001705 -310.5776770219541731 #
ellipse-curve $-1 -1 $-1 132.5130902769203942 -253.0000000000001705 -310.5776770219541731 0.2564275277890660787 -7.264000665583214955e-17 -0.9665634604059828439 -1.366927154600409144 -1.41421356237309892 -0.3626432875651003918 1 I I #
coedge $-1 -1 $-1 $1782 $1781 $2687 $2688 reversed $1783 $-1 #
coedge $-1 -1 $-1 $1792 $2687 $1785 $2257 forward $2266 $-1 #
edge $-1 -1 $-1 $2258 -2.226124733619230689 $1796 -0.2261247336192306889 $2256 $2689 forward @7 unknown #
vertex $-1 -1 $-1 $2688 $2690 #
straight-curve $-1 -1 $-1 135.4127806581383595 -250.0000000000001705 -309.8083944385869586 -2.564275277890662785 7.264000665583218653e-16 9.66563460405983399 I I #
DXID-attrib $-1 -1 $-1 $-1 $1787 @10 ASM ENTITY @1 9 #
plane-surface $-1 -1 $-1 154.7440498662580239 -250.0000000000001705 -304.6798438828056419 2.832769448823919303e-16 1 -8.833153590256991946e-31 -9.66563460405983399 2.738051440987595208e-15 -2.564275277890662341 forward_v I I I I #
coedge $-1 -1 $-1 $2687 $1792 $1789 $2263 forward $2266 $-1 #
edge $-1 -1 $-1 $1794 -0.7738752663807693111 $2264 1.226124733619230689 $2262 $2691 forward @7 unknown #
vertex $-1 -1 $-1 $2263 $2692 #
straight-curve $-1 -1 $-1 135.4127806581383595 -230.0000000000001421 -309.8083944385869586 -2.564275277890662785 7.264000665583218653e-16 9.66563460405983399 I I #
loop $-1 -1 $-1 $-1 $2262 $2693 #
straight-curve $-1 -1 $-1 154.7440498662580239 -235.0000000000001705 -304.6798438828056419 2.83276944882392098e-15 10.00000000000000533 -8.8331535902569965e-30 I I #
point $-1 -1 $-1 154.7440498662580239 -230.0000000000001705 -304.6798438828056419 #
point $-1 -1 $-1 154.7440498662580239 -250.0000000000001705 -304.6798438828056419 #
edge $-1 -1 $-1 $2251 -0.7853981633974470578 $2271 0.7853981633974495002 $2247 $2694 reversed @7 unknown #
vertex $-1 -1 $-1 $2270 $2695 #
straight-curve $-1 -1 $-1 159.5768671682879472 -247.5000000000001705 -303.3977062438603411 -2.83276944882392098e-15 -10.00000000000000533 8.8331535902569965e-30 I I #
point $-1 -1 $-1 159.5768671682879472 -227.0000000000001705 -303.3977062438603411 #
DXID-attrib $-1 -1 $-1 $-1 $1806 @10 ASM ENTITY @2 14 #
face $2696 -1 $-1 $2697 $2698 $54 $-1 $2699 forward single #
loop $-1 -1 $-1 $-1 $2700 $1806 #
cone-surface $-1 -1 $-1 167.72062487189379 -215.0000000000001705 -311.5831143099049996 0.9665634604059828439 -2.738051440987593926e-16 0.2564275277890660787 0.9066082189127537827 3.535533905932739085 -3.417317886501029189 1 I I 0 1 5.000000000000001776 forward I I I I #
coedge $-1 -1 $-1 $2701 $2702 $2703 $2704 reversed $1807 $-1 #
point $-1 -1 $-1 149.9509144138039858 -255.0000000000001705 -274.9136574872589449 #
point $-1 -1 $-1 151.8840413346159437 -253.0000000000001705 -274.4008024316808019 #
straight-curve $-1 -1 $-1 159.5768671682879472 -227.0000000000001705 -303.3977062438603411 2.564275277890662785 -7.264000665583218653e-16 -9.66563460405983399 F -3.620001000000000246 F 0.6200009999999999133 #
DXID-attrib $-1 -1 $-1 $-1 $1822 @10 ASM ENTITY @1 9 #
face $2705 -1 $-1 $2706 $2707 $34 $-1 $2708 forward single #
loop $-1 -1 $-1 $-1 $2709 $1822 #
plane-surface $-1 -1 $-1 0 -240 -75.00000000000001421 0 0 -1 -10 0 0 forward_v I I I I #
coedge $2710 -1 $-1 $2711 $1832 $1835 $2303 reversed $1823 $-1 #
ATTRIB_CUSTOM-attrib $-1 -1 $-1 $-1 $1825 @17 sketch_attrib_def 1 1 3 @13 276 0 1 0 1 1 #
coedge $-1 -1 $-1 $2712 $1825 $1828 $2293 forward $1369 $-1 #
coedge $-1 -1 $-1 $1825 $2712 $2711 $2713 reversed $1369 $-1 #
coedge $-1 -1 $-1 $1835 $1829 $1825 $2291 forward $1836 $-1 #
edge $-1 -1 $-1 $2294 -1.5 $2714 0.5 $2290 $2715 forward @7 unknown #
coedge $-1 -1 $-1 $1828 $1827 $2716 $2717 reversed $964 $-1 #
edge $-1 -1 $-1 $2294 0 $2718 3 $2288 $2719 forward @7 unknown #
vertex $-1 -1 $-1 $1830 $2720 #
straight-curve $-1 -1 $-1 5 -250 -45.00000000000001421 10 0 0 I I #
coedge $-1 -1 $-1 $2709 $2716 $1831 $2297 forward $2284 $-1 #
edge $-1 -1 $-1 $2301 -2 $2299 -0 $1831 $2721 forward @7 unknown #
coedge $-1 -1 $-1 $1832 $2711 $2709 $2722 reversed $1823 $-1 #
vertex $-1 -1 $-1 $1833 $2723 #
straight-curve $-1 -1 $-1 -10 -230 -45.00000000000001421 0 0 -10 I I #
vertex $-1 -1 $-1 $2297 $2724 #
straight-curve $-1 -1 $-1 -10 -250 -45.00000000000001421 0 0 -10 I I #
edge $-1 -1 $-1 $2714 -1.5 $1837 0.5 $1835 $2725 forward @7 unknown #
loop $-1 -1 $-1 $-1 $2726 $2305 #
face $2727 -1 $-1 $2314 $1836 $34 $-1 $2728 reversed single #
point $-1 -1 $-1 -10 -230 -45.00000000000001421 #
point $-1 -1 $-1 -10 -250 -45.00000000000001421 #
coedge $-1 -1 $-1 $2729 $1840 $1843 $2313 reversed $2310 $-1 #
coedge $-1 -1 $-1 $1840 $2729 $1847 $2317 forward $2310 $-1 #
loop $-1 -1 $-1 $-1 $2729 $2730 #
straight-curve $-1 -1 $-1 -15 -75 -45.00000000000001421 -0 -10 -0 I I #
coedge $2731 -1 $-1 $1843 $1842 $2732 $2733 reversed $1844 $-1 #
edge $-1 -1 $-1 $2734 0 $1845 3 $2308 $2735 forward @7 unknown #
face $2736 -1 $-1 $2730 $1844 $34 $-1 $2737 reversed single #
point $-1 -1 $-1 -15 -75 -45.00000000000001421 #
coedge $2738 -1 $-1 $1848 $1847 $2739 $2740 reversed $1849 $-1 #
edge $-1 -1 $-1 $2741 0 $1850 3 $1847 $2742 forward @7 unknown #
face $2743 -1 $-1 $1855 $1849 $34 $-1 $2744 reversed single #
point $-1 -1 $-1 -15 -45 -45.00000000000001421 #
ATTRIB_CUSTOM-attrib $-1 -1 $-1 $-1 $1852 @17 sketch_attrib_def 1 1 3 @13 253 0 0 0 1 1 #
coedge $-1 -1 $-1 $2739 $2732 $1852 $2322 forward $2745 $-1 #
edge $-1 -1 $-1 $2325 -3.75 $2323 -0.75 $2321 $2746 forward @7 unknown #
vertex $-1 -1 $-1 $2322 $2747 #
straight-curve $-1 -1 $-1 15 -45 -75.00000000000001421 0 0 10 I I #
vertex $-1 -1 $-1 $2733 $2748 #
straight-curve $-1 -1 $-1 15 -75 -75.00000000000001421 0 0 10 I I #
DXID-attrib $-1 -1 $-1 $-1 $1855 @10 ASM ENTITY @2 39 #
plane-surface $-1 -1 $-1 15 -75 -75.00000000000001421 1 0 0 0 10 0 forward_v I I I I #
DXID-attrib $-1 -1 $-1 $-1 $1859 @10 ASM ENTITY @2 44 #
face $2749 -1 $-1 $-1 $2750 $34 $-1 $2751 reversed single #
loop $-1 -1 $-1 $-1 $2752 $1859 #
plane-surface $-1 -1 $-1 1.776356839400250465e-14 0 174.9999999999999716 0 1 0 10 0 0 forward_v I I I I #
coedge $-1 -1 $-1 $2753 $2754 $2755 $2756 reversed $1860 $-1 #
coedge $-1 -1 $-1 $2757 $1862 $1864 $2341 forward $1392 $-1 #
coedge $-1 -1 $-1 $1862 $2757 $2753 $2758 reversed $1392 $-1 #
coedge $-1 -1 $-1 $2759 $2760 $1862 $2337 forward $2761 $-1 #
edge $-1 -1 $-1 $2346 -26.25 $2762 8.749999999999998224 $1862 $2763 forward @7 tangent #
coedge $-1 -1 $-1 $1864 $1863 $2764 $2765 reversed $981 $-1 #
coedge $-1 -1 $-1 $2766 $2767 $1863 $2340 reversed $2768 $-1 #
edge $-1 -1 $-1 $2345 1 $2769 29 $1863 $2770 forward @7 unknown #
edge $-1 -1 $-1 $2346 1 $2771 29 $2334 $2772 forward @7 tangent #
coedge $-1 -1 $-1 $2773 $1865 $2760 $2774 forward $2344 $-1 #
coedge $-1 -1 $-1 $1865 $2773 $2775 $2776 reversed $2344 $-1 #
loop $-1 -1 $-1 $-1 $1865 $2777 #
vertex $-1 -1 $-1 $2778 $2779 #
vertex $-1 -1 $-1 $1866 $2780 #
ellipse-curve $-1 -1 $-1 0 -10 349.9999999999998863 0 1 0 72.88689868556622287 0 43.73213921133987014 1 I I #
coedge $-1 -1 $-1 $2348 $2348 $1868 $2349 forward $2781 $-1 #
edge $-1 -1 $-1 $2782 -3.141592653589793116 $2782 3.141592653589793116 $2348 $2783 forward @7 unknown #
vertex $-1 -1 $-1 $1871 $2784 #
ellipse-curve $-1 -1 $-1 -14.00000000000001599 -59.99999999999997868 -54.65138140769180097 1 -2.832769448823915359e-16 -6.212279628615462362e-30 -8.49830834647176925e-16 -3.000000000000007994 7.099748146989114656e-30 1 I I #
coedge $-1 -1 $-1 $2785 $1895 $1872 $2353 reversed $2375 $-1 #
edge $-1 -1 $-1 $2355 0 $1897 3 $2352 $2786 forward @7 unknown #
coedge $-1 -1 $-1 $1873 $2363 $2785 $2787 reversed $1412 $-1 #
vertex $-1 -1 $-1 $1874 $2788 #
straight-curve $-1 -1 $-1 15.00000000000001421 -75.00000000000001421 -134.6513814076919004 6.212279628615471331e-29 2.366582715663033174e-29 10.00000000000001243 I I #
ATTRIB_CUSTOM-attrib $-1 -1 $-1 $1875 $1402 @17 sketch_attrib_def 1 1 3 @13 141 0 0 0 2 2 #
point $-1 -1 $-1 15.00000000000001421 -75.00000000000001421 -119.6513811841744683 #
coedge $2789 -1 $-1 $2790 $2791 $2792 $2793 reversed $1878 $-1 #
coedge $-1 -1 $-1 $1885 $1900 $1881 $2361 reversed $1438 $-1 #
edge $-1 -1 $-1 $1887 -4.482569075972527628 $2794 -2.982569053620785837 $1881 $2795 forward @7 unknown #
coedge $-1 -1 $-1 $2362 $2362 $2796 $2797 reversed $1882 $-1 #
coedge $-1 -1 $-1 $2354 $1883 $2798 $2799 reversed $1412 $-1 #
coedge $-1 -1 $-1 $1908 $1907 $1883 $2365 reversed $1909 $-1 #
edge $-1 -1 $-1 $2794 -0.25 $2800 0.75 $1883 $2801 forward @7 unknown #
DXID-attrib $-1 -1 $-1 $-1 $1884 @10 ASM ENTITY @2 11 #
face $2802 -1 $-1 $2803 $2804 $36 $-1 $2805 forward single #
plane-surface $-1 -1 $-1 15.00000000000001776 -59.99999999999999289 -44.99999999999994316 1 -2.832769448823915359e-16 -6.212279628615462362e-30 -6.212279628615471331e-29 -2.366582715663033174e-29 -10.00000000000001243 forward_v I I I I #
ellipse-curve $-1 -1 $-1 1.416384724411590514e-15 -54.99999999999997868 -134.6513814076919004 -2.832769448823915359e-16 -1 2.366582715663031913e-30 9.318419442923206436e-29 3.549874073494549761e-29 15.00000000000001776 1 I I #
point $-1 -1 $-1 15.00000000000002132 -54.99999999999998579 -134.6513814076919004 #
DXID-attrib $-1 -1 $-1 $-1 $1893 @10 ASM ENTITY @2 25 #
loop $-1 -1 $-1 $2375 $2792 $1893 #
plane-surface $-1 -1 $-1 -15.00000000000001776 -59.99999999999997868 -44.99999999999994316 6.212279628615463063e-30 2.366582715663030161e-30 1 10.00000000000001243 -2.832769448823919007e-15 -6.21227962861547021e-29 forward_v I I I I #
coedge $-1 -1 $-1 $1895 $2785 $2383 $2806 reversed $2375 $-1 #
loop $-1 -1 $-1 $-1 $2785 $1893 #
vertex $-1 -1 $-1 $1896 $2807 #
straight-curve $-1 -1 $-1 -15.00000000000001776 -59.99999999999997868 -44.99999999999994316 2.832769448823919007e-15 10.00000000000001243 -2.366582715663034856e-29 I I #
point $-1 -1 $-1 -15.00000000000002309 -75 -44.99999999999994316 #
edge $-1 -1 $-1 $2794 0 $1901 3.000000022351741791 $1908 $2808 forward @7 unknown #
point $-1 -1 $-1 -15.00000022351743389 -54.99999999999997158 -119.6513811841744683 #
vertex $-1 -1 $-1 $1904 $2809 #
ellipse-curve $-1 -1 $-1 -15.00000000000001776 -59.99999999999997868 -54.65138140769180097 -1 2.832769448823915359e-16 6.212279628615462362e-30 -1.133107779529568905e-15 -4.00000000000000977 9.466330862652150073e-30 1 I I #
coedge $-1 -1 $-1 $2798 $1905 $2374 $2806 forward $2385 $-1 #
coedge $-1 -1 $-1 $1905 $2798 $1907 $2388 forward $2385 $-1 #
loop $-1 -1 $-1 $2810 $2384 $2811 #
straight-curve $-1 -1 $-1 -15.00000000000001421 -44.99999999999996447 -44.99999999999994316 6.212279628615471331e-29 2.366582715663033174e-29 10.00000000000001243 I I #
ATTRIB_CUSTOM-attrib $-1 -1 $2812 $-1 $1907 @17 sketch_attrib_def 1 1 3 @13 162 0 1 0 2 2 #
edge $-1 -1 $-1 $2800 -0.75 $1910 2.250000022351741791 $2384 $2813 forward @7 unknown #
face $2814 -1 $-1 $1416 $1909 $36 $-1 $2815 reversed single #
point $-1 -1 $-1 -15.00000022351743212 -44.99999999999996447 -119.6513811841744683 #
DXID-attrib $-1 -1 $-1 $-1 $1913 @10 ASM ENTITY @2 10 #
loop $-1 -1 $-1 $2816 $2817 $1913 #
loop $-1 -1 $-1 $-1 $2796 $1434 #
coedge $-1 -1 $-1 $2394 $2394 $2818 $2819 forward $1914 $-1 #
DXID-attrib $-1 -1 $-1 $-1 $1917 @10 ASM ENTITY @2 18 #
face $2820 -1 $-1 $2821 $2822 $36 $-1 $2823 reversed single #
loop $-1 -1 $-1 $2824 $2825 $1917 #
plane-surface $-1 -1 $-1 10.00000014901162615 -49.99999985098835964 -44.99999999999994316 1 -2.832769448823915359e-16 -6.212279628615462362e-30 -2.832769448823919007e-15 -10.00000000000001243 2.366582715663034856e-29 forward_v I I I I #
vertex $-1 -1 $-1 $1921 $2826 #
ellipse-curve $-1 -1 $-1 1.416384724411590514e-15 -54.99999999999997868 -134.6513814076919004 2.832769448823915359e-16 1 -2.366582715663031913e-30 2.484911851446188588e-29 9.466330862652131856e-30 4.000000000000005329 1 I I #
DXID-attrib $-1 -1 $-1 $-1 $1923 @10 ASM ENTITY @1 9 #
cone-surface $-1 -1 $-1 -28.61374790221957198 -59.99999999999999289 -198.4818091251736121 0.8485000167580697417 -2.384943802758272432e-16 -0.5291953529289118441 -9.83771731855365837e-16 -3.500000000000003553 5.431420432524390502e-30 1 I I -0.7071067811865476838 -0.7071067811865472397 3.500000000000003553 forward I I I I #
loop $-1 -1 $-1 $-1 $2404 $1442 #
coedge $-1 -1 $-1 $2404 $2404 $1926 $2405 reversed $2403 $-1 #
edge $-1 -1 $-1 $2827 -3.141592653589793116 $2827 3.141592653589793116 $2404 $2828 forward @7 unknown #
vertex $-1 -1 $-1 $1928 $2829 #
ellipse-curve $-1 -1 $-1 -36.67449818785760129 -50.99999985098836675 -193.4544531934926681 -2.810776376729614071e-16 -1 1.551834409292681599e-30 1.587586058786736309 -4.46234939006299186e-16 2.545500050274210224 1 I I #
coedge $-1 -1 $-1 $1935 $1929 $1932 $2410 forward $1924 $-1 #
straight-curve $-1 -1 $-1 -55.92809459218875645 -49.99999999999997158 -205.4286265052135434 5.291953529289123992 -1.487449796687664742e-15 8.485000167580706076 I I #
edge $-1 -1 $-1 $1940 0 $1937 2 $2408 $2830 forward @7 unknown #
coedge $-1 -1 $-1 $2831 $2832 $2833 $2834 reversed $1933 $-1 #
DXID-attrib $-1 -1 $-1 $-1 $1934 @10 ASM ENTITY @2 31 #
face $2835 -1 $-1 $2836 $2837 $38 $-1 $2838 forward single #
plane-surface $-1 -1 $-1 -31.56723383674066596 -59.99999999999999289 -185.2655795317605509 0.5291953529289118441 -1.487449796687663214e-16 0.8485000167580697417 8.485000167580706076 -2.384943802758274799e-15 -5.291953529289123992 forward_v I I I I #
straight-curve $-1 -1 $-1 -38.95809425702734075 -49.99999999999997868 -216.0125335637918056 5.291953529289123992 -1.487449796687664742e-15 8.485000167580706076 I I #
point $-1 -1 $-1 -23.08223366915995456 -49.99999999999998579 -190.5575330610496678 #
coedge $-1 -1 $-1 $2417 $2417 $1939 $2418 forward $2420 $-1 #
edge $-1 -1 $-1 $2839 -3.141592653589793116 $2839 3.141592653589793116 $1939 $2840 forward @7 unknown #
point $-1 -1 $-1 -40.05223400432137737 -49.99999999999997868 -179.973626002471434 #
loop $-1 -1 $-1 $-1 $2417 $1923 #
point $-1 -1 $-1 -29.0379979105986088 -56.99999999999998579 -198.2172114487091505 #
DXID-attrib $-1 -1 $-1 $-1 $1950 @10 ASM ENTITY @2 13 #
face $2841 -1 $-1 $2842 $2843 $38 $-1 $2844 forward single #
loop $-1 -1 $-1 $2845 $2846 $1950 #
cone-surface $-1 -1 $-1 -10.20838924337751941 -75.00000000000001421 -138.873709030069449 -2.810776376729614071e-16 -1 1.551834409292681599e-30 -1.653735477902851247 4.64828061464895232e-16 -2.65156255236897076 1 I I 0 1 3.125000000000003553 forward I I I I #
loop $-1 -1 $-1 $-1 $2847 $1474 #
coedge $-1 -1 $-1 $2427 $2427 $2848 $2849 reversed $1951 $-1 #
coedge $-1 -1 $-1 $2428 $2428 $1954 $2429 forward $2850 $-1 #
edge $-1 -1 $-1 $2851 -3.141592653589793116 $2851 3.141592653589793116 $2428 $2852 forward @7 unknown #
vertex $-1 -1 $-1 $1957 $2853 #
ellipse-curve $-1 -1 $-1 -14.00000000000001599 -239.9999999999999432 -54.65138140769182939 1 -2.83276944882392522e-16 1.594897878183754025e-29 -8.498308346471798832e-16 -3.000000000000007994 4.733165431326416253e-30 1 I I #
coedge $-1 -1 $-1 $2854 $1980 $1958 $2433 reversed $2454 $-1 #
edge $-1 -1 $-1 $2435 0 $1982 3 $2432 $2855 forward @7 unknown #
coedge $-1 -1 $-1 $1959 $2442 $2854 $2856 reversed $1493 $-1 #
vertex $-1 -1 $-1 $1960 $2857 #
straight-curve $-1 -1 $-1 15.00000000000001421 -254.9999999999999716 -134.6513814076919289 -1.594897878183755986e-28 1.57772181044214132e-29 10.00000000000001243 I I #
point $-1 -1 $-1 15.00000000000001421 -254.9999999999999716 -119.6513811841744968 #
coedge $-1 -1 $-1 $2858 $2859 $2860 $2861 reversed $1963 $-1 #
coedge $-1 -1 $-1 $1970 $1985 $1966 $2440 reversed $1519 $-1 #
edge $-1 -1 $-1 $1972 -4.482569075972527628 $2862 -2.982569053620785837 $1966 $2863 forward @7 unknown #
coedge $-1 -1 $-1 $2441 $2441 $2864 $2865 reversed $1967 $-1 #
coedge $-1 -1 $-1 $2434 $1968 $2866 $2867 reversed $1493 $-1 #
coedge $-1 -1 $-1 $1993 $1992 $1968 $2444 reversed $1994 $-1 #
edge $-1 -1 $-1 $2862 -0.25 $2868 0.75 $1968 $2869 forward @7 unknown #
DXID-attrib $-1 -1 $-1 $-1 $1969 @10 ASM ENTITY @2 11 #
face $2870 -1 $-1 $2871 $2872 $40 $-1 $2873 forward single #
plane-surface $-1 -1 $-1 15.00000000000001776 -239.9999999999999432 -44.99999999999997158 1 -2.83276944882392522e-16 1.594897878183754025e-29 1.594897878183755986e-28 -1.57772181044214132e-29 -10.00000000000001243 forward_v I I I I #
ellipse-curve $-1 -1 $-1 1.416384724412931183e-15 -234.9999999999999432 -134.6513814076919289 -2.83276944882392522e-16 -1 1.577721810442134664e-30 -2.392346817275634316e-28 2.3665827156632117e-29 15.00000000000001776 1 I I #
point $-1 -1 $-1 15.00000000000002132 -234.9999999999999432 -134.6513814076919289 #
DXID-attrib $-1 -1 $-1 $-1 $1978 @10 ASM ENTITY @2 25 #
loop $-1 -1 $-1 $2454 $2860 $1978 #
plane-surface $-1 -1 $-1 -15.00000000000001776 -239.9999999999999432 -44.99999999999997158 -1.594897878183754025e-29 1.577721810442139218e-30 1 10.00000000000001243 -2.832769448823928868e-15 1.594897878183755986e-28 forward_v I I I I #
coedge $-1 -1 $-1 $1980 $2854 $2462 $2874 reversed $2454 $-1 #
loop $-1 -1 $-1 $-1 $2854 $1978 #
vertex $-1 -1 $-1 $1981 $2875 #
straight-curve $-1 -1 $-1 -15.00000000000001776 -239.9999999999999432 -44.99999999999997158 2.832769448823928868e-15 10.00000000000001243 -1.577721810442136555e-29 I I #
point $-1 -1 $-1 -15.00000000000002309 -254.9999999999999432 -44.99999999999997158 #
edge $-1 -1 $-1 $2862 0 $1986 3.000000022351741791 $1993 $2876 forward @7 unknown #
point $-1 -1 $-1 -15.00000022351743389 -234.9999999999999432 -119.6513811841744968 #
vertex $-1 -1 $-1 $1989 $2877 #
ellipse-curve $-1 -1 $-1 -15.00000000000001776 -239.9999999999999432 -54.65138140769182939 -1 2.83276944882392522e-16 -1.594897878183754025e-29 -1.133107779529572849e-15 -4.00000000000000977 6.310887241768554069e-30 1 I I #
coedge $-1 -1 $-1 $2866 $1990 $2453 $2874 forward $2464 $-1 #
coedge $-1 -1 $-1 $1990 $2866 $1992 $2466 forward $2464 $-1 #
loop $-1 -1 $-1 $2878 $2463 $2879 #
straight-curve $-1 -1 $-1 -15.00000000000001421 -224.9999999999999147 -44.99999999999997158 -1.594897878183755986e-28 1.57772181044214132e-29 10.00000000000001243 I I #
edge $-1 -1 $-1 $2868 -0.75 $1995 2.250000022351741791 $2463 $2880 forward @7 unknown #
face $2881 -1 $-1 $1497 $1994 $40 $-1 $2882 reversed single #
point $-1 -1 $-1 -15.00000022351743212 -224.9999999999999147 -119.6513811841744968 #
DXID-attrib $-1 -1 $-1 $-1 $1998 @10 ASM ENTITY @2 10 #
loop $-1 -1 $-1 $2883 $2884 $1998 #
loop $-1 -1 $-1 $-1 $2864 $1515 #
coedge $-1 -1 $-1 $2472 $2472 $2885 $2886 forward $1999 $-1 #
DXID-attrib $-1 -1 $-1 $-1 $2002 @10 ASM ENTITY @2 18 #
face $2887 -1 $-1 $2888 $2889 $40 $-1 $2890 reversed single #
loop $-1 -1 $-1 $2891 $2892 $2002 #
plane-surface $-1 -1 $-1 10.00000014901162615 -229.9999998509883312 -44.99999999999997158 1 -2.83276944882392522e-16 1.594897878183754025e-29 -2.832769448823928868e-15 -10.00000000000001243 1.577721810442136555e-29 forward_v I I I I #
vertex $-1 -1 $-1 $2006 $2893 #
ellipse-curve $-1 -1 $-1 1.416384724412931183e-15 -234.9999999999999432 -134.6513814076919289 2.83276944882392522e-16 1 -1.577721810442134664e-30 -6.379591512735023946e-29 6.31088724176856528e-30 4.000000000000005329 1 I I #
DXID-attrib $-1 -1 $-1 $-1 $2008 @10 ASM ENTITY @1 9 #
cone-surface $-1 -1 $-1 62.13884967437083162 -240 -166.7735456055533234 0.5756021301204911067 -1.630548128883287399e-16 0.8177298990502630538 -9.914693070883745911e-16 -3.500000000000003553 5.663849593820460993e-30 1 I I -0.7071067811865476838 -0.7071067811865472397 3.500000000000003553 forward I I I I #
loop $-1 -1 $-1 $-1 $2482 $1523 #
coedge $-1 -1 $-1 $2482 $2482 $2011 $2483 reversed $2481 $-1 #
edge $-1 -1 $-1 $2894 -3.141592653589793116 $2894 3.141592653589793116 $2482 $2895 forward @7 unknown #
vertex $-1 -1 $-1 $2013 $2896 #
ellipse-curve $-1 -1 $-1 56.67062935245476041 -230.9999998509883596 -174.5419797683820775 -2.832769448823924727e-16 -1 1.618242741091558582e-30 -2.453189697150790494 6.949320826258403275e-16 1.726806390361474097 1 I I #
coedge $-1 -1 $-1 $2020 $2014 $2017 $2488 forward $2009 $-1 #
straight-curve $-1 -1 $-1 67.55459376702366114 -229.9999999999999716 -194.4322065047066133 -8.177298990502638532 2.316440275419469073e-15 5.756021301204917506 I I #
edge $-1 -1 $-1 $2025 0 $2022 2 $2486 $2897 forward @7 unknown #
coedge $-1 -1 $-1 $2898 $2899 $2900 $2901 reversed $2018 $-1 #
DXID-attrib $-1 -1 $-1 $-1 $2019 @10 ASM ENTITY @2 31 #
face $2902 -1 $-1 $2903 $2904 $42 $-1 $2905 forward single #
plane-surface $-1 -1 $-1 48.77871809672067371 -239.9999999999999716 -168.9868436105892329 -0.8177298990502630538 2.316440275419466608e-16 0.5756021301204911067 5.756021301204917506 -1.630548128883289075e-15 8.177298990502638532 forward_v I I I I #
straight-curve $-1 -1 $-1 79.06663636943349616 -229.9999999999999716 -178.0776085237013433 -8.177298990502638532 2.316440275419469073e-15 5.756021301204917506 I I #
point $-1 -1 $-1 54.53473939792559122 -229.9999999999999716 -160.8095446200865695 #
coedge $-1 -1 $-1 $2495 $2495 $2024 $2496 forward $2498 $-1 #
edge $-1 -1 $-1 $2906 -3.141592653589793116 $2906 3.141592653589793116 $2024 $2907 forward @7 unknown #
point $-1 -1 $-1 43.0226967955157491 -229.9999999999999716 -177.1641426010918394 #
loop $-1 -1 $-1 $-1 $2495 $2008 #
point $-1 -1 $-1 61.85104860931059534 -237 -167.1824105550784623 #
DXID-attrib $-1 -1 $-1 $-1 $2034 @10 ASM ENTITY @2 13 #
face $2908 -1 $-1 $2909 $2910 $42 $-1 $2911 forward single #
loop $-1 -1 $-1 $2912 $2913 $2034 #
cone-surface $-1 -1 $-1 3.647587795379367392 -255 -145.0789585361526122 -2.832769448823924727e-16 -1 1.618242741091558582e-30 2.555405934532075207 -7.238875860685841347e-16 -1.798756656626536721 1 I I 0 1 3.125000000000003553 forward I I I I #
loop $-1 -1 $-1 $-1 $2914 $1553 #
coedge $-1 -1 $-1 $2505 $2505 $2915 $2916 reversed $2035 $-1 #
coedge $-1 -1 $-1 $2506 $2506 $2038 $2507 forward $2917 $-1 #
edge $-1 -1 $-1 $2918 -3.141592653589793116 $2918 3.141592653589793116 $2506 $2919 forward @7 unknown #
vertex $-1 -1 $-1 $2041 $2920 #
ellipse-curve $-1 -1 $-1 -48.55370026164825958 -60.00000000000002132 -186.0460418769201851 0.8485000167580697417 -2.384943802758270953e-16 -0.5291953529289118441 -8.432329130188870316e-16 -3.00000000000000755 2.681369190049441976e-30 1 I I #
coedge $-1 -1 $-1 $2921 $2064 $2042 $2511 reversed $2532 $-1 #
edge $-1 -1 $-1 $2513 0 $2066 3 $2510 $2922 forward @7 unknown #
coedge $-1 -1 $-1 $2043 $2520 $2921 $2923 reversed $1572 $-1 #
vertex $-1 -1 $-1 $2044 $2924 #
straight-curve $-1 -1 $-1 -66.28282800997720869 -75.00000000000002842 -269.2727084525042756 5.291953529289123992 -1.487449796687671448e-15 8.485000167580706076 I I #
point $-1 -1 $-1 -58.34489759775914308 -75.00000000000004263 -256.5452080114786781 #
coedge $-1 -1 $-1 $2925 $2926 $2927 $2928 reversed $2047 $-1 #
coedge $-1 -1 $-1 $2054 $2069 $2050 $2518 reversed $1598 $-1 #
edge $-1 -1 $-1 $2056 -4.482569075972527628 $2929 -2.982569053620785837 $2050 $2930 forward @7 unknown #
coedge $-1 -1 $-1 $2519 $2519 $2931 $2932 reversed $2051 $-1 #
coedge $-1 -1 $-1 $2512 $2052 $2933 $2934 reversed $1572 $-1 #
coedge $-1 -1 $-1 $2077 $2076 $2052 $2522 reversed $2078 $-1 #
edge $-1 -1 $-1 $2929 -0.25 $2935 0.75 $2052 $2936 forward @7 unknown #
DXID-attrib $-1 -1 $-1 $-1 $2053 @10 ASM ENTITY @2 11 #
face $2937 -1 $-1 $2938 $2939 $44 $-1 $2940 forward single #
plane-surface $-1 -1 $-1 -18.83973358536918141 -60.00000000000002842 -193.2035098256935726 0.8485000167580697417 -2.384943802758270953e-16 -0.5291953529289118441 -5.291953529289123992 1.487449796687671448e-15 -8.485000167580706076 forward_v I I I I #
ellipse-curve $-1 -1 $-1 -79.01032826134826337 -55.00000000000000711 -261.3347781585706002 -2.810776376729616536e-16 -1 8.937897300164784982e-31 7.937930293933685988 -2.231174695031507369e-15 12.72750025137106 1 I I #
point $-1 -1 $-1 -66.28282800997719448 -55.00000000000001421 -269.2727084525042756 #
DXID-attrib $-1 -1 $-1 $-1 $2062 @10 ASM ENTITY @2 25 #
loop $-1 -1 $-1 $2532 $2927 $2062 #
plane-surface $-1 -1 $-1 -44.29473408811129786 -60.00000000000002132 -177.3276492378262219 0.5291953529289118441 -1.48744979668766987e-16 0.8485000167580697417 8.485000167580706076 -2.384943802758273615e-15 -5.291953529289123992 forward_v I I I I #
coedge $-1 -1 $-1 $2064 $2921 $2540 $2941 reversed $2532 $-1 #
loop $-1 -1 $-1 $-1 $2921 $2062 #
vertex $-1 -1 $-1 $2065 $2942 #
straight-curve $-1 -1 $-1 -44.29473408811129786 -60.00000000000002132 -177.3276492378262219 2.810776376729619494e-15 10.00000000000001066 -8.937897300164795141e-30 I I #
point $-1 -1 $-1 -44.29473408811129786 -75.00000000000004263 -177.3276492378262219 #
edge $-1 -1 $-1 $2929 0 $2070 3.000000022351741791 $2077 $2943 forward @7 unknown #
point $-1 -1 $-1 -83.79989829015579517 -55.00000000000000711 -240.6693473053269372 #
vertex $-1 -1 $-1 $2073 $2944 #
ellipse-curve $-1 -1 $-1 -49.40220027840632611 -60.00000000000002132 -185.5168465239912621 -0.8485000167580697417 2.384943802758270953e-16 0.5291953529289118441 -1.124310550691849178e-15 -4.000000000000008882 3.575158920065922401e-30 1 I I #
coedge $-1 -1 $-1 $2933 $2074 $2531 $2941 forward $2542 $-1 #
coedge $-1 -1 $-1 $2074 $2933 $2076 $2544 forward $2542 $-1 #
loop $-1 -1 $-1 $2945 $2541 $2946 #
straight-curve $-1 -1 $-1 -44.29473408811129786 -45.00000000000000711 -177.3276492378262219 5.291953529289123992 -1.487449796687671448e-15 8.485000167580706076 I I #
edge $-1 -1 $-1 $2935 -0.75 $2079 2.250000022351741791 $2541 $2947 forward @7 unknown #
face $2948 -1 $-1 $1576 $2078 $44 $-1 $2949 reversed single #
point $-1 -1 $-1 -83.79989829015578096 -45 -240.6693473053269372 #
DXID-attrib $-1 -1 $-1 $-1 $2082 @10 ASM ENTITY @2 10 #
loop $-1 -1 $-1 $2950 $2951 $2082 #
loop $-1 -1 $-1 $-1 $2931 $1594 #
coedge $-1 -1 $-1 $2550 $2550 $2952 $2953 forward $2083 $-1 #
DXID-attrib $-1 -1 $-1 $-1 $2086 @10 ASM ENTITY @2 18 #
face $2954 -1 $-1 $2955 $2956 $44 $-1 $2957 reversed single #
loop $-1 -1 $-1 $2958 $2959 $2086 #
plane-surface $-1 -1 $-1 -23.08223354272317351 -49.99999985098840938 -190.5575331399052743 0.8485000167580697417 -2.384943802758270953e-16 -0.5291953529289118441 -2.810776376729619494e-15 -10.00000000000001066 8.937897300164795141e-30 forward_v I I I I #
vertex $-1 -1 $-1 $2090 $2960 #
ellipse-curve $-1 -1 $-1 -79.01032826134826337 -55.00000000000000711 -261.3347781585706002 2.810776376729616536e-16 1 -8.937897300164784982e-31 2.116781411715649597 -5.949799186750685396e-16 3.394000067032282519 1 I I #
DXID-attrib $-1 -1 $-1 $-1 $2092 @10 ASM ENTITY @1 9 #
cone-surface $-1 -1 $-1 -135.7057747008948922 -60.00000000000000711 -302.306676145226163 0.470224893159554902 -1.658727809094312331e-17 -0.8825466275801440164 -2.836644453574505731e-16 -3.500000000000003997 -8.535595495913875212e-17 1 I I -0.7071067811865476838 -0.7071067811865472397 3.500000000000003997 forward I I I I #
loop $-1 -1 $-1 $-1 $2560 $1602 #
coedge $-1 -1 $-1 $2560 $2560 $2095 $2561 reversed $2559 $-1 #
edge $-1 -1 $-1 $2961 -3.141592653589793116 $2961 3.141592653589793116 $2560 $2962 forward @7 unknown #
vertex $-1 -1 $-1 $2097 $2963 #
ellipse-curve $-1 -1 $-1 -140.172911255979642 -50.99999985098838806 -293.9224830517050577 -8.104698438784292051e-17 -1 -2.438741570261104518e-17 2.647639882740433936 -2.489859380706880318e-16 1.410674679478665761 1 I I #
coedge $-1 -1 $-1 $2104 $2098 $2101 $2566 forward $2093 $-1 #
straight-curve $-1 -1 $-1 -162.8341015122035742 -49.99999999999999289 -294.665623126807418 8.825466275801451488 -8.299531269022938336e-16 4.70224893159555446 I I #
edge $-1 -1 $-1 $2109 0 $2106 2 $2564 $2964 forward @7 unknown #
coedge $-1 -1 $-1 $2965 $2966 $2967 $2968 reversed $2102 $-1 #
DXID-attrib $-1 -1 $-1 $-1 $2103 @10 ASM ENTITY @2 31 #
face $2969 -1 $-1 $2970 $2971 $46 $-1 $2972 forward single #
plane-surface $-1 -1 $-1 -131.6554537532036875 -60.00000000000000711 -289.384342607822191 0.8825466275801440164 -8.299531269022928229e-17 0.470224893159554902 4.70224893159555446 -1.658727809094314303e-16 -8.825466275801451488 forward_v I I I I #
straight-curve $-1 -1 $-1 -153.4296036490124493 -49.99999999999999289 -312.3165556784103387 8.825466275801451488 -8.299531269022938336e-16 4.70224893159555446 I I #
point $-1 -1 $-1 -126.9532048216081108 -50 -298.2098088836236798 #
coedge $-1 -1 $-1 $2573 $2573 $2108 $2574 forward $2576 $-1 #
edge $-1 -1 $-1 $2973 -3.141592653589793116 $2973 3.141592653589793116 $2108 $2974 forward @7 unknown #
point $-1 -1 $-1 -136.3577026847992215 -50 -280.558876332020759 #
loop $-1 -1 $-1 $-1 $2573 $2092 #
point $-1 -1 $-1 -135.9408871474746832 -57.00000000000000711 -301.8654028314360858 #
DXID-attrib $-1 -1 $-1 $-1 $2118 @10 ASM ENTITY @2 13 #
face $2975 -1 $-1 $2976 $2977 $46 $-1 $2978 forward single #
loop $-1 -1 $-1 $2979 $2980 $2118 #
cone-surface $-1 -1 $-1 -89.96221648902172774 -75.00000000000002842 -259.8872265209613488 -8.104698438784292051e-17 -1 -2.438741570261104518e-17 -2.757958211187953701 2.593603521569668168e-16 -1.469452791123610824 1 I I 0 1 3.125000000000003997 forward I I I I #
loop $-1 -1 $-1 $-1 $2981 $1632 #
coedge $-1 -1 $-1 $2583 $2583 $2982 $2983 reversed $2119 $-1 #
coedge $-1 -1 $-1 $2584 $2584 $2122 $2585 forward $2984 $-1 #
edge $-1 -1 $-1 $2985 -3.141592653589793116 $2985 3.141592653589793116 $2584 $2986 forward @7 unknown #
vertex $-1 -1 $-1 $2125 $2987 #
ellipse-curve $-1 -1 $-1 48.61251141924098818 -239.9999999999999432 -185.9904178941655459 0.5756021301204909957 -1.63054812888328666e-16 0.8177298990502631648 -8.498308346471792915e-16 -3.00000000000000755 4.797549918289685509e-30 1 I I #
coedge $-1 -1 $-1 $2988 $2148 $2126 $2589 reversed $2610 $-1 #
edge $-1 -1 $-1 $2591 0 $2150 3 $2588 $2989 forward @7 unknown #
coedge $-1 -1 $-1 $2127 $2598 $2988 $2990 reversed $1651 $-1 #
vertex $-1 -1 $-1 $2128 $2991 #
straight-curve $-1 -1 $-1 130.7233651167563551 -255 -208.3244212313472019 -8.177298990502640308 2.316440275419468679e-15 5.75602130120491573 I I #
point $-1 -1 $-1 118.4574164482255298 -255 -199.6903891508827371 #
coedge $-1 -1 $-1 $2992 $2993 $2994 $2995 reversed $2131 $-1 #
coedge $-1 -1 $-1 $2138 $2153 $2134 $2596 reversed $1677 $-1 #
edge $-1 -1 $-1 $2140 -4.482569075972527628 $2996 -2.982569053620785837 $2134 $2997 forward @7 unknown #
coedge $-1 -1 $-1 $2597 $2597 $2998 $2999 reversed $2135 $-1 #
coedge $-1 -1 $-1 $2590 $2136 $3000 $3001 reversed $1651 $-1 #
coedge $-1 -1 $-1 $2161 $2160 $2136 $2600 reversed $2162 $-1 #
edge $-1 -1 $-1 $2996 -0.25 $3002 0.75 $2136 $3003 forward @7 unknown #
DXID-attrib $-1 -1 $-1 $-1 $2137 @10 ASM ENTITY @2 11 #
face $3004 -1 $-1 $3005 $3006 $48 $-1 $3007 forward single #
plane-surface $-1 -1 $-1 57.41275004852779773 -239.9999999999999432 -156.7208951248351525 0.5756021301204909957 -1.63054812888328666e-16 0.8177298990502631648 8.177298990502640308 -2.316440275419468679e-15 -5.75602130120491573 forward_v I I I I #
ellipse-curve $-1 -1 $-1 122.0893331649489966 -234.9999999999999716 -220.5903697171011686 -2.832769448823923741e-16 -1 1.599183306096557866e-30 -12.26594848575396135 3.474660413129202821e-15 8.634031951807374483 1 I I #
point $-1 -1 $-1 130.7233651167563835 -234.9999999999999716 -208.3244212313472019 #
DXID-attrib $-1 -1 $-1 $-1 $2146 @10 ASM ENTITY @2 25 #
loop $-1 -1 $-1 $2610 $2994 $2146 #
plane-surface $-1 -1 $-1 40.14468614491305232 -239.9999999999999432 -181.2527920963430574 -0.8177298990502631648 2.316440275419466115e-16 0.5756021301204909957 5.75602130120491573 -1.630548128883288484e-15 8.177298990502640308 forward_v I I I I #
coedge $-1 -1 $-1 $2148 $2988 $2618 $3008 reversed $2610 $-1 #
loop $-1 -1 $-1 $-1 $2988 $2146 #
vertex $-1 -1 $-1 $2149 $3009 #
straight-curve $-1 -1 $-1 40.14468614491305232 -239.9999999999999432 -181.2527920963430574 2.832769448823926896e-15 10.00000000000001066 -1.599183306096559688e-29 I I #
point $-1 -1 $-1 40.14468614491305232 -254.9999999999999716 -181.2527920963430574 #
edge $-1 -1 $-1 $2996 0 $2154 3.000000022351741791 $2161 $3010 forward @7 unknown #
point $-1 -1 $-1 101.1893524159536923 -234.9999999999999716 -224.222286305167529 #
vertex $-1 -1 $-1 $2157 $3011 #
ellipse-curve $-1 -1 $-1 48.0369092891205014 -239.9999999999999432 -186.8081477932157952 -0.5756021301204909957 1.63054812888328666e-16 -0.8177298990502631648 -1.133107779529571863e-15 -4.000000000000008882 6.396733224386245477e-30 1 I I #
coedge $-1 -1 $-1 $3000 $2158 $2609 $3008 forward $2620 $-1 #
coedge $-1 -1 $-1 $2158 $3000 $2160 $2622 forward $2620 $-1 #
loop $-1 -1 $-1 $3012 $2619 $3013 #
straight-curve $-1 -1 $-1 40.14468614491305232 -224.9999999999999432 -181.2527920963430574 -8.177298990502640308 2.316440275419468679e-15 5.75602130120491573 I I #
edge $-1 -1 $-1 $3002 -0.75 $2163 2.250000022351741791 $2619 $3014 forward @7 unknown #
face $3015 -1 $-1 $1655 $2162 $48 $-1 $3016 reversed single #
point $-1 -1 $-1 101.1893524159536923 -224.9999999999999432 -224.222286305167529 #
DXID-attrib $-1 -1 $-1 $-1 $2166 @10 ASM ENTITY @2 10 #
loop $-1 -1 $-1 $3017 $3018 $2166 #
loop $-1 -1 $-1 $-1 $2998 $1673 #
coedge $-1 -1 $-1 $2628 $2628 $3019 $3020 forward $2167 $-1 #
DXID-attrib $-1 -1 $-1 $-1 $2170 @10 ASM ENTITY @2 18 #
face $3021 -1 $-1 $3022 $3023 $48 $-1 $3024 reversed single #
loop $-1 -1 $-1 $3025 $3026 $2170 #
plane-surface $-1 -1 $-1 54.53473948369673963 -229.9999998509883312 -160.8095444982351978 0.5756021301204909957 -1.63054812888328666e-16 0.8177298990502631648 -2.832769448823926896e-15 -10.00000000000001066 1.599183306096559688e-29 forward_v I I I I #
vertex $-1 -1 $-1 $2174 $3027 #
ellipse-curve $-1 -1 $-1 122.0893331649489966 -234.9999999999999716 -220.5903697171011686 2.832769448823923741e-16 1 -1.599183306096557866e-30 -3.270919596201056212 9.265761101677874321e-16 2.302408520481966647 1 I I #
DXID-attrib $-1 -1 $-1 $-1 $2176 @10 ASM ENTITY @1 9 #
cone-surface $-1 -1 $-1 149.0427245171043751 -239.9999999999998863 -285.1394577526882586 0.9665634604059827328 -2.738051440987590968e-16 0.2564275277890659677 -9.914693070883724217e-16 -3.500000000000003553 5.772257177492430662e-30 1 I I -0.7071067811865476838 -0.7071067811865472397 3.500000000000003553 forward I I I I #
loop $-1 -1 $-1 $-1 $2638 $1681 #
coedge $-1 -1 $-1 $2638 $2638 $2179 $2639 reversed $2637 $-1 #
edge $-1 -1 $-1 $3028 -3.141592653589793116 $3028 3.141592653589793116 $2638 $3029 forward @7 unknown #
vertex $-1 -1 $-1 $2181 $3030 #
ellipse-curve $-1 -1 $-1 139.8603714992183598 -230.9999998509882744 -287.5755193048950673 -2.83276944882391881e-16 -1 1.649216336426407009e-30 -0.7692825833671983471 2.179200199674986304e-16 2.899690381217949309 1 I I #
coedge $-1 -1 $-1 $2188 $2182 $2185 $2644 forward $2177 $-1 #
straight-curve $-1 -1 $-1 135.4127806581382458 -229.9999999999998863 -309.8083944385871291 -2.564275277890662341 7.264000665583291623e-16 9.665634604059837542 I I #
edge $-1 -1 $-1 $2193 0 $2190 2 $2642 $3031 forward @7 unknown #
coedge $-1 -1 $-1 $3032 $3033 $3034 $3035 reversed $2186 $-1 #
DXID-attrib $-1 -1 $-1 $-1 $2187 @10 ASM ENTITY @2 31 #
face $3036 -1 $-1 $3037 $3038 $50 $-1 $3039 forward single #
plane-surface $-1 -1 $-1 137.3855894285260888 -239.9999999999998863 -278.2472153485169315 -0.2564275277890659677 7.264000665583283981e-17 0.9665634604059827328 9.665634604059837542 -2.738051440987594025e-15 2.564275277890662341 forward_v I I I I #
straight-curve $-1 -1 $-1 154.7440498662579103 -229.9999999999998863 -304.6798438828058124 -2.564275277890662341 7.264000665583291623e-16 9.665634604059837542 I I #
point $-1 -1 $-1 147.0512240325859352 -229.9999999999998863 -275.6829400706262732 #
coedge $-1 -1 $-1 $2651 $2651 $2192 $2652 forward $2654 $-1 #
edge $-1 -1 $-1 $3040 -3.141592653589793116 $3040 3.141592653589793116 $2192 $3041 forward @7 unknown #
point $-1 -1 $-1 127.7199548244662566 -229.9999999999998863 -280.8114906264075898 #
loop $-1 -1 $-1 $-1 $2651 $2176 #
point $-1 -1 $-1 148.5594427869013998 -236.9999999999998863 -285.2676715165828227 #
DXID-attrib $-1 -1 $-1 $-1 $2202 @10 ASM ENTITY @2 13 #
face $3042 -1 $-1 $3043 $3044 $50 $-1 $3045 forward single #
loop $-1 -1 $-1 $3046 $3047 $2202 #
cone-surface $-1 -1 $-1 118.1808301491626452 -254.9999999999998863 -230.9229814716667022 -2.83276944882391881e-16 -1 1.649216336426407009e-30 0.8013360243408319539 -2.270000207994778755e-16 -3.020510813768698899 1 I I 0 1 3.125000000000003553 forward I I I I #
loop $-1 -1 $-1 $-1 $3048 $1711 #
coedge $-1 -1 $-1 $2661 $2661 $3049 $3050 reversed $2203 $-1 #
straight-curve $-1 -1 $-1 -152.0189289695335333 -74.99999999999994316 -314.9641955611505182 -8.825466275801435501 8.299531269023102025e-16 -4.702248931595550019 F -3.620001000000000246 F 0.6200009999999999133 #
straight-curve $-1 -1 $-1 -151.0784791832144265 -72.99999999999994316 -316.7292888163108273 8.825466275801435501 -8.299531269023102025e-16 4.702248931595550019 F -0.6200009999999999133 F 3.620001000000000246 #
point $-1 -1 $-1 -152.0189289695335333 -74.99999999999994316 -314.9641955611505182 #
ATTRIB_CUSTOM-attrib $-1 -1 $-1 $-1 $2215 @17 sketch_attrib_def 1 1 3 @22 132 0 4294967295 0 1 1 #
coedge $-1 -1 $-1 $2217 $2224 $2215 $2667 forward $2228 $-1 #
edge $-1 -1 $-1 $2226 -1.5 $2219 0.5 $2666 $3051 forward @7 unknown #
straight-curve $-1 -1 $-1 -152.3663088619438213 -69.99999999999994316 -314.312211889091202 4.702248931595550019 -1.658727809094294828e-16 -8.825466275801435501 I I #
point $-1 -1 $-1 -162.83410151220329 -69.99999999999994316 -294.6656231268072474 #
straight-curve $-1 -1 $-1 -157.0685577935393837 -49.99999999999994316 -305.4867456132897701 -4.702248931595550019 1.658727809094294828e-16 8.825466275801435501 I I #
point $-1 -1 $-1 -162.83410151220329 -49.99999999999994316 -294.6656231268072474 #
face $3052 -1 $-1 $-1 $2228 $52 $-1 $1755 forward single #
ellipse-curve $-1 -1 $-1 -152.0189289695335333 -72.99999999999994316 -314.9641955611505182 -0.8825466275801437943 8.299531269023102025e-17 -0.4702248931595550685 0.6649984212716812948 -1.414213562373096478 -1.248109410150474607 1 I I #
point $-1 -1 $-1 -151.0784791832144265 -72.99999999999994316 -316.7292888163108273 #
DXID-attrib $-1 -1 $-1 $-1 $2238 @10 ASM ENTITY @2 15 #
face $3053 -1 $-1 $3054 $3055 $52 $-1 $3056 forward single #
loop $-1 -1 $-1 $-1 $3057 $2238 #
torus-surface $-1 -1 $-1 -154.2506691861824777 -59.99999999999994316 -332.0419498761196451 0.8825466275801437943 -8.299531269023102025e-17 0.4702248931595550685 24.99999999999999645 4.999999999999999112 8.104698438784437497e-17 1 2.43874157026120405e-17 forward_v I I I I #
coedge $-1 -1 $-1 $3058 $3059 $3060 $3061 forward $2239 $-1 #
coedge $-1 -1 $-1 $3062 $2241 $3063 $3064 reversed $1754 $-1 #
coedge $-1 -1 $-1 $2241 $3062 $3065 $3066 reversed $1754 $-1 #
coedge $-1 -1 $-1 $3067 $3068 $2241 $2683 forward $3069 $-1 #
edge $-1 -1 $-1 $3070 -1.57079632679489678 $3071 1.570796326794896558 $2241 $3072 forward @7 tangent #
straight-curve $-1 -1 $-1 157.6437402474759892 -255.0000000000001705 -303.9105612994384842 2.564275277890662785 -7.264000665583218653e-16 -9.66563460405983399 F -3.620001000000000246 F 0.6200009999999999133 #
straight-curve $-1 -1 $-1 159.5768671682879472 -253.0000000000001705 -303.3977062438603411 -2.564275277890662785 7.264000665583218653e-16 9.66563460405983399 F -0.6200009999999999133 F 3.620001000000000246 #
point $-1 -1 $-1 157.6437402474759892 -255.0000000000001705 -303.9105612994384842 #
coedge $-1 -1 $-1 $2256 $2262 $2255 $2688 forward $2266 $-1 #
edge $-1 -1 $-1 $2264 -1.5 $2258 0.5 $2687 $3073 forward @7 unknown #
straight-curve $-1 -1 $-1 156.9296889163618687 -250.0000000000001705 -304.0999978186662247 9.66563460405983399 -2.738051440987595208e-15 2.564275277890662785 I I #
point $-1 -1 $-1 135.4127806581383595 -250.0000000000001705 -309.8083944385869586 #
straight-curve $-1 -1 $-1 147.2640543123020507 -230.0000000000001705 -306.6642730965569399 -9.66563460405983399 2.738051440987595208e-15 -2.564275277890662785 I I #
point $-1 -1 $-1 135.4127806581383595 -230.0000000000001421 -309.8083944385869586 #
face $3074 -1 $-1 $-1 $2266 $54 $-1 $1808 forward single #
ellipse-curve $-1 -1 $-1 157.6437402474759892 -253.0000000000001705 -303.9105612994384842 0.2564275277890660787 -7.264000665583214955e-17 -0.9665634604059828439 1.366927154600409811 -1.41421356237309781 0.3626432875651007248 1 I I #
point $-1 -1 $-1 159.5768671682879472 -253.0000000000001705 -303.3977062438603411 #
DXID-attrib $-1 -1 $-1 $-1 $2275 @10 ASM ENTITY @2 15 #
face $3075 -1 $-1 $3076 $3077 $54 $-1 $3078 forward single #
loop $-1 -1 $-1 $-1 $3079 $2275 #
torus-surface $-1 -1 $-1 173.7616464994311798 -240.0000000000001705 -309.9804422612233452 -0.2564275277890660787 7.264000665583214955e-17 0.9665634604059828439 25.00000000000001421 5.000000000000002665 2.832769448823919303e-16 1 -8.801356681539976373e-31 forward_v I I I I #
coedge $-1 -1 $-1 $3080 $3081 $3082 $3083 forward $2276 $-1 #
coedge $-1 -1 $-1 $3084 $2278 $3085 $3086 reversed $1807 $-1 #
coedge $-1 -1 $-1 $2278 $3084 $3087 $3088 reversed $1807 $-1 #
coedge $-1 -1 $-1 $3089 $3090 $2278 $2704 forward $3091 $-1 #
edge $-1 -1 $-1 $3092 -1.57079632679489678 $3093 1.570796326794896558 $2278 $3094 forward @7 tangent #
DXID-attrib $-1 -1 $-1 $-1 $2283 @10 ASM ENTITY @2 10 #
face $3095 -1 $-1 $3096 $3097 $34 $-1 $3098 forward single #
loop $-1 -1 $-1 $-1 $3099 $2283 #
torus-surface $-1 -1 $-1 0 -10 0 0 1 0 75.00000000000001421 10 0 0 1 forward_v I I I I #
coedge $-1 -1 $-1 $3100 $2296 $2298 $2722 forward $2284 $-1 #
ATTRIB_CUSTOM-attrib $-1 -1 $-1 $-1 $2286 @17 sketch_attrib_def 1 1 3 @13 277 0 1 0 1 1 #
coedge $-1 -1 $-1 $2298 $2286 $2289 $2713 forward $1823 $-1 #
coedge $-1 -1 $-1 $2289 $2288 $3100 $3101 reversed $1369 $-1 #
edge $-1 -1 $-1 $2714 0 $3102 3 $2711 $3103 forward @7 unknown #
vertex $-1 -1 $-1 $2291 $3104 #
straight-curve $-1 -1 $-1 10 -235 -45.00000000000001421 0 10 0 I I #
coedge $-1 -1 $-1 $2296 $3100 $2292 $2717 forward $2284 $-1 #
edge $-1 -1 $-1 $2718 -2 $2301 -0 $2292 $3105 forward @7 unknown #
vertex $-1 -1 $-1 $2717 $3106 #
straight-curve $-1 -1 $-1 10 -250 -45.00000000000001421 0 0 -10 I I #
point $-1 -1 $-1 10 -250 -45.00000000000001421 #
straight-curve $-1 -1 $-1 -10 -230 -75.00000000000001421 0 10 0 I I #
edge $-1 -1 $-1 $2299 -2 $3102 -0 $2298 $3107 forward @7 unknown #
point $-1 -1 $-1 -10 -230 -75.00000000000001421 #
point $-1 -1 $-1 -10 -250 -75.00000000000001421 #
straight-curve $-1 -1 $-1 -5 -230 -45.00000000000001421 -10 0 0 I I #
coedge $-1 -1 $-1 $3108 $3109 $3110 $3111 reversed $2304 $-1 #
DXID-attrib $-1 -1 $-1 $-1 $2305 @10 ASM ENTITY @2 35 #
plane-surface $-1 -1 $-1 0 -240 -45.00000000000001421 0 0 1 10 0 0 forward_v I I I I #
coedge $3112 -1 $-1 $2309 $2308 $3113 $3114 reversed $2310 $-1 #
face $3115 -1 $-1 $2318 $2310 $34 $-1 $3116 reversed single #
ATTRIB_CUSTOM-attrib $-1 -1 $3117 $-1 $2312 @17 sketch_attrib_def 1 1 3 @13 250 0 0 0 2 2 #
coedge $-1 -1 $-1 $2321 $3113 $2312 $2733 forward $2745 $-1 #
edge $-1 -1 $-1 $2734 1.250000000000000444 $2325 4.25 $2732 $3118 forward @7 unknown #
vertex $-1 -1 $-1 $2733 $3119 #
straight-curve $-1 -1 $-1 -15 -75 -75.00000000000001421 0 0 10 I I #
DXID-attrib $-1 -1 $-1 $-1 $2314 @10 ASM ENTITY @2 36 #
plane-surface $-1 -1 $-1 -15 -75 -75.00000000000001421 0 -1 0 10 0 0 forward_v I I I I #
ATTRIB_CUSTOM-attrib $-1 -1 $-1 $-1 $2316 @17 sketch_attrib_def 1 1 3 @13 252 0 0 0 1 1 #
coedge $-1 -1 $-1 $3113 $2321 $2316 $2740 forward $2745 $-1 #
edge $-1 -1 $-1 $2323 -2.750000000000000444 $2741 0.2499999999999995559 $2739 $3120 forward @7 unknown #
vertex $-1 -1 $-1 $2740 $3121 #
straight-curve $-1 -1 $-1 -15 -45 -75.00000000000001421 0 0 10 I I #
DXID-attrib $-1 -1 $-1 $-1 $2318 @10 ASM ENTITY @2 38 #
plane-surface $-1 -1 $-1 15 -45 -75.00000000000001421 0 1 0 -10 -0 -0 forward_v I I I I #
loop $-1 -1 $-1 $3122 $2732 $3123 #
straight-curve $-1 -1 $-1 15 -37.5 -75.00000000000001421 0 10 0 I I #
point $-1 -1 $-1 15 -45 -75.00000000000001421 #
point $-1 -1 $-1 15 -75 -75.00000000000001421 #
DXID-attrib $-1 -1 $-1 $-1 $2330 @10 ASM ENTITY @2 45 #
loop $-1 -1 $-1 $-1 $3124 $2330 #
plane-surface $-1 -1 $-1 1.776356839400250465e-14 -300 174.9999999999999716 0 1 0 10 0 0 forward_v I I I I #
coedge $-1 -1 $-1 $3125 $3126 $3127 $3128 reversed $2331 $-1 #
coedge $-1 -1 $-1 $3129 $2333 $2335 $2758 forward $1860 $-1 #
coedge $-1 -1 $-1 $2333 $3129 $3130 $3131 reversed $1860 $-1 #
coedge $-1 -1 $-1 $3132 $3133 $2333 $2756 forward $3134 $-1 #
edge $-1 -1 $-1 $2762 -0.5404195002705841633 $3135 0.5404195002705841633 $2333 $3136 forward @7 tangent #
coedge $-1 -1 $-1 $2335 $2334 $3137 $3138 reversed $1392 $-1 #
edge $-1 -1 $-1 $2762 1 $3139 29 $2753 $3140 forward @7 tangent #
coedge $-1 -1 $-1 $3141 $2336 $3133 $3142 forward $2761 $-1 #
coedge $-1 -1 $-1 $2336 $3141 $2342 $2774 reversed $2761 $-1 #
loop $-1 -1 $-1 $-1 $2759 $3143 #
vertex $-1 -1 $-1 $3142 $3144 #
straight-curve $-1 -1 $-1 85.00000000000001421 -10 87.49999999999998579 0 0 -10 F -27.3500009999999989 F 9.850000999999998896 #
coedge $-1 -1 $-1 $3145 $3146 $2338 $2765 forward $3147 $-1 #
edge $-1 -1 $-1 $2771 -0.5404195002705838302 $2769 0.5404195002705837192 $2338 $3148 forward @7 tangent #
coedge $-1 -1 $-1 $3149 $2339 $3150 $2778 reversed $2768 $-1 #
coedge $-1 -1 $-1 $2339 $3149 $3151 $3152 reversed $2768 $-1 #
loop $-1 -1 $-1 $-1 $2766 $3153 #
vertex $-1 -1 $-1 $3152 $3154 #
straight-curve $-1 -1 $-1 39.99999999999995026 0 424.9999999999999432 0 -10 0 I I #
vertex $-1 -1 $-1 $3155 $3156 #
straight-curve $-1 -1 $-1 85.00000000000002842 0 350 0 -10 0 I I #
coedge $-1 -1 $-1 $2343 $2342 $3157 $3158 forward $2344 $-1 #
edge $-1 -1 $-1 $2346 0 $3159 1.570796326794896558 $2342 $3160 forward @7 tangent #
coedge $-1 -1 $-1 $3161 $3150 $2343 $2776 forward $3162 $-1 #
edge $-1 -1 $-1 $2345 -1.600522890298423651 $3163 0.001499210870343362654 $2775 $3164 forward @7 unknown #
face $3165 -1 $-1 $3143 $2344 $34 $-1 $3166 forward single #
edge $-1 -1 $-1 $3167 -5.999999999999989342 $2345 2.000000000000007994 $2766 $3168 forward @7 tangent #
point $-1 -1 $-1 39.99999999999995026 -10 424.9999999999999432 #
point $-1 -1 $-1 85.00000000000002842 -10 350 #
loop $-1 -1 $-1 $3169 $2348 $2821 #
vertex $-1 -1 $-1 $2349 $3170 #
ellipse-curve $-1 -1 $-1 -10.00000014901162437 -59.99999999999998579 -54.65138140769180097 -1 2.832769448823915359e-16 6.212279628615462362e-30 -8.49830834647176925e-16 -3.000000000000007994 7.099748146989114656e-30 1 I I #
point $-1 -1 $-1 -14.00000000000001599 -56.99999999999997158 -54.65138140769180097 #
coedge $-1 -1 $-1 $2374 $2352 $2354 $2787 forward $2375 $-1 #
straight-curve $-1 -1 $-1 15.00000000000001421 -75.00000000000001421 -44.99999999999994316 -10.00000000000001243 2.832769448823919007e-15 6.21227962861547021e-29 I I #
edge $-1 -1 $-1 $2355 -1.5 $3171 1.5 $2785 $3172 forward @7 unknown #
point $-1 -1 $-1 15.00000000000001421 -75.00000000000001421 -44.99999999999994316 #
ATTRIB_CUSTOM-attrib $-1 -1 $-1 $-1 $2359 @17 sketch_attrib_def 1 1 3 @13 179 0 1 0 1 1 #
coedge $-1 -1 $-1 $3173 $2359 $3174 $3175 forward $1878 $-1 #
coedge $-1 -1 $-1 $2359 $3173 $3176 $3177 reversed $1878 $-1 #
coedge $-1 -1 $-1 $3178 $3179 $2359 $2793 forward $2372 $-1 #
edge $-1 -1 $-1 $3180 -1.250000007450580597 $3181 0.7500000223517417908 $2792 $3182 forward @7 unknown #
vertex $-1 -1 $-1 $2365 $3183 #
straight-curve $-1 -1 $-1 15.00000000000002132 -54.99999999999998579 -89.82569064796656733 6.212279628615471331e-29 2.366582715663033174e-29 10.00000000000001243 I I #
coedge $-1 -1 $-1 $2796 $2796 $2362 $2797 forward $2393 $-1 #
edge $-1 -1 $-1 $3184 -3.141592653589793116 $3184 3.141592653589793116 $2362 $3185 forward @7 unknown #
coedge $-1 -1 $-1 $2384 $2383 $2363 $2799 forward $2385 $-1 #
edge $-1 -1 $-1 $3171 -8.965138140769184361 $2800 -1.500000022351741791 $2363 $3186 forward @7 unknown #
vertex $-1 -1 $-1 $2365 $3187 #
straight-curve $-1 -1 $-1 15.00000000000002132 -52.49999999999997868 -119.6513811841744683 2.832769448823919007e-15 10.00000000000001243 -2.366582715663034856e-29 I I #
DXID-attrib $-1 -1 $-1 $-1 $2367 @10 ASM ENTITY @2 12 #
face $3188 -1 $-1 $2811 $3189 $36 $-1 $455 reversed single #
loop $-1 -1 $-1 $3190 $3191 $2367 #
cone-surface $-1 -1 $-1 4.107515700794809824e-15 -45.49999999999997158 -54.65138140769180097 2.832769448823915359e-16 1 -2.366582715663031913e-30 2.174297870015417993e-29 8.283039504820628161e-30 3.50000000000000977 1 I I -0.7071067811865460184 -0.707106781186549127 3.50000000000000977 forward I I I I #
edge $-1 -1 $-1 $2376 -3 $3171 -0 $2374 $3192 forward @7 unknown #
point $-1 -1 $-1 -15.00000000000001421 -44.99999999999996447 -44.99999999999994316 #
straight-curve $-1 -1 $-1 15.00000000000002132 -54.99999999999998579 -119.6513811841744683 -10.00000000000001243 2.832769448823919007e-15 6.21227962861547021e-29 I I #
point $-1 -1 $-1 -15.00000000000001599 -55.99999999999997158 -54.65138140769180097 #
loop $-1 -1 $-1 $-1 $3193 $2811 #
face $3194 -1 $-1 $697 $2385 $36 $-1 $3195 forward single #
ATTRIB_CUSTOM-attrib $-1 -1 $-1 $2387 $1907 @17 sketch_attrib_def 1 1 3 @13 162 0 1 0 1 2 #
straight-curve $-1 -1 $-1 7.500000000000014211 -44.99999999999997158 -119.6513811841744683 -10.00000000000001243 2.832769448823919007e-15 6.21227962861547021e-29 I I #
DXID-attrib $-1 -1 $-1 $-1 $2389 @10 ASM ENTITY @2 22 #
plane-surface $-1 -1 $-1 15.00000000000002309 -44.99999999999997158 -119.6513811841744683 6.212279628615463063e-30 2.366582715663030161e-30 1 -10.00000000000001243 2.832769448823919007e-15 6.21227962861547021e-29 forward_v I I I I #
loop $-1 -1 $-1 $-1 $2818 $1913 #
coedge $-1 -1 $-1 $2817 $2817 $2825 $3196 reversed $2392 $-1 #
coedge $-1 -1 $-1 $2818 $2818 $2394 $2819 reversed $2816 $-1 #
edge $-1 -1 $-1 $3197 -3.141592653589793116 $3197 3.141592653589793116 $2818 $3198 forward @7 unknown #
DXID-attrib $-1 -1 $-1 $-1 $2396 @10 ASM ENTITY @2 19 #
face $3199 -1 $-1 $3200 $2781 $36 $-1 $3201 reversed single #
loop $-1 -1 $-1 $3202 $3203 $2396 #
plane-surface $-1 -1 $-1 -10.0000001490116226 -49.99999985098835964 -44.99999999999994316 2.832769448823915359e-16 1 -2.366582715663031913e-30 10.00000000000001243 -2.832769448823919007e-15 -6.21227962861547021e-29 forward_v I I I I #
loop $-1 -1 $-1 $-1 $3204 $1917 #
coedge $-1 -1 $-1 $2825 $2825 $2817 $3196 forward $2397 $-1 #
point $-1 -1 $-1 9.265260047526236918e-16 -54.99999999999997868 -138.6513814076919004 #
vertex $-1 -1 $-1 $2405 $3205 #
ellipse-curve $-1 -1 $-1 -36.67449818785760129 -49.99999985098836675 -193.4544531934926681 2.810776376729614071e-16 1 -1.551834409292681599e-30 2.116781411715646488 -5.949799186750650883e-16 3.394000067032278078 1 I I #
point $-1 -1 $-1 -38.26208424664433494 -50.99999985098836675 -195.9999532437668961 #
straight-curve $-1 -1 $-1 -40.05223400432137737 -49.99999999999997868 -179.973626002471434 8.485000167580706076 -2.384943802758274799e-15 -5.291953529289123992 I I #
coedge $-1 -1 $-1 $3206 $2411 $3207 $3208 reversed $1933 $-1 #
coedge $-1 -1 $-1 $2411 $3206 $3209 $3210 reversed $1933 $-1 #
coedge $-1 -1 $-1 $3211 $3212 $2411 $2834 forward $2837 $-1 #
edge $-1 -1 $-1 $3213 -1.5 $3214 1.5 $2833 $3215 forward @7 unknown #
DXID-attrib $-1 -1 $-1 $-1 $2413 @10 ASM ENTITY @2 32 #
face $3216 -1 $-1 $3217 $3218 $38 $-1 $3219 reversed single #
loop $-1 -1 $-1 $-1 $2833 $2413 #
plane-surface $-1 -1 $-1 12.72750025137104046 -60.00000000000000711 -142.5893117016256326 0.8485000167580698527 -2.384943802758272432e-16 -0.5291953529289117331 -5.291953529289123104 1.487449796687664545e-15 -8.485000167580707853 forward_v I I I I #
vertex $-1 -1 $-1 $2418 $3220 #
ellipse-curve $-1 -1 $-1 -28.18949789384053872 -59.99999999999999289 -198.7464068016380452 0.8485000167580697417 -2.384943802758272432e-16 -0.5291953529289118441 -1.124310550691847009e-15 -4.000000000000004441 6.207337637170733403e-30 1 I I #
DXID-attrib $-1 -1 $-1 $-1 $2423 @10 ASM ENTITY @2 14 #
face $3221 -1 $-1 $3222 $3223 $38 $-1 $3224 reversed single #
loop $-1 -1 $-1 $3225 $2848 $2423 #
plane-surface $-1 -1 $-1 -10.20838924337752474 -92.00000000000002842 -138.873709030069449 -2.810776376729614071e-16 -1 1.551834409292681599e-30 -5.291953529289123992 1.487449796687664742e-15 -8.485000167580706076 forward_v I I I I #
loop $-1 -1 $-1 $-1 $3226 $1950 #
coedge $-1 -1 $-1 $2846 $2846 $3227 $3228 reversed $2424 $-1 #
coedge $3229 -1 $-1 $2847 $2847 $3230 $3231 reversed $2426 $-1 #
coedge $-1 -1 $-1 $2848 $2848 $2427 $2849 forward $2843 $-1 #
edge $-1 -1 $-1 $3232 -3.141592653589793116 $3232 3.141592653589793116 $2427 $3233 forward @7 unknown #
loop $-1 -1 $-1 $3234 $2428 $2888 #
vertex $-1 -1 $-1 $2429 $3235 #
ellipse-curve $-1 -1 $-1 -10.00000014901162437 -239.9999999999999432 -54.65138140769182939 -1 2.83276944882392522e-16 -1.594897878183754025e-29 -8.498308346471798832e-16 -3.000000000000007994 4.733165431326416253e-30 1 I I #
point $-1 -1 $-1 -14.00000000000001599 -236.9999999999999432 -54.65138140769182939 #
coedge $-1 -1 $-1 $2453 $2432 $2434 $2856 forward $2454 $-1 #
straight-curve $-1 -1 $-1 15.00000000000001421 -254.9999999999999716 -44.99999999999997158 -10.00000000000001243 2.832769448823928868e-15 -1.594897878183755986e-28 I I #
edge $-1 -1 $-1 $2435 -1.5 $3236 1.5 $2854 $3237 forward @7 unknown #
point $-1 -1 $-1 15.00000000000001421 -254.9999999999999716 -44.99999999999997158 #
coedge $-1 -1 $-1 $3238 $2438 $3239 $3240 forward $1963 $-1 #
coedge $-1 -1 $-1 $2438 $3238 $3241 $3242 reversed $1963 $-1 #
coedge $-1 -1 $-1 $3243 $3244 $2438 $2861 forward $2451 $-1 #
edge $-1 -1 $-1 $3245 -1.250000007450580597 $3246 0.7500000223517417908 $2860 $3247 forward @7 unknown #
vertex $-1 -1 $-1 $2444 $3248 #
straight-curve $-1 -1 $-1 15.00000000000002132 -234.9999999999999432 -89.82569064796659575 -1.594897878183755986e-28 1.57772181044214132e-29 10.00000000000001243 I I #
coedge $-1 -1 $-1 $2864 $2864 $2441 $2865 forward $2471 $-1 #
edge $-1 -1 $-1 $3249 -3.141592653589793116 $3249 3.141592653589793116 $2441 $3250 forward @7 unknown #
coedge $-1 -1 $-1 $2463 $2462 $2442 $2867 forward $2464 $-1 #
edge $-1 -1 $-1 $3236 -8.965138140769184361 $2868 -1.500000022351741791 $2442 $3251 forward @7 unknown #
vertex $-1 -1 $-1 $2444 $3252 #
straight-curve $-1 -1 $-1 15.00000000000002132 -232.4999999999999432 -119.6513811841744968 2.832769448823928868e-15 10.00000000000001243 -1.577721810442136555e-29 I I #
DXID-attrib $-1 -1 $-1 $-1 $2446 @10 ASM ENTITY @2 12 #
face $3253 -1 $-1 $2879 $3254 $40 $-1 $492 reversed single #
loop $-1 -1 $-1 $3255 $3256 $2446 #
cone-surface $-1 -1 $-1 4.107515700794387783e-15 -225.4999999999999147 -54.65138140769182939 2.83276944882392522e-16 1 -1.577721810442134664e-30 -5.582142573643154361e-29 5.522026336547502327e-30 3.50000000000000977 1 I I -0.7071067811865460184 -0.707106781186549127 3.50000000000000977 forward I I I I #
edge $-1 -1 $-1 $2455 -3 $3236 -0 $2453 $3257 forward @7 unknown #
point $-1 -1 $-1 -15.00000000000001421 -224.9999999999999147 -44.99999999999997158 #
straight-curve $-1 -1 $-1 15.00000000000002132 -234.9999999999999432 -119.6513811841744968 -10.00000000000001243 2.832769448823928868e-15 -1.594897878183755986e-28 I I #
point $-1 -1 $-1 -15.00000000000001599 -235.9999999999999432 -54.65138140769182939 #
loop $-1 -1 $-1 $-1 $3258 $2879 #
face $3259 -1 $-1 $748 $2464 $40 $-1 $3260 forward single #
straight-curve $-1 -1 $-1 7.500000000000014211 -224.9999999999999147 -119.6513811841744968 -10.00000000000001243 2.832769448823928868e-15 -1.594897878183755986e-28 I I #
DXID-attrib $-1 -1 $-1 $-1 $2467 @10 ASM ENTITY @2 22 #
plane-surface $-1 -1 $-1 15.00000000000002309 -224.9999999999999432 -119.6513811841744968 -1.594897878183754025e-29 1.577721810442139218e-30 1 -10.00000000000001243 2.832769448823928868e-15 -1.594897878183755986e-28 forward_v I I I I #
loop $-1 -1 $-1 $-1 $2885 $1998 #
coedge $-1 -1 $-1 $2884 $2884 $2892 $3261 reversed $2470 $-1 #
coedge $-1 -1 $-1 $2885 $2885 $2472 $2886 reversed $2883 $-1 #
edge $-1 -1 $-1 $3262 -3.141592653589793116 $3262 3.141592653589793116 $2885 $3263 forward @7 unknown #
DXID-attrib $-1 -1 $-1 $-1 $2474 @10 ASM ENTITY @2 19 #
face $3264 -1 $-1 $3265 $2850 $40 $-1 $3266 reversed single #
loop $-1 -1 $-1 $3267 $3268 $2474 #
plane-surface $-1 -1 $-1 -10.0000001490116226 -229.9999998509883312 -44.99999999999997158 2.83276944882392522e-16 1 -1.577721810442134664e-30 10.00000000000001243 -2.832769448823928868e-15 1.594897878183755986e-28 forward_v I I I I #
loop $-1 -1 $-1 $-1 $3269 $2002 #
coedge $-1 -1 $-1 $2892 $2892 $2884 $3261 forward $2475 $-1 #
point $-1 -1 $-1 9.265260047540531077e-16 -234.9999999999999432 -138.6513814076919289 #
vertex $-1 -1 $-1 $2483 $3270 #
ellipse-curve $-1 -1 $-1 56.67062935245476041 -229.9999998509883596 -174.5419797683820775 2.832769448823924727e-16 1 -1.618242741091558582e-30 -3.270919596201051327 9.26576110167786446e-16 2.302408520481963983 1 I I #
point $-1 -1 $-1 59.12381904960555801 -230.9999998509883596 -176.2687861587435521 #
straight-curve $-1 -1 $-1 43.0226967955157491 -229.9999999999999716 -177.1641426010918394 5.756021301204917506 -1.630548128883289075e-15 8.177298990502638532 I I #
coedge $-1 -1 $-1 $3271 $2489 $3272 $3273 reversed $2018 $-1 #
coedge $-1 -1 $-1 $2489 $3271 $3274 $3275 reversed $2018 $-1 #
coedge $-1 -1 $-1 $3276 $3277 $2489 $2901 forward $2904 $-1 #
edge $-1 -1 $-1 $3278 -1.5 $3279 1.5 $2900 $3280 forward @7 unknown #
DXID-attrib $-1 -1 $-1 $-1 $2491 @10 ASM ENTITY @2 32 #
face $3281 -1 $-1 $3282 $3283 $42 $-1 $3284 reversed single #
loop $-1 -1 $-1 $-1 $2900 $2491 #
plane-surface $-1 -1 $-1 8.634031951807402905 -239.9999999999999716 -122.3854329219379338 0.5756021301204909957 -1.630548128883287153e-16 0.8177298990502631648 8.177298990502640308 -2.316440275419469073e-15 -5.75602130120491573 forward_v I I I I #
vertex $-1 -1 $-1 $2496 $3285 #
ellipse-curve $-1 -1 $-1 62.42665073943108212 -240 -166.3646806560281846 0.5756021301204911067 -1.630548128883287399e-16 0.8177298990502630538 -1.133107779529571271e-15 -4.000000000000004441 6.472970964366241335e-30 1 I I #
DXID-attrib $-1 -1 $-1 $-1 $2501 @10 ASM ENTITY @2 14 #
face $3286 -1 $-1 $3287 $3288 $42 $-1 $3289 reversed single #
loop $-1 -1 $-1 $3290 $2915 $2501 #
plane-surface $-1 -1 $-1 3.647587795379362952 -272 -145.0789585361526122 -2.832769448823924727e-16 -1 1.618242741091558582e-30 8.177298990502638532 -2.316440275419469073e-15 -5.756021301204917506 forward_v I I I I #
loop $-1 -1 $-1 $-1 $3291 $2034 #
coedge $-1 -1 $-1 $2913 $2913 $3292 $3293 reversed $2502 $-1 #
coedge $-1 -1 $-1 $2914 $2914 $3294 $3295 reversed $2504 $-1 #
coedge $-1 -1 $-1 $2915 $2915 $2505 $2916 forward $2910 $-1 #
edge $-1 -1 $-1 $3296 -3.141592653589793116 $3296 3.141592653589793116 $2505 $3297 forward @7 unknown #
loop $-1 -1 $-1 $3298 $2506 $2955 #
vertex $-1 -1 $-1 $2507 $3299 #
ellipse-curve $-1 -1 $-1 -45.159700321052334 -60.00000000000002132 -188.1628232097795603 -0.8485000167580697417 2.384943802758270953e-16 0.5291953529289118441 -8.432329130188870316e-16 -3.00000000000000755 2.681369190049441976e-30 1 I I #
point $-1 -1 $-1 -48.55370026164825958 -57.00000000000001421 -186.0460418769201851 #
coedge $-1 -1 $-1 $2531 $2510 $2512 $2923 forward $2532 $-1 #
straight-curve $-1 -1 $-1 -18.83973358536918141 -75.00000000000004263 -193.2035098256935726 -8.485000167580706076 2.384943802758273615e-15 5.291953529289123992 I I #
edge $-1 -1 $-1 $2513 -1.5 $3300 1.5 $2921 $3301 forward @7 unknown #
point $-1 -1 $-1 -18.83973358536918141 -75.00000000000004263 -193.2035098256935726 #
coedge $-1 -1 $-1 $3302 $2516 $3303 $3304 forward $2047 $-1 #
coedge $-1 -1 $-1 $2516 $3302 $3305 $3306 reversed $2047 $-1 #
coedge $-1 -1 $-1 $3307 $3308 $2516 $2928 forward $2529 $-1 #
edge $-1 -1 $-1 $3309 -1.250000007450580597 $3310 0.7500000223517417908 $2927 $3311 forward @7 unknown #
vertex $-1 -1 $-1 $2522 $3312 #
straight-curve $-1 -1 $-1 -42.56128076810210104 -55.00000000000002132 -231.2381090916852884 5.291953529289123992 -1.487449796687671448e-15 8.485000167580706076 I I #
coedge $-1 -1 $-1 $2931 $2931 $2519 $2932 forward $2549 $-1 #
edge $-1 -1 $-1 $3313 -3.141592653589793116 $3313 3.141592653589793116 $2519 $3314 forward @7 unknown #
coedge $-1 -1 $-1 $2541 $2540 $2520 $2934 forward $2542 $-1 #
edge $-1 -1 $-1 $3300 -8.965138140769184361 $2935 -1.500000022351741791 $2520 $3315 forward @7 unknown #
vertex $-1 -1 $-1 $2522 $3316 #
straight-curve $-1 -1 $-1 -58.34489759775913598 -52.50000000000001421 -256.5452080114786781 2.810776376729619494e-15 10.00000000000001066 -8.937897300164795141e-30 I I #
DXID-attrib $-1 -1 $-1 $-1 $2524 @10 ASM ENTITY @2 12 #
face $3317 -1 $-1 $2946 $3318 $44 $-1 $528 reversed single #
loop $-1 -1 $-1 $3319 $3320 $2524 #
cone-surface $-1 -1 $-1 -36.67470002703527143 -45.50000000000001421 -193.4547768179249374 2.810776376729616536e-16 1 -8.937897300164784982e-31 1.852183735251196284 -5.206074288406857364e-16 2.969750058653251923 1 I I -0.7071067811865460184 -0.707106781186549127 3.500000000000008882 forward I I I I #
edge $-1 -1 $-1 $2533 -3 $3300 -0 $2531 $3321 forward @7 unknown #
point $-1 -1 $-1 -44.29473408811129786 -45.00000000000000711 -177.3276492378262219 #
straight-curve $-1 -1 $-1 -58.34489759775913598 -55.00000000000001421 -256.5452080114786781 -8.485000167580706076 2.384943802758273615e-15 5.291953529289123992 I I #
point $-1 -1 $-1 -49.40220027840632611 -56.00000000000001421 -185.5168465239912621 #
loop $-1 -1 $-1 $-1 $3322 $2946 #
face $3323 -1 $-1 $799 $2542 $44 $-1 $3324 forward single #
straight-curve $-1 -1 $-1 -64.70864772344467042 -45 -252.5762428645118405 -8.485000167580706076 2.384943802758273615e-15 5.291953529289123992 I I #
DXID-attrib $-1 -1 $-1 $-1 $2545 @10 ASM ENTITY @2 22 #
plane-surface $-1 -1 $-1 -58.34489759775913598 -45.00000000000000711 -256.5452080114786781 0.5291953529289118441 -1.48744979668766987e-16 0.8485000167580697417 -8.485000167580706076 2.384943802758273615e-15 5.291953529289123992 forward_v I I I I #
loop $-1 -1 $-1 $-1 $2952 $2082 #
coedge $-1 -1 $-1 $2951 $2951 $2959 $3325 reversed $2548 $-1 #
coedge $-1 -1 $-1 $2952 $2952 $2550 $2953 reversed $2950 $-1 #
edge $-1 -1 $-1 $3326 -3.141592653589793116 $3326 3.141592653589793116 $2952 $3327 forward @7 unknown #
DXID-attrib $-1 -1 $-1 $-1 $2552 @10 ASM ENTITY @2 19 #
face $3328 -1 $-1 $3329 $2917 $44 $-1 $3330 reversed single #
loop $-1 -1 $-1 $3331 $3332 $2552 #
plane-surface $-1 -1 $-1 -40.05223413075729866 -49.99999985098840227 -179.9736259236145202 2.810776376729616536e-16 1 -8.937897300164784982e-31 8.485000167580706076 -2.384943802758273615e-15 -5.291953529289123992 forward_v I I I I #
loop $-1 -1 $-1 $-1 $3333 $2086 #
coedge $-1 -1 $-1 $2959 $2959 $2951 $3325 forward $2553 $-1 #
point $-1 -1 $-1 -81.12710967306391296 -55.00000000000000711 -264.7287782256028663 #
vertex $-1 -1 $-1 $2561 $3334 #
ellipse-curve $-1 -1 $-1 -140.172911255979642 -49.99999985098838096 -293.9224830517050577 8.104698438784292051e-17 1 2.438741570261104518e-17 3.530186510320576065 -3.319812507609170799e-16 1.880899572638219608 1 I I #
point $-1 -1 $-1 -142.8205511387200772 -50.99999985098838806 -295.3331577311837464 #
straight-curve $-1 -1 $-1 -136.3577026847992215 -50 -280.558876332020759 4.70224893159555446 -1.658727809094314303e-16 -8.825466275801451488 I I #
coedge $-1 -1 $-1 $3335 $2567 $3336 $3337 reversed $2102 $-1 #
coedge $-1 -1 $-1 $2567 $3335 $3338 $3339 reversed $2102 $-1 #
coedge $-1 -1 $-1 $3340 $3341 $2567 $2968 forward $2971 $-1 #
edge $-1 -1 $-1 $3342 -1.5 $3343 1.5 $2967 $3344 forward @7 unknown #
DXID-attrib $-1 -1 $-1 $-1 $2569 @10 ASM ENTITY @2 32 #
face $3345 -1 $-1 $3346 $3347 $46 $-1 $3348 reversed single #
loop $-1 -1 $-1 $-1 $2967 $2569 #
plane-surface $-1 -1 $-1 -71.9569548639549339 -60.00000000000001421 -274.5729775722726345 0.470224893159555013 -1.658727809094313255e-17 -0.8825466275801439053 -8.825466275801449711 8.299531269022938336e-16 -4.702248931595556236 forward_v I I I I #
vertex $-1 -1 $-1 $2574 $3349 #
ellipse-curve $-1 -1 $-1 -135.4706622543151298 -60.00000000000000711 -302.7479494590162403 0.470224893159554902 -1.658727809094312331e-17 -0.8825466275801440164 -3.241879375513720765e-16 -4.000000000000005329 -9.754966281044430399e-17 1 I I #
DXID-attrib $-1 -1 $-1 $-1 $2579 @10 ASM ENTITY @2 14 #
face $3350 -1 $-1 $3351 $3352 $46 $-1 $3353 reversed single #
loop $-1 -1 $-1 $3354 $2982 $2579 #
plane-surface $-1 -1 $-1 -89.96221648902172774 -92.00000000000005684 -259.8872265209613488 -8.104698438784292051e-17 -1 -2.438741570261104518e-17 -8.825466275801451488 8.299531269022938336e-16 -4.70224893159555446 forward_v I I I I #
loop $-1 -1 $-1 $-1 $3355 $2118 #
coedge $-1 -1 $-1 $2980 $2980 $3356 $3357 reversed $2580 $-1 #
coedge $-1 -1 $-1 $2981 $2981 $3358 $3359 reversed $2582 $-1 #
coedge $-1 -1 $-1 $2982 $2982 $2583 $2983 forward $2977 $-1 #
edge $-1 -1 $-1 $3360 -3.141592653589793116 $3360 3.141592653589793116 $2583 $3361 forward @7 unknown #
loop $-1 -1 $-1 $3362 $2584 $3022 #
vertex $-1 -1 $-1 $2585 $3363 #
ellipse-curve $-1 -1 $-1 50.9149198539515595 -239.9999999999999432 -182.7194984198157499 -0.5756021301204909957 1.63054812888328666e-16 -0.8177298990502631648 -8.498308346471792915e-16 -3.00000000000000755 4.797549918289685509e-30 1 I I #
point $-1 -1 $-1 48.61251141924098818 -236.9999999999999432 -185.9904178941655459 #
coedge $-1 -1 $-1 $2609 $2588 $2590 $2990 forward $2610 $-1 #
straight-curve $-1 -1 $-1 57.41275004852779773 -254.9999999999999716 -156.7208951248351525 -5.75602130120491573 1.630548128883288484e-15 -8.177298990502640308 I I #
edge $-1 -1 $-1 $2591 -1.5 $3364 1.5 $2988 $3365 forward @7 unknown #
point $-1 -1 $-1 57.41275004852779773 -254.9999999999999716 -156.7208951248351525 #
coedge $-1 -1 $-1 $3366 $2594 $3367 $3368 forward $2131 $-1 #
coedge $-1 -1 $-1 $2594 $3366 $3369 $3370 reversed $2131 $-1 #
coedge $-1 -1 $-1 $3371 $3372 $2594 $2995 forward $2607 $-1 #
edge $-1 -1 $-1 $3373 -1.250000007450580597 $3374 0.7500000223517417908 $2994 $3375 forward @7 unknown #
vertex $-1 -1 $-1 $2600 $3376 #
straight-curve $-1 -1 $-1 94.06805753694786176 -234.9999999999999716 -182.5226581459268971 -8.177298990502640308 2.316440275419468679e-15 5.75602130120491573 I I #
coedge $-1 -1 $-1 $2998 $2998 $2597 $2999 forward $2627 $-1 #
edge $-1 -1 $-1 $3377 -3.141592653589793116 $3377 3.141592653589793116 $2597 $3378 forward @7 unknown #
coedge $-1 -1 $-1 $2619 $2618 $2598 $3001 forward $2620 $-1 #
edge $-1 -1 $-1 $3364 -8.965138140769184361 $3002 -1.500000022351741791 $2598 $3379 forward @7 unknown #
vertex $-1 -1 $-1 $2600 $3380 #
straight-curve $-1 -1 $-1 118.4574164482255298 -232.4999999999999716 -199.6903891508827371 2.832769448823926896e-15 10.00000000000001066 -1.599183306096559688e-29 I I #
DXID-attrib $-1 -1 $-1 $-1 $2602 @10 ASM ENTITY @2 12 #
face $3381 -1 $-1 $3013 $3382 $48 $-1 $564 reversed single #
loop $-1 -1 $-1 $3383 $3384 $2602 #
cone-surface $-1 -1 $-1 56.67094124092787411 -225.4999999999999432 -174.5421993074618285 2.832769448823923741e-16 1 -1.599183306096557866e-30 -2.86205464667592846 8.107540963968152603e-16 2.014607455421723703 1 I I -0.7071067811865460184 -0.707106781186549127 3.500000000000008882 forward I I I I #
edge $-1 -1 $-1 $2611 -3 $3364 -0 $2609 $3385 forward @7 unknown #
point $-1 -1 $-1 40.14468614491305232 -224.9999999999999432 -181.2527920963430574 #
straight-curve $-1 -1 $-1 118.4574164482255298 -234.9999999999999716 -199.6903891508827371 -5.75602130120491573 1.630548128883288484e-15 -8.177298990502640308 I I #
point $-1 -1 $-1 48.0369092891205014 -235.9999999999999432 -186.8081477932157952 #
loop $-1 -1 $-1 $-1 $3386 $3013 #
face $3387 -1 $-1 $850 $2620 $48 $-1 $3388 forward single #
straight-curve $-1 -1 $-1 114.1404004723218577 -224.9999999999999432 -205.8233633937597062 -5.75602130120491573 1.630548128883288484e-15 -8.177298990502640308 I I #
DXID-attrib $-1 -1 $-1 $-1 $2623 @10 ASM ENTITY @2 22 #
plane-surface $-1 -1 $-1 118.4574164482255441 -224.9999999999999432 -199.6903891508827371 -0.8177298990502631648 2.316440275419466115e-16 0.5756021301204909957 -5.75602130120491573 1.630548128883288484e-15 -8.177298990502640308 forward_v I I I I #
loop $-1 -1 $-1 $-1 $3019 $2166 #
coedge $-1 -1 $-1 $3018 $3018 $3026 $3389 reversed $2626 $-1 #
coedge $-1 -1 $-1 $3019 $3019 $2628 $3020 reversed $3017 $-1 #
edge $-1 -1 $-1 $3390 -3.141592653589793116 $3390 3.141592653589793116 $3019 $3391 forward @7 unknown #
DXID-attrib $-1 -1 $-1 $-1 $2630 @10 ASM ENTITY @2 19 #
face $3392 -1 $-1 $3393 $2984 $48 $-1 $3394 reversed single #
loop $-1 -1 $-1 $3395 $3396 $2630 #
plane-surface $-1 -1 $-1 43.02269670974411042 -229.9999998509883312 -177.1641427229429837 2.832769448823923741e-16 1 -1.599183306096557866e-30 5.75602130120491573 -1.630548128883288484e-15 8.177298990502640308 forward_v I I I I #
loop $-1 -1 $-1 $-1 $3397 $2170 #
coedge $-1 -1 $-1 $3026 $3026 $3018 $3389 forward $2631 $-1 #
point $-1 -1 $-1 125.3602527611500506 -234.9999999999999716 -222.8927782375831441 #
vertex $-1 -1 $-1 $2639 $3398 #
ellipse-curve $-1 -1 $-1 139.8603714992183598 -229.9999998509882744 -287.5755193048950673 2.83276944882391881e-16 1 -1.649216336426407009e-30 -1.025710111156263649 2.905600266233313099e-16 3.866253841623929599 1 I I #
point $-1 -1 $-1 140.6296540825855743 -230.9999998509882744 -290.4752096861130326 #
straight-curve $-1 -1 $-1 127.7199548244662566 -229.9999999999998863 -280.8114906264075898 9.665634604059837542 -2.738051440987594025e-15 2.564275277890662341 I I #
coedge $-1 -1 $-1 $3399 $2645 $3400 $3401 reversed $2186 $-1 #
coedge $-1 -1 $-1 $2645 $3399 $3402 $3403 reversed $2186 $-1 #
coedge $-1 -1 $-1 $3404 $3405 $2645 $3035 forward $3038 $-1 #
edge $-1 -1 $-1 $3406 -1.5 $3407 1.5 $3034 $3408 forward @7 unknown #
DXID-attrib $-1 -1 $-1 $-1 $2647 @10 ASM ENTITY @2 32 #
face $3409 -1 $-1 $3410 $3411 $50 $-1 $3412 reversed single #
loop $-1 -1 $-1 $-1 $3034 $2647 #
plane-surface $-1 -1 $-1 136.587785071038752 -239.9999999999998863 -216.7439568002651527 0.9665634604059827328 -2.738051440987590968e-16 0.2564275277890660787 2.564275277890663673 -7.264000665583295567e-16 -9.665634604059837542 forward_v I I I I #
vertex $-1 -1 $-1 $2652 $3413 #
ellipse-curve $-1 -1 $-1 149.5260062473073788 -239.9999999999998863 -285.0112439887937512 0.9665634604059827328 -2.738051440987590968e-16 0.2564275277890659677 -1.133107779529568707e-15 -4.000000000000004441 6.596865345705635042e-30 1 I I #
DXID-attrib $-1 -1 $-1 $-1 $2657 @10 ASM ENTITY @2 14 #
face $3414 -1 $-1 $3415 $3416 $50 $-1 $3417 reversed single #
loop $-1 -1 $-1 $3418 $3049 $2657 #
plane-surface $-1 -1 $-1 118.1808301491626452 -271.9999999999999432 -230.9229814716667022 -2.83276944882391881e-16 -1 1.649216336426407009e-30 2.564275277890662341 -7.264000665583291623e-16 -9.665634604059837542 forward_v I I I I #
loop $-1 -1 $-1 $-1 $3419 $2202 #
coedge $-1 -1 $-1 $3047 $3047 $3420 $3421 reversed $2658 $-1 #
coedge $-1 -1 $-1 $3048 $3048 $3422 $3423 reversed $2660 $-1 #
coedge $-1 -1 $-1 $3049 $3049 $2661 $3050 forward $3044 $-1 #
edge $-1 -1 $-1 $3424 -3.141592653589793116 $3424 3.141592653589793116 $2661 $3425 forward @7 unknown #
straight-curve $-1 -1 $-1 -162.83410151220329 -64.99999999999994316 -294.6656231268072474 -8.104698438784435771e-16 -9.999999999999998224 -2.438741570261203557e-16 I I #
DXID-attrib $-1 -1 $-1 $-1 $2672 @10 ASM ENTITY @2 27 #
DXID-attrib $-1 -1 $-1 $-1 $2676 @10 ASM ENTITY @2 16 #
face $3426 -1 $-1 $3427 $3428 $52 $-1 $3429 forward single #
loop $-1 -1 $-1 $-1 $3430 $2676 #
cone-surface $-1 -1 $-1 -163.0673859329241395 -84.99999999999994316 -315.494200608991946 0.4702248931595550685 -1.658727809094295074e-17 -0.8825466275801437943 -3.120273525376190626 -3.535533905932735976 -1.662496053179205457 1 I I 0 1 4.999999999999998224 forward I I I I #
coedge $-1 -1 $-1 $3431 $3432 $3433 $3434 forward $2677 $-1 #
coedge $-1 -1 $-1 $3435 $2679 $3436 $3437 forward $2239 $-1 #
coedge $-1 -1 $-1 $2679 $3435 $3438 $3439 forward $2239 $-1 #
coedge $-1 -1 $-1 $3440 $3441 $2679 $3061 reversed $3428 $-1 #
edge $-1 -1 $-1 $3442 0 $3443 1.570796326794896558 $2679 $3444 forward @7 tangent #
coedge $-1 -1 $-1 $2681 $2680 $3445 $3446 reversed $1754 $-1 #
coedge $-1 -1 $-1 $3447 $3448 $2680 $3064 forward $3449 $-1 #
edge $-1 -1 $-1 $3450 -1.875 $3070 0.625 $2680 $3451 forward @7 tangent #
coedge $-1 -1 $-1 $3452 $3453 $2681 $3066 forward $3454 $-1 #
edge $-1 -1 $-1 $3071 -1.875 $3455 0.6250000000000003331 $2681 $3456 forward @7 tangent #
coedge $-1 -1 $-1 $3457 $2682 $3453 $3458 forward $3069 $-1 #
coedge $-1 -1 $-1 $2682 $3457 $3447 $3459 forward $3069 $-1 #
loop $-1 -1 $-1 $-1 $3067 $3460 #
vertex $-1 -1 $-1 $2683 $3461 #
vertex $-1 -1 $-1 $2683 $3462 #
ellipse-curve $-1 -1 $-1 -157.1808252393699092 -59.99999999999994316 -305.2760352550205312 -0.8825466275801437943 8.299531269023102025e-17 -0.4702248931595550685 -11.75562232898887594 1.945490451207764883e-15 22.06366568950359053 1 F -1.792610797291691149 F 1.792610797291690927 #
straight-curve $-1 -1 $-1 135.4127806581383595 -245.0000000000001705 -309.8083944385869586 -2.83276944882392098e-15 -10.00000000000000533 8.8331535902569965e-30 I I #
DXID-attrib $-1 -1 $-1 $-1 $2693 @10 ASM ENTITY @2 27 #
DXID-attrib $-1 -1 $-1 $-1 $2697 @10 ASM ENTITY @2 16 #
face $3463 -1 $-1 $3464 $3465 $54 $-1 $3466 forward single #
loop $-1 -1 $-1 $-1 $3467 $2697 #
cone-surface $-1 -1 $-1 155.638581616818982 -265.0000000000001705 -314.7884584072683651 0.9665634604059828439 -2.738051440987593926e-16 0.2564275277890660787 0.9066082189127518953 -3.535533905932739085 -3.417317886501029189 1 I I 0 1 5.000000000000001776 forward I I I I #
coedge $-1 -1 $-1 $3468 $3469 $3470 $3471 forward $2698 $-1 #
coedge $-1 -1 $-1 $3472 $2700 $3473 $3474 forward $2276 $-1 #
coedge $-1 -1 $-1 $2700 $3472 $3475 $3476 forward $2276 $-1 #
coedge $-1 -1 $-1 $3477 $3478 $2700 $3083 reversed $3465 $-1 #
edge $-1 -1 $-1 $3479 0 $3480 1.570796326794896558 $2700 $3481 forward @7 tangent #
coedge $-1 -1 $-1 $2702 $2701 $3482 $3483 reversed $1807 $-1 #
coedge $-1 -1 $-1 $3484 $3485 $2701 $3086 forward $3486 $-1 #
edge $-1 -1 $-1 $3487 -1.875 $3092 0.625 $2701 $3488 forward @7 tangent #
coedge $-1 -1 $-1 $3489 $3490 $2702 $3088 forward $3491 $-1 #
edge $-1 -1 $-1 $3093 -1.875 $3492 0.6250000000000003331 $2702 $3493 forward @7 tangent #
coedge $-1 -1 $-1 $3494 $2703 $3490 $3495 forward $3091 $-1 #
coedge $-1 -1 $-1 $2703 $3494 $3484 $3496 forward $3091 $-1 #
loop $-1 -1 $-1 $-1 $3089 $3497 #
vertex $-1 -1 $-1 $2704 $3498 #
vertex $-1 -1 $-1 $2704 $3499 #
ellipse-curve $-1 -1 $-1 147.0332847113909338 -240.0000000000001705 -306.7254958518901731 0.2564275277890660787 -7.264000665583214955e-17 -0.9665634604059828439 -24.16408651014958409 8.375937101403180725e-15 -6.410688194726655631 1 F -1.792610797291691149 F 1.792610797291690927 #
DXID-attrib $-1 -1 $-1 $-1 $2706 @10 ASM ENTITY @2 11 #
face $3500 -1 $-1 $3501 $3502 $34 $-1 $3503 forward single #
loop $-1 -1 $-1 $-1 $3504 $2706 #
cone-surface $-1 -1 $-1 -75.00000000000001421 -10 262.5 0 0 1 -7.071067811865474617 7.071067811865474617 0 1 I I 0 1 9.999999999999998224 forward I I I I #
coedge $-1 -1 $-1 $3505 $3506 $3507 $3508 forward $2707 $-1 #
coedge $-1 -1 $-1 $2716 $2709 $2712 $3101 forward $2284 $-1 #
edge $-1 -1 $-1 $3102 -2 $2718 -0 $2712 $3509 forward @7 unknown #
vertex $-1 -1 $-1 $3101 $3510 #
straight-curve $-1 -1 $-1 10 -230 -45.00000000000001421 0 0 -10 I I #
point $-1 -1 $-1 10 -230 -45.00000000000001421 #
straight-curve $-1 -1 $-1 -10 -250 -75.00000000000001421 -10 -0 -0 I I #
point $-1 -1 $-1 10 -250 -75.00000000000001421 #
straight-curve $-1 -1 $-1 10 -230 -75.00000000000001421 10 0 0 I I #
coedge $-1 -1 $-1 $3511 $2726 $3512 $3513 reversed $2304 $-1 #
coedge $-1 -1 $-1 $2726 $3511 $3514 $3515 reversed $2304 $-1 #
coedge $-1 -1 $-1 $3516 $3517 $2726 $3111 forward $3518 $-1 #
edge $-1 -1 $-1 $3519 -3 $3520 -0 $3110 $3521 forward @7 unknown #
ATTRIB_CUSTOM-attrib $-1 -1 $-1 $-1 $2729 @17 sketch_attrib_def 1 1 3 @13 251 0 0 0 1 1 #
coedge $-1 -1 $-1 $2732 $2739 $2729 $3114 forward $2745 $-1 #
edge $-1 -1 $-1 $2741 2.25 $2734 5.25 $3113 $3522 forward @7 unknown #
DXID-attrib $-1 -1 $-1 $-1 $2730 @10 ASM ENTITY @2 37 #
plane-surface $-1 -1 $-1 -15 -45 -75.00000000000001421 -1 0 0 -0 -10 -0 forward_v I I I I #
ATTRIB_CUSTOM-attrib $-1 -1 $3523 $2731 $2312 @17 sketch_attrib_def 1 1 3 @13 250 0 0 0 1 2 #
straight-curve $-1 -1 $-1 -27.50000000000000355 -75 -75.00000000000001421 10 0 0 I I #
point $-1 -1 $-1 -15 -75 -75.00000000000001421 #
straight-curve $-1 -1 $-1 -12.50000000000000355 -45 -75.00000000000001421 -10 0 0 I I #
point $-1 -1 $-1 -15 -45 -75.00000000000001421 #
loop $-1 -1 $-1 $-1 $3524 $3123 #
face $3525 -1 $-1 $3526 $3527 $34 $-1 $3528 forward single #
coedge $-1 -1 $-1 $3529 $3530 $3531 $3532 reversed $2750 $-1 #
coedge $-1 -1 $-1 $3533 $2752 $3534 $3535 reversed $2331 $-1 #
coedge $-1 -1 $-1 $2752 $3157 $3141 $3536 reversed $2331 $-1 #
coedge $-1 -1 $-1 $3133 $3132 $2752 $3128 forward $3134 $-1 #
edge $-1 -1 $-1 $3537 -1.552691648330360552 $3538 0.5404195002705840523 $2752 $3539 forward @7 tangent #
coedge $-1 -1 $-1 $2754 $2753 $3540 $3541 reversed $1860 $-1 #
coedge $-1 -1 $-1 $3542 $3543 $2754 $3131 forward $3527 $-1 #
edge $-1 -1 $-1 $3135 1 $3544 29 $3130 $3545 forward @7 unknown #
coedge $-1 -1 $-1 $3127 $2755 $3546 $3547 forward $3134 $-1 #
coedge $-1 -1 $-1 $2755 $3127 $2759 $3142 reversed $3134 $-1 #
loop $-1 -1 $-1 $-1 $3127 $3548 #
vertex $-1 -1 $-1 $2756 $3549 #
ellipse-curve $-1 -1 $-1 0 -10 0 0 1 0 72.88689868556627971 0 -43.73213921133977067 1 I I #
coedge $-1 -1 $-1 $3550 $3551 $2757 $3138 forward $3552 $-1 #
edge $-1 -1 $-1 $3139 -8.749999999999998224 $2771 26.25 $2757 $3553 forward @7 tangent #
vertex $-1 -1 $-1 $3541 $3554 #
straight-curve $-1 -1 $-1 85.00000000000001421 0 0 0 -10 0 I I #
coedge $-1 -1 $-1 $2760 $2759 $3126 $3536 forward $2761 $-1 #
edge $-1 -1 $-1 $2762 0 $3538 1.570796326794896558 $2759 $3555 forward @7 tangent #
face $3556 -1 $-1 $3548 $2761 $34 $-1 $3557 forward single #
point $-1 -1 $-1 85.00000000000001421 -10 0 #
coedge $-1 -1 $-1 $3558 $2764 $3559 $3560 reversed $3147 $-1 #
coedge $-1 -1 $-1 $2764 $3558 $3550 $3155 reversed $3147 $-1 #
loop $-1 -1 $-1 $-1 $3558 $3561 #
ellipse-curve $-1 -1 $-1 0 -290 349.9999999999998863 -0 -1 -0 72.88689868556622287 0 43.73213921133987014 1 I I #
coedge $-1 -1 $-1 $2767 $2766 $3562 $3563 forward $2768 $-1 #
coedge $-1 -1 $-1 $2775 $3161 $2766 $2778 forward $3162 $-1 #
coedge $-1 -1 $-1 $3564 $3559 $2767 $3152 forward $3565 $-1 #
edge $-1 -1 $-1 $2769 -2.000000000000007994 $3566 5.999999999999989342 $2767 $3567 forward @7 tangent #
face $3568 -1 $-1 $3569 $2768 $34 $-1 $3570 forward single #
point $-1 -1 $-1 39.99999999999995026 -290 424.9999999999999432 #
edge $-1 -1 $-1 $2771 0 $3571 1.570796326794896558 $3550 $3572 forward @7 tangent #
point $-1 -1 $-1 85.00000000000002842 -290 350 #
coedge $-1 -1 $-1 $3126 $3573 $2773 $3158 reversed $2331 $-1 #
edge $-1 -1 $-1 $3159 -0.5404195002705836082 $3163 0.508062004718262461 $3157 $3574 forward @7 tangent #
vertex $-1 -1 $-1 $2774 $3575 #
ellipse-curve $-1 -1 $-1 75.00000000000002842 -10 350 0 0 1 10 0 0 1 F 0 F 1.570796326794896558 #
coedge $-1 -1 $-1 $3150 $2775 $3576 $3577 reversed $3162 $-1 #
loop $-1 -1 $-1 $-1 $3161 $3501 #
vertex $-1 -1 $-1 $3578 $3579 #
intcurve-curve $-1 -1 $-1 forward { surfintcur full nubs 3 open 7 
	-1.600522890298423651 3 -1.220386565305850324 2 -0.834477767355688349 2 -0.436390939295099034 2 -0.2185744989384039993 2 
	-0 2 0.001499210870343362654 3 
	39.99999999999995026 -10 424.9999999999999432 
	39.99999999999995026 -8.734398564305926982 424.9999999999999432 
	39.94006622078062918 -7.482916953852745579 424.7597629918117264 
	39.7047991955230799 -5.122030583165447126 423.8228516091397751 
	39.53027499057866834 -4.040800378201004683 423.1296768010450933 
	39.08009007700661641 -2.173368398934398371 421.3600593769165243 
	38.80587857299209276 -1.416205453572249029 420.2901385440403601 
	38.33294195602542231 -0.5945284769412926273 418.4693232134264349 
	38.15746551399771391 -0.3736955832213947337 417.7979711203749389 
	37.79488517618305821 -0.07636491168525659512 416.4210182532293629 
	37.6085452556970381 -0.001029976984765291169 415.7183647204100225 
	37.41915443585342871 -3.496318306943826373e-06 415.009655851474804 
	37.41786418301348505 1.685658447287616946e-17 415.0048279176763231 
	37.41657386773941596 0 414.9999999999998863 
	2.493411640875362731e-05 
	
	cone 19.99999999999987921 -10 414.9999999999998863 -1 0 -8.88178419700125824e-16 -6.280369834735099681e-15 7.071067811865474617 7.071067811865474617 1 I I 0 1 9.999999999999998224 forward I I I I 
	torus 0 -10 349.9999999999998863 0 1 0 75.00000000000002842 10 0 0 1 forward_v I I I I 
	nullbs 
	nullbs 
	I F -0 
	0 
	1 -0 
	0 
	} I I #
DXID-attrib $-1 -1 $-1 $-1 $2777 @10 ASM ENTITY @2 14 #
torus-surface $-1 -1 $-1 0 -10 349.9999999999998863 0 1 0 75.00000000000002842 10 0 0 1 forward_v I I I I #
vertex $-1 -1 $-1 $3580 $3581 #
straight-curve $-1 -1 $-1 19.9999999999998721 -10 424.9999999999999432 10 0 8.881784197001258634e-15 F -11.60000099999998824 F 7.600001000000014884 #
loop $-1 -1 $-1 $-1 $3582 $2821 #
point $-1 -1 $-1 -10.00000014901162437 -56.99999999999997158 -54.65138140769180097 #
vertex $-1 -1 $-1 $2799 $3583 #
straight-curve $-1 -1 $-1 15.00000000000001776 -59.99999999999999289 -44.99999999999994316 2.832769448823919007e-15 10.00000000000001243 -2.366582715663034856e-29 I I #
coedge $-1 -1 $-1 $2791 $2790 $3584 $3585 forward $1878 $-1 #
coedge $-1 -1 $-1 $3204 $3586 $2790 $3175 reversed $2824 $-1 #
edge $-1 -1 $-1 $3180 0 $3587 3 $3174 $3588 forward @7 unknown #
coedge $-1 -1 $-1 $3589 $3582 $2791 $3177 forward $3169 $-1 #
edge $-1 -1 $-1 $3181 0 $3590 3 $3176 $3591 forward @7 unknown #
coedge $-1 -1 $-1 $3592 $2792 $3582 $3593 forward $2372 $-1 #
coedge $-1 -1 $-1 $2792 $3592 $3204 $3594 forward $2372 $-1 #
vertex $-1 -1 $-1 $2793 $3595 #
vertex $-1 -1 $-1 $2793 $3596 #
straight-curve $-1 -1 $-1 -2.499999925494199804 -70.00000014901161194 -44.99999999999994316 -10.00000000000001243 2.832769448823919007e-15 6.21227962861547021e-29 I I #
point $-1 -1 $-1 15.00000000000002132 -54.99999999999998579 -119.6513811841744683 #
vertex $-1 -1 $-1 $2797 $3597 #
ellipse-curve $-1 -1 $-1 15.00000000000001776 -59.99999999999999289 -54.65138140769180097 1 -2.832769448823915359e-16 -6.212279628615462362e-30 -1.133107779529568905e-15 -4.00000000000000977 9.466330862652150073e-30 1 I I #
straight-curve $-1 -1 $-1 15.00000000000002309 -44.99999999999997158 -134.6513814076919004 -6.212279628615471331e-29 -2.366582715663033174e-29 -10.00000000000001243 I I #
point $-1 -1 $-1 15.00000000000002309 -44.99999999999997158 -119.6513811841744683 #
DXID-attrib $-1 -1 $-1 $-1 $2803 @10 ASM ENTITY @2 13 #
loop $-1 -1 $-1 $3598 $3599 $2803 #
loop $-1 -1 $-1 $-1 $3600 $2367 #
coedge $-1 -1 $-1 $3191 $3191 $3601 $3602 forward $2804 $-1 #
straight-curve $-1 -1 $-1 15.00000000000002309 -44.99999999999997158 -44.99999999999994316 10.00000000000001243 -2.832769448823919007e-15 -6.21227962861547021e-29 I I #
coedge $-1 -1 $-1 $3193 $3193 $3600 $3603 reversed $2810 $-1 #
DXID-attrib $-1 -1 $-1 $-1 $2811 @10 ASM ENTITY @2 14 #
plane-surface $-1 -1 $-1 4.249154173235740263e-15 -44.99999999999997158 -97.32569070384593601 2.832769448823915359e-16 1 -2.366582715663031913e-30 6.212279628615471331e-29 2.366582715663033174e-29 10.00000000000001243 forward_v I I I I #
edge $-1 -1 $-1 $3604 -3.141592653589793116 $3604 3.141592653589793116 $2825 $3605 forward @7 unknown #
vertex $-1 -1 $-1 $2819 $3606 #
ellipse-curve $-1 -1 $-1 14.00000000000001599 -59.99999999999999289 -54.65138140769180097 -1 2.832769448823915359e-16 6.212279628615462362e-30 -8.49830834647176925e-16 -3.000000000000007994 7.099748146989114656e-30 1 I I #
DXID-attrib $-1 -1 $-1 $-1 $2821 @10 ASM ENTITY @2 20 #
face $3607 -1 $-1 $2389 $3608 $36 $-1 $3609 reversed single #
plane-surface $-1 -1 $-1 -10.00000014901162615 -70.00000014901161194 -44.99999999999994316 -1 2.832769448823915359e-16 6.212279628615462362e-30 2.832769448823919007e-15 10.00000000000001243 -2.366582715663034856e-29 forward_v I I I I #
loop $-1 -1 $-1 $-1 $3610 $2396 #
coedge $-1 -1 $-1 $3203 $3203 $3599 $3611 forward $2822 $-1 #
coedge $3612 -1 $-1 $3613 $3174 $3179 $3594 reversed $2824 $-1 #
point $-1 -1 $-1 -38.79127959957324379 -49.99999985098836675 -196.8484532605249626 #
coedge $-1 -1 $-1 $2832 $2831 $3614 $3615 reversed $1933 $-1 #
coedge $-1 -1 $-1 $3616 $3617 $2831 $3208 forward $3618 $-1 #
edge $-1 -1 $-1 $3619 -1.500000000000000222 $3213 1.499999999999999778 $3207 $3620 forward @7 unknown #
coedge $-1 -1 $-1 $3621 $3622 $2832 $3210 forward $3623 $-1 #
edge $-1 -1 $-1 $3214 -1.499999999999999778 $3624 1.500000000000000222 $3209 $3625 forward @7 unknown #
coedge $3626 -1 $-1 $3627 $2833 $3622 $3628 reversed $2837 $-1 #
coedge $-1 -1 $-1 $2833 $3629 $3616 $3630 reversed $2837 $-1 #
vertex $-1 -1 $-1 $3208 $3631 #
vertex $-1 -1 $-1 $3210 $3632 #
straight-curve $-1 -1 $-1 -18.83973358536959708 -59.99999999999999289 -193.2035098256942547 2.810776376729617128e-15 10.00000000000001066 -1.551834409292683281e-29 I I #
DXID-attrib $-1 -1 $-1 $-1 $2836 @10 ASM ENTITY @2 33 #
face $3633 -1 $-1 $3634 $3635 $38 $-1 $3636 forward single #
loop $-1 -1 $-1 $-1 $3637 $2836 #
plane-surface $-1 -1 $-1 4.789569957437356251 -60 -155.3168119529967157 -0.5291953529289118441 1.487449796687663214e-16 -0.8485000167580697417 -8.485000167580706076 2.384943802758274799e-15 5.291953529289123992 forward_v I I I I #
point $-1 -1 $-1 -28.18949789384053872 -55.99999999999998579 -198.7464068016380452 #
DXID-attrib $-1 -1 $-1 $-1 $2842 @10 ASM ENTITY @2 15 #
face $3638 -1 $-1 $3639 $3640 $38 $-1 $3641 forward single #
loop $-1 -1 $-1 $3642 $3643 $2842 #
plane-surface $-1 -1 $-1 -19.75258206533718663 -75.00000000000001421 -166.3222305954117815 2.810776376729614071e-16 1 -1.551834409292681599e-30 -5.291953529289123104 1.487449796687664545e-15 -8.485000167580707853 forward_v I I I I #
loop $-1 -1 $-1 $-1 $3227 $2423 #
coedge $3644 -1 $-1 $3226 $3226 $3645 $3646 reversed $2845 $-1 #
coedge $-1 -1 $-1 $3227 $3227 $2846 $3228 forward $3225 $-1 #
edge $-1 -1 $-1 $3647 -3.141592653589793116 $3647 3.141592653589793116 $2846 $3648 forward @7 unknown #
ATTRIB_CUSTOM-attrib $-1 -1 $-1 $-1 $2847 @17 sketch_attrib_def 1 1 3 @22 134 0 4294967295 0 1 1 #
coedge $-1 -1 $-1 $3230 $3230 $2847 $3231 forward $3649 $-1 #
edge $-1 -1 $-1 $3650 -3.141592653589793116 $3650 3.141592653589793116 $3230 $3651 forward @7 unknown #
vertex $-1 -1 $-1 $2849 $3652 #
ellipse-curve $-1 -1 $-1 -10.20838924337752474 -92.00000000000002842 -138.873709030069449 2.810776376729614071e-16 1 -1.551834409292681599e-30 -1.091465415415882045 3.067865205668309616e-16 -1.750031284563520861 1 I I #
loop $-1 -1 $-1 $-1 $3653 $2888 #
point $-1 -1 $-1 -10.00000014901162437 -236.9999999999999432 -54.65138140769182939 #
vertex $-1 -1 $-1 $2867 $3654 #
straight-curve $-1 -1 $-1 15.00000000000001776 -239.9999999999999432 -44.99999999999997158 2.832769448823928868e-15 10.00000000000001243 -1.577721810442136555e-29 I I #
coedge $-1 -1 $-1 $2859 $2858 $3655 $3656 forward $1963 $-1 #
coedge $-1 -1 $-1 $3269 $3657 $2858 $3240 reversed $2891 $-1 #
edge $-1 -1 $-1 $3245 0 $3658 3 $3239 $3659 forward @7 unknown #
coedge $-1 -1 $-1 $3660 $3653 $2859 $3242 forward $3234 $-1 #
edge $-1 -1 $-1 $3246 0 $3661 3 $3241 $3662 forward @7 unknown #
coedge $-1 -1 $-1 $3663 $2860 $3653 $3664 forward $2451 $-1 #
coedge $-1 -1 $-1 $2860 $3663 $3269 $3665 forward $2451 $-1 #
vertex $-1 -1 $-1 $2861 $3666 #
vertex $-1 -1 $-1 $2861 $3667 #
straight-curve $-1 -1 $-1 -2.499999925494199804 -250.0000001490115551 -44.99999999999997158 -10.00000000000001243 2.832769448823928868e-15 -1.594897878183755986e-28 I I #
point $-1 -1 $-1 15.00000000000002132 -234.9999999999999432 -119.6513811841744968 #
vertex $-1 -1 $-1 $2865 $3668 #
ellipse-curve $-1 -1 $-1 15.00000000000001776 -239.9999999999999432 -54.65138140769182939 1 -2.83276944882392522e-16 1.594897878183754025e-29 -1.133107779529572849e-15 -4.00000000000000977 6.310887241768554069e-30 1 I I #
straight-curve $-1 -1 $-1 15.00000000000002309 -224.9999999999999432 -134.6513814076919289 1.594897878183755986e-28 -1.57772181044214132e-29 -10.00000000000001243 I I #
point $-1 -1 $-1 15.00000000000002309 -224.9999999999999432 -119.6513811841744968 #
DXID-attrib $-1 -1 $-1 $-1 $2871 @10 ASM ENTITY @2 13 #
loop $-1 -1 $-1 $3669 $3670 $2871 #
loop $-1 -1 $-1 $-1 $3671 $2446 #
coedge $-1 -1 $-1 $3256 $3256 $3672 $3673 forward $2872 $-1 #
straight-curve $-1 -1 $-1 15.00000000000002309 -224.9999999999999432 -44.99999999999997158 10.00000000000001243 -2.832769448823928868e-15 1.594897878183755986e-28 I I #
coedge $-1 -1 $-1 $3258 $3258 $3671 $3674 reversed $2878 $-1 #
DXID-attrib $-1 -1 $-1 $-1 $2879 @10 ASM ENTITY @2 14 #
plane-surface $-1 -1 $-1 4.249154173236264856e-15 -224.9999999999999147 -97.32569070384596444 2.83276944882392522e-16 1 -1.577721810442134664e-30 -1.594897878183755986e-28 1.57772181044214132e-29 10.00000000000001243 forward_v I I I I #
edge $-1 -1 $-1 $3675 -3.141592653589793116 $3675 3.141592653589793116 $2892 $3676 forward @7 unknown #
vertex $-1 -1 $-1 $2886 $3677 #
ellipse-curve $-1 -1 $-1 14.00000000000001599 -239.9999999999999432 -54.65138140769182939 -1 2.83276944882392522e-16 -1.594897878183754025e-29 -8.498308346471798832e-16 -3.000000000000007994 4.733165431326416253e-30 1 I I #
DXID-attrib $-1 -1 $-1 $-1 $2888 @10 ASM ENTITY @2 20 #
face $3678 -1 $-1 $2467 $3679 $40 $-1 $3680 reversed single #
plane-surface $-1 -1 $-1 -10.00000014901162615 -250.0000001490115551 -44.99999999999997158 -1 2.83276944882392522e-16 -1.594897878183754025e-29 2.832769448823928868e-15 10.00000000000001243 -1.577721810442136555e-29 forward_v I I I I #
loop $-1 -1 $-1 $-1 $3681 $2474 #
coedge $-1 -1 $-1 $3268 $3268 $3670 $3682 forward $2889 $-1 #
coedge $-1 -1 $-1 $3683 $3239 $3244 $3665 reversed $2891 $-1 #
point $-1 -1 $-1 59.9415489486558215 -229.9999998509883596 -176.844388288864053 #
coedge $-1 -1 $-1 $2899 $2898 $3684 $3685 reversed $2018 $-1 #
coedge $-1 -1 $-1 $3686 $3687 $2898 $3273 forward $3688 $-1 #
edge $-1 -1 $-1 $3689 -1.500000000000000222 $3278 1.499999999999999778 $3272 $3690 forward @7 unknown #
coedge $-1 -1 $-1 $3691 $3692 $2899 $3275 forward $3693 $-1 #
edge $-1 -1 $-1 $3279 -1.499999999999999778 $3694 1.500000000000000222 $3274 $3695 forward @7 unknown #
coedge $-1 -1 $-1 $3696 $2900 $3692 $3697 reversed $2904 $-1 #
coedge $-1 -1 $-1 $2900 $3698 $3686 $3699 reversed $2904 $-1 #
vertex $-1 -1 $-1 $3273 $3700 #
vertex $-1 -1 $-1 $3275 $3701 #
straight-curve $-1 -1 $-1 57.41275004852805353 -240 -156.7208951248352662 2.832769448823927685e-15 10.00000000000001066 -1.618242741091560404e-29 I I #
DXID-attrib $-1 -1 $-1 $-1 $2903 @10 ASM ENTITY @2 33 #
face $3702 -1 $-1 $3703 $3704 $42 $-1 $3705 forward single #
loop $-1 -1 $-1 $-1 $3706 $2903 #
plane-surface $-1 -1 $-1 20.89998043756136425 -239.9999999999999716 -131.0194648737453065 0.8177298990502630538 -2.316440275419466608e-16 -0.5756021301204911067 -5.756021301204917506 1.630548128883289075e-15 -8.177298990502638532 forward_v I I I I #
point $-1 -1 $-1 62.42665073943108212 -235.9999999999999716 -166.3646806560281846 #
DXID-attrib $-1 -1 $-1 $-1 $2909 @10 ASM ENTITY @2 15 #
face $3707 -1 $-1 $3708 $3709 $42 $-1 $3710 forward single #
loop $-1 -1 $-1 $3711 $3712 $2909 #
plane-surface $-1 -1 $-1 30.5223332912373273 -255 -156.136128485044253 2.832769448823924727e-16 1 -1.618242741091558582e-30 8.177298990502640308 -2.316440275419469073e-15 -5.75602130120491573 forward_v I I I I #
loop $-1 -1 $-1 $-1 $3292 $2501 #
coedge $-1 -1 $-1 $3291 $3291 $3713 $3714 reversed $2912 $-1 #
coedge $-1 -1 $-1 $3292 $3292 $2913 $3293 forward $3290 $-1 #
edge $-1 -1 $-1 $3715 -3.141592653589793116 $3715 3.141592653589793116 $2913 $3716 forward @7 unknown #
coedge $-1 -1 $-1 $3294 $3294 $2914 $3295 forward $3717 $-1 #
edge $-1 -1 $-1 $3718 -3.141592653589793116 $3718 3.141592653589793116 $3294 $3719 forward @7 unknown #
vertex $-1 -1 $-1 $2916 $3720 #
ellipse-curve $-1 -1 $-1 3.647587795379362952 -272 -145.0789585361526122 2.832769448823924727e-16 1 -1.618242741091558582e-30 1.686567916791169797 -4.777658068052656196e-16 -1.187179393373514413 1 I I #
loop $-1 -1 $-1 $-1 $3721 $2955 #
point $-1 -1 $-1 -45.159700321052334 -57.00000000000001421 -188.1628232097795603 #
vertex $-1 -1 $-1 $2934 $3722 #
straight-curve $-1 -1 $-1 -18.83973358536918141 -60.00000000000002842 -193.2035098256935726 2.810776376729619494e-15 10.00000000000001066 -8.937897300164795141e-30 I I #
coedge $-1 -1 $-1 $2926 $2925 $3723 $3724 forward $2047 $-1 #
coedge $-1 -1 $-1 $3333 $3725 $2925 $3304 reversed $2958 $-1 #
edge $-1 -1 $-1 $3309 0 $3726 3 $3303 $3727 forward @7 unknown #
coedge $-1 -1 $-1 $3728 $3721 $2926 $3306 forward $3298 $-1 #
edge $-1 -1 $-1 $3310 0 $3729 3 $3305 $3730 forward @7 unknown #
coedge $-1 -1 $-1 $3731 $2927 $3721 $3732 forward $2529 $-1 #
coedge $-1 -1 $-1 $2927 $3731 $3333 $3733 forward $2529 $-1 #
vertex $-1 -1 $-1 $2928 $3734 #
vertex $-1 -1 $-1 $2928 $3735 #
straight-curve $-1 -1 $-1 -33.68848381541724279 -70.00000014901165457 -183.9425911888657197 -8.485000167580706076 2.384943802758273615e-15 5.291953529289123992 I I #
point $-1 -1 $-1 -58.34489759775913598 -55.00000000000001421 -256.5452080114786781 #
vertex $-1 -1 $-1 $2932 $3736 #
ellipse-curve $-1 -1 $-1 -23.94719977566421676 -60.00000000000002842 -201.3927071118586412 0.8485000167580697417 -2.384943802758270953e-16 -0.5291953529289118441 -1.124310550691849178e-15 -4.000000000000008882 3.575158920065922401e-30 1 I I #
straight-curve $-1 -1 $-1 -66.28282800997719448 -45 -269.2727084525042756 -5.291953529289123992 1.487449796687671448e-15 -8.485000167580706076 I I #
point $-1 -1 $-1 -58.34489759775913598 -45.00000000000000711 -256.5452080114786781 #
DXID-attrib $-1 -1 $-1 $-1 $2938 @10 ASM ENTITY @2 13 #
loop $-1 -1 $-1 $3737 $3738 $2938 #
loop $-1 -1 $-1 $-1 $3739 $2524 #
coedge $-1 -1 $-1 $3320 $3320 $3740 $3741 forward $2939 $-1 #
straight-curve $-1 -1 $-1 -18.83973358536918141 -45.00000000000001421 -193.2035098256935726 8.485000167580706076 -2.384943802758273615e-15 -5.291953529289123992 I I #
coedge $-1 -1 $-1 $3322 $3322 $3739 $3742 reversed $2945 $-1 #
DXID-attrib $-1 -1 $-1 $-1 $2946 @10 ASM ENTITY @2 14 #
plane-surface $-1 -1 $-1 -59.25774619601109094 -45.00000000000000711 -229.6639289708507761 2.810776376729616536e-16 1 -8.937897300164784982e-31 5.291953529289123992 -1.487449796687671448e-15 8.485000167580706076 forward_v I I I I #
edge $-1 -1 $-1 $3743 -3.141592653589793116 $3743 3.141592653589793116 $2959 $3744 forward @7 unknown #
vertex $-1 -1 $-1 $2953 $3745 #
ellipse-curve $-1 -1 $-1 -24.79569979242228328 -60.00000000000002842 -200.8635117589297181 -0.8485000167580697417 2.384943802758270953e-16 0.5291953529289118441 -8.432329130188870316e-16 -3.00000000000000755 2.681369190049441976e-30 1 I I #
DXID-attrib $-1 -1 $-1 $-1 $2955 @10 ASM ENTITY @2 20 #
face $3746 -1 $-1 $2545 $3747 $44 $-1 $3748 reversed single #
plane-surface $-1 -1 $-1 -40.05223413075729866 -70.00000014901164036 -179.9736259236145202 -0.8485000167580697417 2.384943802758270953e-16 0.5291953529289118441 2.810776376729619494e-15 10.00000000000001066 -8.937897300164795141e-30 forward_v I I I I #
loop $-1 -1 $-1 $-1 $3749 $2552 #
coedge $-1 -1 $-1 $3332 $3332 $3738 $3750 forward $2956 $-1 #
coedge $-1 -1 $-1 $3751 $3303 $3308 $3733 reversed $2958 $-1 #
point $-1 -1 $-1 -143.7030977663002318 -49.99999985098838096 -295.8033826243433282 #
coedge $-1 -1 $-1 $2966 $2965 $3752 $3753 reversed $2102 $-1 #
coedge $-1 -1 $-1 $3754 $3755 $2965 $3337 forward $3756 $-1 #
edge $-1 -1 $-1 $3757 -1.500000000000000222 $3342 1.499999999999999778 $3336 $3758 forward @7 unknown #
coedge $-1 -1 $-1 $3759 $3760 $2966 $3339 forward $3761 $-1 #
edge $-1 -1 $-1 $3343 -1.499999999999999778 $3762 1.500000000000000222 $3338 $3763 forward @7 unknown #
coedge $-1 -1 $-1 $3764 $2967 $3760 $3765 reversed $2971 $-1 #
coedge $-1 -1 $-1 $2967 $3766 $3754 $3767 reversed $2971 $-1 #
vertex $-1 -1 $-1 $3337 $3768 #
vertex $-1 -1 $-1 $3339 $3769 #
straight-curve $-1 -1 $-1 -124.6020803558103296 -60.00000000000000711 -302.6225420215243958 8.104698438784301665e-16 10.00000000000001243 2.438741570261107415e-16 I I #
DXID-attrib $-1 -1 $-1 $-1 $2970 @10 ASM ENTITY @2 33 #
face $3770 -1 $-1 $3771 $3772 $46 $-1 $3773 forward single #
loop $-1 -1 $-1 $-1 $3774 $2970 #
plane-surface $-1 -1 $-1 -85.19515427765711024 -60.00000000000001421 -281.6263509696659639 -0.8825466275801440164 8.299531269022928229e-17 -0.470224893159554902 -4.70224893159555446 1.658727809094314303e-16 8.825466275801451488 forward_v I I I I #
point $-1 -1 $-1 -135.4706622543151298 -56 -302.7479494590162403 #
DXID-attrib $-1 -1 $-1 $-1 $2976 @10 ASM ENTITY @2 15 #
face $3775 -1 $-1 $3776 $3777 $46 $-1 $3778 forward single #
loop $-1 -1 $-1 $3779 $3780 $2976 #
plane-surface $-1 -1 $-1 -111.9519907141270494 -75.00000000000002842 -278.8862470818929751 8.104698438784292051e-17 1 2.438741570261104518e-17 -8.825466275801449711 8.299531269022938336e-16 -4.702248931595556236 forward_v I I I I #
loop $-1 -1 $-1 $-1 $3356 $2579 #
coedge $-1 -1 $-1 $3355 $3355 $3781 $3782 reversed $2979 $-1 #
coedge $-1 -1 $-1 $3356 $3356 $2980 $3357 forward $3354 $-1 #
edge $-1 -1 $-1 $3783 -3.141592653589793116 $3783 3.141592653589793116 $2980 $3784 forward @7 unknown #
coedge $-1 -1 $-1 $3358 $3358 $2981 $3359 forward $3785 $-1 #
edge $-1 -1 $-1 $3786 -3.141592653589793116 $3786 3.141592653589793116 $3358 $3787 forward @7 unknown #
vertex $-1 -1 $-1 $2983 $3788 #
ellipse-curve $-1 -1 $-1 -89.96221648902172774 -92.00000000000005684 -259.8872265209613488 8.104698438784292051e-17 1 2.438741570261104518e-17 -1.820252419384049691 1.711778324235981297e-16 -0.9698388421415834459 1 I I #
loop $-1 -1 $-1 $-1 $3789 $3022 #
point $-1 -1 $-1 50.9149198539515595 -236.9999999999999432 -182.7194984198157499 #
vertex $-1 -1 $-1 $3001 $3790 #
straight-curve $-1 -1 $-1 57.41275004852779773 -239.9999999999999432 -156.7208951248351525 2.832769448823926896e-15 10.00000000000001066 -1.599183306096559688e-29 I I #
coedge $-1 -1 $-1 $2993 $2992 $3791 $3792 forward $2131 $-1 #
coedge $-1 -1 $-1 $3397 $3793 $2992 $3368 reversed $3025 $-1 #
edge $-1 -1 $-1 $3373 0 $3794 3 $3367 $3795 forward @7 unknown #
coedge $-1 -1 $-1 $3796 $3789 $2993 $3370 forward $3362 $-1 #
edge $-1 -1 $-1 $3374 0 $3797 3 $3369 $3798 forward @7 unknown #
coedge $-1 -1 $-1 $3799 $2994 $3789 $3800 forward $2607 $-1 #
coedge $-1 -1 $-1 $2994 $3799 $3397 $3801 forward $2607 $-1 #
vertex $-1 -1 $-1 $2995 $3802 #
vertex $-1 -1 $-1 $2995 $3803 #
straight-curve $-1 -1 $-1 47.33971281430488887 -250.0000001490115835 -171.0311682972891276 -5.75602130120491573 1.630548128883288484e-15 -8.177298990502640308 I I #
point $-1 -1 $-1 118.4574164482255298 -234.9999999999999716 -199.6903891508827371 #
vertex $-1 -1 $-1 $2999 $3804 #
ellipse-curve $-1 -1 $-1 65.30497319273524681 -239.9999999999999432 -162.2762508217078903 0.5756021301204909957 -1.63054812888328666e-16 0.8177298990502631648 -1.133107779529571863e-15 -4.000000000000008882 6.396733224386245477e-30 1 I I #
straight-curve $-1 -1 $-1 130.7233651167563835 -224.9999999999999432 -208.3244212313472019 8.177298990502640308 -2.316440275419468679e-15 -5.75602130120491573 I I #
point $-1 -1 $-1 118.4574164482255441 -224.9999999999999432 -199.6903891508827371 #
DXID-attrib $-1 -1 $-1 $-1 $3005 @10 ASM ENTITY @2 13 #
loop $-1 -1 $-1 $3805 $3806 $3005 #
loop $-1 -1 $-1 $-1 $3807 $2602 #
coedge $-1 -1 $-1 $3384 $3384 $3808 $3809 forward $3006 $-1 #
straight-curve $-1 -1 $-1 57.41275004852779773 -224.9999999999999432 -156.7208951248351525 5.75602130120491573 -1.630548128883288484e-15 8.177298990502640308 I I #
coedge $-1 -1 $-1 $3386 $3386 $3807 $3810 reversed $3012 $-1 #
DXID-attrib $-1 -1 $-1 $-1 $3013 @10 ASM ENTITY @2 14 #
plane-surface $-1 -1 $-1 91.56699987371169414 -224.9999999999999432 -199.105622639748816 2.832769448823923741e-16 1 -1.599183306096557866e-30 -8.177298990502640308 2.316440275419468679e-15 5.75602130120491573 forward_v I I I I #
edge $-1 -1 $-1 $3811 -3.141592653589793116 $3811 3.141592653589793116 $3026 $3812 forward @7 unknown #
vertex $-1 -1 $-1 $3020 $3813 #
ellipse-curve $-1 -1 $-1 64.72937106261474582 -239.9999999999999432 -163.0939807207581396 -0.5756021301204909957 1.63054812888328666e-16 -0.8177298990502631648 -8.498308346471792915e-16 -3.00000000000000755 4.797549918289685509e-30 1 I I #
DXID-attrib $-1 -1 $-1 $-1 $3022 @10 ASM ENTITY @2 20 #
face $3814 -1 $-1 $2623 $3815 $48 $-1 $3816 reversed single #
plane-surface $-1 -1 $-1 43.02269670974411042 -250.0000001490115835 -177.1641427229429837 -0.5756021301204909957 1.63054812888328666e-16 -0.8177298990502631648 2.832769448823926896e-15 10.00000000000001066 -1.599183306096559688e-29 forward_v I I I I #
loop $-1 -1 $-1 $-1 $3817 $2630 #
coedge $-1 -1 $-1 $3396 $3396 $3806 $3818 forward $3023 $-1 #
coedge $-1 -1 $-1 $3819 $3367 $3372 $3801 reversed $3025 $-1 #
point $-1 -1 $-1 140.8860816103746174 -229.9999998509882744 -291.44177314651904 #
coedge $-1 -1 $-1 $3033 $3032 $3820 $3821 reversed $2186 $-1 #
coedge $-1 -1 $-1 $3822 $3823 $3032 $3401 forward $3824 $-1 #
edge $-1 -1 $-1 $3825 -1.500000000000000222 $3406 1.499999999999999778 $3400 $3826 forward @7 unknown #
coedge $-1 -1 $-1 $3827 $3828 $3033 $3403 forward $3829 $-1 #
edge $-1 -1 $-1 $3407 -1.499999999999999778 $3830 1.500000000000000222 $3402 $3831 forward @7 unknown #
coedge $-1 -1 $-1 $3832 $3034 $3828 $3833 reversed $3038 $-1 #
coedge $-1 -1 $-1 $3034 $3834 $3822 $3835 reversed $3038 $-1 #
vertex $-1 -1 $-1 $3401 $3836 #
vertex $-1 -1 $-1 $3403 $3837 #
straight-curve $-1 -1 $-1 151.8840413346158584 -239.9999999999998863 -274.4008024316809156 2.832769448823921768e-15 10.00000000000001066 -1.649216336426408761e-29 I I #
DXID-attrib $-1 -1 $-1 $-1 $3037 @10 ASM ENTITY @2 33 #
face $3838 -1 $-1 $3839 $3840 $50 $-1 $3841 forward single #
loop $-1 -1 $-1 $-1 $3842 $3037 #
plane-surface $-1 -1 $-1 140.4341979878747395 -239.9999999999998863 -231.2424087063548939 0.2564275277890659677 -7.264000665583283981e-17 -0.9665634604059827328 -9.665634604059837542 2.738051440987594025e-15 -2.564275277890662341 forward_v I I I I #
point $-1 -1 $-1 149.5260062473073788 -235.9999999999998863 -285.0112439887937512 #
DXID-attrib $-1 -1 $-1 $-1 $3043 @10 ASM ENTITY @2 15 #
face $3843 -1 $-1 $3844 $3845 $50 $-1 $3846 forward single #
loop $-1 -1 $-1 $3847 $3848 $3043 #
plane-surface $-1 -1 $-1 131.6606677551555435 -254.9999999999999147 -256.6680184858539064 2.83276944882391881e-16 1 -1.649216336426407009e-30 2.564275277890663673 -7.264000665583295567e-16 -9.665634604059837542 forward_v I I I I #
loop $-1 -1 $-1 $-1 $3420 $2657 #
coedge $-1 -1 $-1 $3419 $3419 $3849 $3850 reversed $3046 $-1 #
coedge $-1 -1 $-1 $3420 $3420 $3047 $3421 forward $3418 $-1 #
edge $-1 -1 $-1 $3851 -3.141592653589793116 $3851 3.141592653589793116 $3047 $3852 forward @7 unknown #
coedge $-1 -1 $-1 $3422 $3422 $3048 $3423 forward $3853 $-1 #
edge $-1 -1 $-1 $3854 -3.141592653589793116 $3854 3.141592653589793116 $3422 $3855 forward @7 unknown #
vertex $-1 -1 $-1 $3050 $3856 #
ellipse-curve $-1 -1 $-1 118.1808301491626452 -271.9999999999999432 -230.9229814716667022 2.83276944882391881e-16 1 -1.649216336426407009e-30 0.5288817760649492383 -1.498200137276554008e-16 -1.993537137087341815 1 I I #
DXID-attrib $-1 -1 $-1 $-1 $3054 @10 ASM ENTITY @2 17 #
face $3857 -1 $-1 $3858 $3859 $52 $-1 $3860 forward single #
loop $-1 -1 $-1 $-1 $3861 $3054 #
torus-surface $-1 -1 $-1 -166.0062915151713412 -59.99999999999994316 -309.9782841866160652 0.8825466275801437943 -8.299531269023102025e-17 0.4702248931595550685 24.99999999999999645 4.999999999999999112 8.104698438784437497e-17 1 2.43874157026120405e-17 forward_v I I I I #
coedge $-1 -1 $-1 $3862 $3863 $3861 $3864 forward $3055 $-1 #
coedge $-1 -1 $-1 $3865 $3057 $3866 $3867 forward $2677 $-1 #
coedge $-1 -1 $-1 $3057 $3865 $3868 $3869 forward $2677 $-1 #
coedge $-1 -1 $-1 $3863 $3862 $3057 $3434 reversed $3055 $-1 #
edge $-1 -1 $-1 $3870 0 $3871 1.570796326794896558 $3057 $3872 forward @7 tangent #
coedge $-1 -1 $-1 $3059 $3058 $3865 $3873 forward $2239 $-1 #
coedge $-1 -1 $-1 $3874 $3875 $3058 $3437 reversed $3876 $-1 #
edge $-1 -1 $-1 $3443 -1.875 $3877 0.6250000000000003331 $3436 $3878 forward @7 tangent #
coedge $-1 -1 $-1 $3866 $3879 $3059 $3439 reversed $3880 $-1 #
edge $-1 -1 $-1 $3881 -0.6250000000000003331 $3442 1.875 $3438 $3882 forward @7 tangent #
coedge $-1 -1 $-1 $3861 $3060 $3879 $3883 forward $3428 $-1 #
coedge $-1 -1 $-1 $3060 $3861 $3884 $3885 forward $3428 $-1 #
vertex $-1 -1 $-1 $3061 $3886 #
vertex $-1 -1 $-1 $3061 $3887 #
ellipse-curve $-1 -1 $-1 -166.0062915151713412 -34.99999999999994316 -309.9782841866160652 0.4702248931595550685 -1.658727809094295074e-17 -0.8825466275801437943 -4.41273313790071775 4.149765634511550519e-16 -2.351124465797775009 1 F 0 F 1.570796326794896558 #
coedge $-1 -1 $-1 $3888 $3889 $3062 $3446 forward $3890 $-1 #
edge $-1 -1 $-1 $3455 -1.570796326794896558 $3450 1.570796326794896558 $3062 $3891 forward @7 tangent #
coedge $-1 -1 $-1 $3892 $3063 $3068 $3459 reversed $3449 $-1 #
coedge $-1 -1 $-1 $3063 $3892 $3888 $3893 forward $3449 $-1 #
loop $-1 -1 $-1 $-1 $3448 $3894 #
vertex $-1 -1 $-1 $3064 $3895 #
straight-curve $-1 -1 $-1 -154.2419196571227076 -84.99999999999994316 -310.7919516773964119 -4.702248931595550019 1.658727809094294828e-16 8.825466275801435501 F -2.425000999999999962 F 1.17500100000000085 #
coedge $-1 -1 $-1 $3896 $3065 $3889 $3897 reversed $3454 $-1 #
coedge $-1 -1 $-1 $3065 $3896 $3067 $3458 reversed $3454 $-1 #
loop $-1 -1 $-1 $-1 $3453 $3898 #
vertex $-1 -1 $-1 $3446 $3899 #
straight-curve $-1 -1 $-1 -148.3641084926282474 -34.99999999999994316 -321.8237845221482303 4.702248931595550019 -1.658727809094294828e-16 -8.825466275801435501 F -1.875 F 0.6250000000000003331 #
coedge $-1 -1 $-1 $3068 $3067 $3900 $3901 forward $3069 $-1 #
edge $-1 -1 $-1 $3071 0 $3902 1.570796326794896558 $3067 $3903 forward @7 tangent #
edge $-1 -1 $-1 $3904 0 $3070 1.570796326794896558 $3068 $3905 forward @7 tangent #
face $3906 -1 $-1 $3894 $3069 $52 $-1 $3907 forward single #
point $-1 -1 $-1 -157.1808252393699092 -84.99999999999994316 -305.2760352550205312 #
point $-1 -1 $-1 -157.1808252393699092 -34.99999999999994316 -305.2760352550205312 #
DXID-attrib $-1 -1 $-1 $-1 $3076 @10 ASM ENTITY @2 17 #
face $3908 -1 $-1 $3909 $3910 $54 $-1 $3911 forward single #
loop $-1 -1 $-1 $-1 $3912 $3076 #
torus-surface $-1 -1 $-1 149.5975599892815922 -240.0000000000001705 -316.3911304559500195 -0.2564275277890660787 7.264000665583214955e-17 0.9665634604059828439 25.00000000000001421 5.000000000000002665 2.832769448823919303e-16 1 -8.801356681539976373e-31 forward_v I I I I #
coedge $-1 -1 $-1 $3913 $3914 $3912 $3915 forward $3077 $-1 #
coedge $-1 -1 $-1 $3916 $3079 $3917 $3918 forward $2698 $-1 #
coedge $-1 -1 $-1 $3079 $3916 $3919 $3920 forward $2698 $-1 #
coedge $-1 -1 $-1 $3914 $3913 $3079 $3471 reversed $3077 $-1 #
edge $-1 -1 $-1 $3921 0 $3922 1.570796326794896558 $3079 $3923 forward @7 tangent #
coedge $-1 -1 $-1 $3081 $3080 $3916 $3924 forward $2276 $-1 #
coedge $-1 -1 $-1 $3925 $3926 $3080 $3474 reversed $3927 $-1 #
edge $-1 -1 $-1 $3480 -1.875 $3928 0.6250000000000003331 $3473 $3929 forward @7 tangent #
coedge $-1 -1 $-1 $3917 $3930 $3081 $3476 reversed $3931 $-1 #
edge $-1 -1 $-1 $3932 -0.6250000000000003331 $3479 1.875 $3475 $3933 forward @7 tangent #
coedge $-1 -1 $-1 $3912 $3082 $3930 $3934 forward $3465 $-1 #
coedge $-1 -1 $-1 $3082 $3912 $3935 $3936 forward $3465 $-1 #
vertex $-1 -1 $-1 $3083 $3937 #
vertex $-1 -1 $-1 $3083 $3938 #
ellipse-curve $-1 -1 $-1 149.5975599892815922 -215.0000000000001421 -316.3911304559500195 0.9665634604059828439 -2.738051440987593926e-16 0.2564275277890660787 1.282137638945331171 -3.632000332791609327e-16 -4.832817302029916995 1 F 0 F 1.570796326794896558 #
coedge $-1 -1 $-1 $3939 $3940 $3084 $3483 forward $3941 $-1 #
edge $-1 -1 $-1 $3492 -1.570796326794896558 $3487 1.570796326794896558 $3084 $3942 forward @7 tangent #
coedge $-1 -1 $-1 $3943 $3085 $3090 $3496 reversed $3486 $-1 #
coedge $-1 -1 $-1 $3085 $3943 $3939 $3944 forward $3486 $-1 #
loop $-1 -1 $-1 $-1 $3485 $3945 #
vertex $-1 -1 $-1 $3086 $3946 #
straight-curve $-1 -1 $-1 153.0743063389283236 -265.0000000000001705 -305.1228238032085187 -9.66563460405983399 2.738051440987595208e-15 -2.564275277890662785 F -2.425000999999999962 F 1.17500100000000085 #
coedge $-1 -1 $-1 $3947 $3087 $3940 $3948 reversed $3491 $-1 #
coedge $-1 -1 $-1 $3087 $3947 $3089 $3495 reversed $3491 $-1 #
loop $-1 -1 $-1 $-1 $3490 $3949 #
vertex $-1 -1 $-1 $3483 $3950 #
straight-curve $-1 -1 $-1 165.1563495940031316 -215.0000000000001705 -301.91747970584521 9.66563460405983399 -2.738051440987595208e-15 2.564275277890662785 F -1.875 F 0.6250000000000003331 #
coedge $-1 -1 $-1 $3090 $3089 $3951 $3952 forward $3091 $-1 #
edge $-1 -1 $-1 $3093 0 $3953 1.570796326794896558 $3089 $3954 forward @7 tangent #
edge $-1 -1 $-1 $3955 0 $3092 1.570796326794896558 $3090 $3956 forward @7 tangent #
face $3957 -1 $-1 $3945 $3091 $54 $-1 $3958 forward single #
point $-1 -1 $-1 147.0332847113909338 -265.0000000000001705 -306.7254958518901731 #
point $-1 -1 $-1 147.0332847113909338 -215.0000000000001421 -306.7254958518901731 #
DXID-attrib $-1 -1 $-1 $-1 $3096 @10 ASM ENTITY @2 12 #
face $3959 -1 $-1 $2777 $3162 $34 $-1 $3960 forward single #
loop $-1 -1 $-1 $-1 $3961 $3096 #
torus-surface $-1 -1 $-1 0 -10 349.9999999999998863 0 1 0 75.00000000000001421 10 0 0 1 forward_v I I I I #
coedge $-1 -1 $-1 $3962 $3963 $3964 $3965 forward $3097 $-1 #
coedge $-1 -1 $-1 $3534 $3099 $3966 $3967 forward $2707 $-1 #
coedge $-1 -1 $-1 $3099 $3534 $3968 $3969 forward $2707 $-1 #
coedge $-1 -1 $-1 $3970 $3971 $3099 $3508 reversed $3972 $-1 #
edge $-1 -1 $-1 $3973 -0.5404195002705842743 $3974 0.5404195002705841633 $3507 $3975 forward @7 tangent #
straight-curve $-1 -1 $-1 10 -250 -75.00000000000001421 -0 -10 -0 I I #
point $-1 -1 $-1 10 -230 -75.00000000000001421 #
coedge $-1 -1 $-1 $3109 $3108 $3976 $3977 reversed $2304 $-1 #
coedge $-1 -1 $-1 $3978 $3979 $3108 $3513 forward $3980 $-1 #
edge $-1 -1 $-1 $3981 -3 $3519 -0 $3512 $3982 forward @7 unknown #
coedge $-1 -1 $-1 $3983 $3984 $3109 $3515 forward $3985 $-1 #
edge $-1 -1 $-1 $3520 -3 $3986 -0 $3514 $3987 forward @7 unknown #
coedge $-1 -1 $-1 $3988 $3110 $3984 $3989 reversed $3518 $-1 #
coedge $-1 -1 $-1 $3110 $3988 $3978 $3990 forward $3518 $-1 #
loop $-1 -1 $-1 $-1 $3988 $3991 #
vertex $-1 -1 $-1 $3513 $3992 #
vertex $-1 -1 $-1 $3989 $3993 #
straight-curve $-1 -1 $-1 15 -225 -45.00000000000001421 0 10 0 I I #
straight-curve $-1 -1 $-1 -15 -22.5 -75.00000000000001421 -0 -10 -0 I I #
ATTRIB_CUSTOM-attrib $-1 -1 $-1 $3117 $2312 @17 sketch_attrib_def 1 1 3 @13 239 0 0 0 1 1 #
coedge $-1 -1 $-1 $3994 $3995 $3996 $3997 forward $3122 $-1 #
DXID-attrib $-1 -1 $-1 $-1 $3123 @10 ASM ENTITY @2 30 #
face $3998 -1 $-1 $3999 $3980 $34 $-1 $4000 reversed single #
loop $-1 -1 $-1 $2745 $3543 $3123 #
plane-surface $-1 -1 $-1 -40.00000000000000711 0 -75.00000000000001421 0 0 -1 10 0 0 forward_v I I I I #
coedge $-1 -1 $-1 $4001 $3124 $4002 $4003 reversed $2750 $-1 #
coedge $-1 -1 $-1 $3124 $4004 $4005 $4006 reversed $2750 $-1 #
coedge $-1 -1 $-1 $4007 $4008 $3124 $3532 forward $4009 $-1 #
edge $-1 -1 $-1 $4010 -1.552691648330360552 $4011 0.5404195002705840523 $3124 $4012 forward @7 tangent #
coedge $-1 -1 $-1 $3573 $3125 $3962 $4013 reversed $2331 $-1 #
coedge $-1 -1 $-1 $3506 $3505 $3125 $3535 forward $2707 $-1 #
edge $-1 -1 $-1 $4014 -0.5404195002705841633 $3537 0.5080620047182643484 $3125 $4015 forward @7 tangent #
edge $-1 -1 $-1 $3538 -8.749999999999998224 $3159 26.25 $3126 $4016 forward @7 tangent #
vertex $-1 -1 $-1 $3535 $4017 #
vertex $-1 -1 $-1 $3142 $4018 #
ellipse-curve $-1 -1 $-1 0 0 0 -0 -1 -0 64.31196942844083253 0 -38.5871816570644981 1 I I #
coedge $-1 -1 $-1 $4019 $4020 $3129 $3541 forward $4021 $-1 #
edge $-1 -1 $-1 $3544 -0.5404195002705841633 $3139 0.5404195002705841633 $3129 $4022 forward @7 tangent #
coedge $-1 -1 $-1 $4023 $3130 $4024 $4025 reversed $3527 $-1 #
coedge $-1 -1 $-1 $3130 $4023 $4026 $4027 reversed $3527 $-1 #
vertex $-1 -1 $-1 $4025 $4028 #
straight-curve $-1 -1 $-1 40.00000000000000711 0 -75.00000000000001421 0 -10 0 I I #
coedge $-1 -1 $-1 $4026 $3968 $3132 $3547 reversed $4029 $-1 #
edge $-1 -1 $-1 $3135 0 $3537 10.52190760902955091 $3132 $4030 forward @7 unknown #
face $4031 -1 $-1 $4032 $3134 $34 $-1 $4033 forward single #
point $-1 -1 $-1 40.00000000000000711 -10 -75.00000000000001421 #
coedge $-1 -1 $-1 $4034 $3137 $3146 $3155 forward $3552 $-1 #
coedge $-1 -1 $-1 $3137 $4034 $4019 $4035 reversed $3552 $-1 #
loop $-1 -1 $-1 $-1 $3550 $4036 #
straight-curve $-1 -1 $-1 85.00000000000001421 -290 87.49999999999998579 0 0 10 F -9.850000999999998896 F 27.3500009999999989 #
point $-1 -1 $-1 85.00000000000001421 -290 0 #
ellipse-curve $-1 -1 $-1 75.00000000000001421 -10 0 0 0 1 10 0 0 1 F 0 F 1.570796326794896558 #
DXID-attrib $-1 -1 $-1 $-1 $3143 @10 ASM ENTITY @2 15 #
cone-surface $-1 -1 $-1 75.00000000000001421 -10 87.49999999999998579 0 0 1 7.071067811865474617 7.071067811865474617 0 1 I I 0 1 9.999999999999998224 forward I I I I #
coedge $-1 -1 $-1 $3146 $3145 $4037 $4038 forward $3147 $-1 #
coedge $-1 -1 $-1 $3151 $3564 $3145 $3560 forward $3565 $-1 #
edge $-1 -1 $-1 $4039 -11.36981218887944145 $2769 -0 $3559 $4040 forward @7 unknown #
face $4041 -1 $-1 $4042 $3147 $34 $-1 $4043 forward single #
coedge $-1 -1 $-1 $4044 $4045 $3149 $3563 reversed $4046 $-1 #
edge $-1 -1 $-1 $3167 1 $3566 29 $3149 $4047 forward @7 unknown #
coedge $-1 -1 $-1 $3559 $3151 $4048 $4049 reversed $3565 $-1 #
loop $-1 -1 $-1 $-1 $3559 $4050 #
vertex $-1 -1 $-1 $3563 $4051 #
straight-curve $-1 -1 $-1 19.9999999999998721 -290 424.9999999999999432 -10 0 -8.881784197001258634e-15 F -7.600001000000014884 F 11.60000099999998824 #
DXID-attrib $-1 -1 $-1 $-1 $3153 @10 ASM ENTITY @2 18 #
face $4052 -1 $-1 $4053 $4046 $34 $-1 $4054 forward single #
plane-surface $-1 -1 $-1 39.99999999999994316 0 424.9999999999999432 -8.88178419700125824e-16 0 1 -10 0 -8.881784197001258634e-15 forward_v I I I I #
vertex $-1 -1 $-1 $3155 $4055 #
ellipse-curve $-1 -1 $-1 75.00000000000001421 -290 350 0 0 -1 10.00000000000001776 0 0 1 F 0 F 1.570796326794896558 #
coedge $-1 -1 $-1 $3157 $3533 $3961 $3578 reversed $2331 $-1 #
ellipse-curve $-1 -1 $-1 0 0 349.9999999999998863 -0 -1 -0 64.3119694284407899 0 38.58718165706459047 1 I I #
point $-1 -1 $-1 75.00000000000002842 0 350 #
coedge $-1 -1 $-1 $3961 $4056 $3161 $3577 forward $3502 $-1 #
edge $-1 -1 $-1 $3167 0 $3163 8.766523051766103691 $3576 $4057 forward @7 unknown #
edge $-1 -1 $-1 $3163 -1.55269164833036033 $4058 0.540419500270582942 $3573 $4059 forward @7 tangent #
point $-1 -1 $-1 37.41657386773941596 0 414.9999999999998863 #
edge $-1 -1 $-1 $4060 -0.5404195002705831641 $3167 0.5404195002705832751 $4044 $4061 forward @7 tangent #
point $-1 -1 $-1 -40.00000000000001421 -10 424.9999999999998863 #
coedge $4062 -1 $-1 $3176 $4063 $3178 $3593 reversed $3169 $-1 #
point $-1 -1 $-1 15.00000000000002309 -44.99999999999997158 -44.99999999999994316 #
coedge $-1 -1 $-1 $4064 $4065 $3173 $3585 reversed $3608 $-1 #
edge $-1 -1 $-1 $3587 0 $3590 2.000000029802322388 $3173 $4066 forward @7 unknown #
coedge $-1 -1 $-1 $3174 $3613 $4064 $4067 forward $2824 $-1 #
vertex $-1 -1 $-1 $3175 $4068 #
straight-curve $-1 -1 $-1 10.0000001490116226 -70.00000014901161194 -44.99999999999994316 -6.212279628615471331e-29 -2.366582715663033174e-29 -10.00000000000001243 I I #
coedge $-1 -1 $-1 $4063 $3176 $4065 $4069 forward $3169 $-1 #
vertex $-1 -1 $-1 $3585 $4070 #
straight-curve $-1 -1 $-1 -10.00000014901162615 -70.00000014901161194 -44.99999999999994316 -6.212279628615471331e-29 -2.366582715663033174e-29 -10.00000000000001243 I I #
coedge $-1 -1 $-1 $3179 $3178 $3610 $4071 forward $2372 $-1 #
edge $-1 -1 $-1 $3181 -0.5000000074505805969 $4072 1.500000022351741791 $3178 $4073 forward @7 unknown #
edge $-1 -1 $-1 $4074 -0.5000000074505805969 $3180 1.500000022351741791 $3179 $4075 forward @7 unknown #
point $-1 -1 $-1 10.0000001490116226 -70.00000014901161194 -44.99999999999994316 #
point $-1 -1 $-1 -10.00000014901162615 -70.00000014901161194 -44.99999999999994316 #
point $-1 -1 $-1 15.00000000000002132 -55.99999999999997868 -54.65138140769180097 #
loop $-1 -1 $-1 $-1 $3601 $2803 #
coedge $-1 -1 $-1 $3599 $3599 $3203 $3611 reversed $3189 $-1 #
coedge $-1 -1 $-1 $3600 $3600 $3193 $3603 forward $3190 $-1 #
coedge $-1 -1 $-1 $3601 $3601 $3191 $3602 reversed $3598 $-1 #
edge $-1 -1 $-1 $4076 -3.141592653589793116 $4076 3.141592653589793116 $3601 $4077 forward @7 unknown #
edge $-1 -1 $-1 $4078 -3.141592653589793116 $4078 3.141592653589793116 $3193 $4079 forward @7 unknown #
vertex $-1 -1 $-1 $3196 $4080 #
ellipse-curve $-1 -1 $-1 10.00000014901162437 -59.99999999999998579 -54.65138140769180097 1 -2.832769448823915359e-16 -6.212279628615462362e-30 -8.49830834647176925e-16 -3.000000000000007994 7.099748146989114656e-30 1 I I #
point $-1 -1 $-1 14.00000000000001599 -56.99999999999997868 -54.65138140769180097 #
DXID-attrib $-1 -1 $-1 $-1 $3200 @10 ASM ENTITY @2 21 #
loop $-1 -1 $-1 $-1 $4065 $3200 #
plane-surface $-1 -1 $-1 1.626600557437788636e-30 -59.99999999999998579 -74.99999999999998579 -6.212279628615463063e-30 -2.366582715663030161e-30 -1 -10.00000000000001243 2.832769448823919007e-15 6.21227962861547021e-29 forward_v I I I I #
coedge $4081 -1 $-1 $4082 $4083 $3592 $4071 reversed $3202 $-1 #
edge $-1 -1 $-1 $4084 -3.141592653589793116 $4084 3.141592653589793116 $3203 $4085 forward @7 unknown #
ATTRIB_CUSTOM-attrib $-1 -1 $-1 $-1 $3204 @17 sketch_attrib_def 1 1 3 @13 178 0 1 0 1 1 #
coedge $-1 -1 $-1 $3586 $3204 $4083 $4086 forward $2824 $-1 #
coedge $-1 -1 $-1 $4087 $4088 $3206 $3615 forward $4089 $-1 #
edge $-1 -1 $-1 $3624 -1.5 $3619 1.5 $3614 $4090 forward @7 unknown #
coedge $-1 -1 $-1 $4091 $3207 $3212 $3630 forward $3618 $-1 #
coedge $-1 -1 $-1 $3207 $4091 $4087 $4092 forward $3618 $-1 #
loop $-1 -1 $-1 $4093 $3207 $2842 #
vertex $-1 -1 $-1 $3208 $4094 #
straight-curve $-1 -1 $-1 -31.56723383674066952 -75 -185.2655795317605509 8.485000167580706076 -2.384943802758274799e-15 -5.291953529289123992 I I #
coedge $4095 -1 $-1 $4096 $3209 $4088 $4097 reversed $3623 $-1 #
coedge $4098 -1 $-1 $3209 $4096 $3211 $3628 forward $3623 $-1 #
loop $-1 -1 $-1 $4099 $3209 $4100 #
vertex $-1 -1 $-1 $3210 $4101 #
straight-curve $-1 -1 $-1 -31.56723383674065886 -44.99999999999997158 -185.2655795317605509 -8.485000167580706076 2.384943802758274799e-15 5.291953529289123992 I I #
ATTRIB_CUSTOM-attrib $-1 -1 $-1 $-1 $3211 @17 sketch_attrib_def 1 1 3 @13 218 0 1 0 1 1 #
coedge $-1 -1 $-1 $4102 $3211 $4103 $4104 forward $2837 $-1 #
edge $-1 -1 $-1 $4105 -8.96513811841744257 $3214 -3 $3211 $4106 forward @7 unknown #
coedge $-1 -1 $-1 $3212 $4107 $4108 $4109 forward $2837 $-1 #
edge $-1 -1 $-1 $3213 3 $4110 8.96513811841744257 $3212 $4111 forward @7 unknown #
point $-1 -1 $-1 -18.83973358536960774 -75.00000000000001421 -193.2035098256942263 #
point $-1 -1 $-1 -18.83973358536960063 -44.99999999999997868 -193.2035098256942263 #
DXID-attrib $-1 -1 $-1 $-1 $3217 @10 ASM ENTITY @2 34 #
face $4112 -1 $-1 $4113 $4089 $38 $-1 $4114 forward single #
loop $-1 -1 $-1 $-1 $4115 $3217 #
cone-surface $-1 -1 $-1 -1.873501354054951031e-14 -60 -134.6513814076919573 2.810776376729614071e-16 1 -1.551834409292681599e-30 -7.937930293933684212 2.231174695031496719e-15 -12.72750025137106 1 I I 0 1 15.00000000000001599 forward I I I I #
coedge $-1 -1 $-1 $4116 $4117 $4118 $4119 reversed $3218 $-1 #
DXID-attrib $-1 -1 $-1 $-1 $3222 @10 ASM ENTITY @2 16 #
face $4120 -1 $-1 $4121 $4122 $38 $-1 $4123 forward single #
loop $-1 -1 $-1 $4124 $4125 $3222 #
cone-surface $-1 -1 $-1 -0.5122551174829469423 -75.00000000000001421 -144.9210266723292762 -2.810776376729614071e-16 -1 1.551834409292681599e-30 -1.091465415415882045 3.067865205668309616e-16 -1.750031284563520861 1 I I 0 -1 2.062500000000002665 forward I I I I #
loop $-1 -1 $-1 $3618 $4126 $2842 #
coedge $-1 -1 $-1 $3643 $3643 $4127 $4128 forward $3223 $-1 #
ATTRIB_CUSTOM-attrib $-1 -1 $-1 $-1 $3226 @17 sketch_attrib_def 1 1 3 @13 138 0 0 0 1 1 #
coedge $-1 -1 $-1 $3645 $3645 $3226 $3646 forward $4093 $-1 #
edge $-1 -1 $-1 $4129 -3.141592653589793116 $4129 3.141592653589793116 $3645 $4130 forward @7 unknown #
vertex $-1 -1 $-1 $3228 $4131 #
ellipse-curve $-1 -1 $-1 -10.20838924337752474 -92.00000000000002842 -138.873709030069449 -2.810776376729614071e-16 -1 1.551834409292681599e-30 -1.653735477902851247 4.64828061464895232e-16 -2.65156255236897076 1 I I #
loop $-1 -1 $-1 $-1 $3230 $4132 #
vertex $-1 -1 $-1 $3231 $4133 #
ellipse-curve $-1 -1 $-1 -10.20838924337751941 -75.00000000000001421 -138.873709030069449 -2.810776376729614071e-16 -1 1.551834409292681599e-30 -1.091465415415882045 3.067865205668309616e-16 -1.750031284563520861 1 I I #
point $-1 -1 $-1 -9.116923827961642246 -92.00000000000002842 -137.1236777455059155 #
coedge $-1 -1 $-1 $3241 $4134 $3243 $3664 reversed $3234 $-1 #
point $-1 -1 $-1 15.00000000000002309 -224.9999999999999432 -44.99999999999997158 #
coedge $-1 -1 $-1 $4135 $4136 $3238 $3656 reversed $3679 $-1 #
edge $-1 -1 $-1 $3658 0 $3661 2.000000029802322388 $3238 $4137 forward @7 unknown #
coedge $-1 -1 $-1 $3239 $3683 $4135 $4138 forward $2891 $-1 #
vertex $-1 -1 $-1 $3240 $4139 #
straight-curve $-1 -1 $-1 10.0000001490116226 -250.0000001490115551 -44.99999999999997158 1.594897878183755986e-28 -1.57772181044214132e-29 -10.00000000000001243 I I #
coedge $-1 -1 $-1 $4134 $3241 $4136 $4140 forward $3234 $-1 #
vertex $-1 -1 $-1 $3656 $4141 #
straight-curve $-1 -1 $-1 -10.00000014901162615 -250.0000001490115551 -44.99999999999997158 1.594897878183755986e-28 -1.57772181044214132e-29 -10.00000000000001243 I I #
coedge $-1 -1 $-1 $3244 $3243 $3681 $4142 forward $2451 $-1 #
edge $-1 -1 $-1 $3246 -0.5000000074505805969 $4143 1.500000022351741791 $3243 $4144 forward @7 unknown #
edge $-1 -1 $-1 $4145 -0.5000000074505805969 $3245 1.500000022351741791 $3244 $4146 forward @7 unknown #
point $-1 -1 $-1 10.0000001490116226 -250.0000001490115551 -44.99999999999997158 #
point $-1 -1 $-1 -10.00000014901162615 -250.0000001490115551 -44.99999999999997158 #
point $-1 -1 $-1 15.00000000000002132 -235.9999999999999432 -54.65138140769182939 #
loop $-1 -1 $-1 $-1 $3672 $2871 #
coedge $-1 -1 $-1 $3670 $3670 $3268 $3682 reversed $3254 $-1 #
coedge $-1 -1 $-1 $3671 $3671 $3258 $3674 forward $3255 $-1 #
coedge $-1 -1 $-1 $3672 $3672 $3256 $3673 reversed $3669 $-1 #
edge $-1 -1 $-1 $4147 -3.141592653589793116 $4147 3.141592653589793116 $3672 $4148 forward @7 unknown #
edge $-1 -1 $-1 $4149 -3.141592653589793116 $4149 3.141592653589793116 $3258 $4150 forward @7 unknown #
vertex $-1 -1 $-1 $3261 $4151 #
ellipse-curve $-1 -1 $-1 10.00000014901162437 -239.9999999999999432 -54.65138140769182939 1 -2.83276944882392522e-16 1.594897878183754025e-29 -8.498308346471798832e-16 -3.000000000000007994 4.733165431326416253e-30 1 I I #
point $-1 -1 $-1 14.00000000000001599 -236.9999999999999432 -54.65138140769182939 #
DXID-attrib $-1 -1 $-1 $-1 $3265 @10 ASM ENTITY @2 21 #
loop $-1 -1 $-1 $-1 $4136 $3265 #
plane-surface $-1 -1 $-1 1.538250742608667178e-29 -239.9999999999999432 -75.00000000000001421 1.594897878183754025e-29 -1.577721810442139218e-30 -1 -10.00000000000001243 2.832769448823928868e-15 -1.594897878183755986e-28 forward_v I I I I #
coedge $-1 -1 $-1 $4152 $4153 $3663 $4142 reversed $3267 $-1 #
edge $-1 -1 $-1 $4154 -3.141592653589793116 $4154 3.141592653589793116 $3268 $4155 forward @7 unknown #
coedge $-1 -1 $-1 $3657 $3269 $4153 $4156 forward $2891 $-1 #
coedge $-1 -1 $-1 $4157 $4158 $3271 $3685 forward $4159 $-1 #
edge $-1 -1 $-1 $3694 -1.5 $3689 1.5 $3684 $4160 forward @7 unknown #
coedge $-1 -1 $-1 $4161 $3272 $3277 $3699 forward $3688 $-1 #
coedge $-1 -1 $-1 $3272 $4161 $4157 $4162 forward $3688 $-1 #
loop $-1 -1 $-1 $4163 $3272 $2909 #
vertex $-1 -1 $-1 $3273 $4164 #
straight-curve $-1 -1 $-1 48.77871809672067371 -255 -168.9868436105892329 5.756021301204917506 -1.630548128883289075e-15 8.177298990502638532 I I #
coedge $-1 -1 $-1 $4165 $3274 $4158 $4166 reversed $3693 $-1 #
coedge $-1 -1 $-1 $3274 $4165 $3276 $3697 forward $3693 $-1 #
loop $-1 -1 $-1 $4167 $3274 $4168 #
vertex $-1 -1 $-1 $3275 $4169 #
straight-curve $-1 -1 $-1 48.77871809672067371 -224.9999999999999716 -168.9868436105892329 -5.756021301204917506 1.630548128883289075e-15 -8.177298990502638532 I I #
coedge $-1 -1 $-1 $4170 $3276 $4171 $4172 forward $2904 $-1 #
edge $-1 -1 $-1 $4173 -8.96513811841744257 $3279 -3 $3276 $4174 forward @7 unknown #
coedge $-1 -1 $-1 $3277 $4175 $4176 $4177 forward $2904 $-1 #
edge $-1 -1 $-1 $3278 3 $4178 8.96513811841744257 $3277 $4179 forward @7 unknown #
point $-1 -1 $-1 57.41275004852804642 -255 -156.7208951248352662 #
point $-1 -1 $-1 57.41275004852804642 -224.9999999999999716 -156.7208951248352662 #
DXID-attrib $-1 -1 $-1 $-1 $3282 @10 ASM ENTITY @2 34 #
face $4180 -1 $-1 $4181 $4159 $42 $-1 $4182 forward single #
loop $-1 -1 $-1 $-1 $4183 $3282 #
cone-surface $-1 -1 $-1 2.900457651833221462e-14 -239.9999999999999716 -134.6513814076919004 2.832769448823924727e-16 1 -1.618242741091558582e-30 12.26594848575395957 -3.474660413129204004e-15 -8.634031951807374483 1 I I 0 1 15.00000000000001599 forward I I I I #
coedge $-1 -1 $-1 $4184 $4185 $4186 $4187 reversed $3283 $-1 #
DXID-attrib $-1 -1 $-1 $-1 $3287 @10 ASM ENTITY @2 16 #
face $4188 -1 $-1 $4189 $4190 $42 $-1 $4191 forward single #
loop $-1 -1 $-1 $4192 $4193 $3287 #
cone-surface $-1 -1 $-1 10.2252134248084694 -255 -135.7344463106374803 -2.832769448823924727e-16 -1 1.618242741091558582e-30 1.686567916791169797 -4.777658068052656196e-16 -1.187179393373514413 1 I I 0 -1 2.062500000000002665 forward I I I I #
loop $-1 -1 $-1 $3688 $4194 $2909 #
coedge $-1 -1 $-1 $3712 $3712 $4195 $4196 forward $3288 $-1 #
coedge $-1 -1 $-1 $3713 $3713 $3291 $3714 forward $4163 $-1 #
edge $-1 -1 $-1 $4197 -3.141592653589793116 $4197 3.141592653589793116 $3713 $4198 forward @7 unknown #
vertex $-1 -1 $-1 $3293 $4199 #
ellipse-curve $-1 -1 $-1 3.647587795379362952 -272 -145.0789585361526122 -2.832769448823924727e-16 -1 1.618242741091558582e-30 2.555405934532075207 -7.238875860685841347e-16 -1.798756656626536721 1 I I #
loop $-1 -1 $-1 $-1 $3294 $4200 #
vertex $-1 -1 $-1 $3295 $4201 #
ellipse-curve $-1 -1 $-1 3.647587795379367392 -255 -145.0789585361526122 -2.832769448823924727e-16 -1 1.618242741091558582e-30 1.686567916791169797 -4.777658068052656196e-16 -1.187179393373514413 1 I I #
point $-1 -1 $-1 1.961019878588192711 -272 -143.8917791427791144 #
coedge $-1 -1 $-1 $3305 $4202 $3307 $3732 reversed $3298 $-1 #
point $-1 -1 $-1 -18.83973358536918141 -45.00000000000001421 -193.2035098256935726 #
coedge $-1 -1 $-1 $4203 $4204 $3302 $3724 reversed $3747 $-1 #
edge $-1 -1 $-1 $3726 0 $3729 2.000000029802322388 $3302 $4205 forward @7 unknown #
coedge $-1 -1 $-1 $3303 $3751 $4203 $4206 forward $2958 $-1 #
vertex $-1 -1 $-1 $3304 $4207 #
straight-curve $-1 -1 $-1 -23.08223354272317351 -70.00000014901165457 -190.5575331399052743 -5.291953529289123992 1.487449796687671448e-15 -8.485000167580706076 I I #
coedge $-1 -1 $-1 $4202 $3305 $4204 $4208 forward $3298 $-1 #
vertex $-1 -1 $-1 $3724 $4209 #
straight-curve $-1 -1 $-1 -40.05223413075729866 -70.00000014901164036 -179.9736259236145202 -5.291953529289123992 1.487449796687671448e-15 -8.485000167580706076 I I #
coedge $-1 -1 $-1 $3308 $3307 $3749 $4210 forward $2529 $-1 #
edge $-1 -1 $-1 $3310 -0.5000000074505805969 $4211 1.500000022351741791 $3307 $4212 forward @7 unknown #
edge $-1 -1 $-1 $4213 -0.5000000074505805969 $3309 1.500000022351741791 $3308 $4214 forward @7 unknown #
point $-1 -1 $-1 -23.08223354272317351 -70.00000014901165457 -190.5575331399052743 #
point $-1 -1 $-1 -40.05223413075729866 -70.00000014901164036 -179.9736259236145202 #
point $-1 -1 $-1 -23.94719977566421676 -56.00000000000002132 -201.3927071118586412 #
loop $-1 -1 $-1 $-1 $3740 $2938 #
coedge $-1 -1 $-1 $3738 $3738 $3332 $3750 reversed $3318 $-1 #
coedge $-1 -1 $-1 $3739 $3739 $3322 $3742 forward $3319 $-1 #
coedge $-1 -1 $-1 $3740 $3740 $3320 $3741 reversed $3737 $-1 #
edge $-1 -1 $-1 $4215 -3.141592653589793116 $4215 3.141592653589793116 $3740 $4216 forward @7 unknown #
edge $-1 -1 $-1 $4217 -3.141592653589793116 $4217 3.141592653589793116 $3322 $4218 forward @7 unknown #
vertex $-1 -1 $-1 $3325 $4219 #
ellipse-curve $-1 -1 $-1 -28.18969973301820886 -60.00000000000002842 -198.7467304260703145 0.8485000167580697417 -2.384943802758270953e-16 -0.5291953529289118441 -8.432329130188870316e-16 -3.00000000000000755 2.681369190049441976e-30 1 I I #
point $-1 -1 $-1 -24.79569979242228328 -57.00000000000002132 -200.8635117589297181 #
DXID-attrib $-1 -1 $-1 $-1 $3329 @10 ASM ENTITY @2 21 #
loop $-1 -1 $-1 $-1 $4204 $3329 #
plane-surface $-1 -1 $-1 -47.44309442460761517 -60.00000000000002132 -210.7205800345020066 -0.5291953529289118441 1.48744979668766987e-16 -0.8485000167580697417 -8.485000167580706076 2.384943802758273615e-15 5.291953529289123992 forward_v I I I I #
coedge $-1 -1 $-1 $4220 $4221 $3731 $4210 reversed $3331 $-1 #
edge $-1 -1 $-1 $4222 -3.141592653589793116 $4222 3.141592653589793116 $3332 $4223 forward @7 unknown #
coedge $-1 -1 $-1 $3725 $3333 $4221 $4224 forward $2958 $-1 #
coedge $-1 -1 $-1 $4225 $4226 $3335 $3753 forward $4227 $-1 #
edge $-1 -1 $-1 $3762 -1.5 $3757 1.5 $3752 $4228 forward @7 unknown #
coedge $-1 -1 $-1 $4229 $3336 $3341 $3767 forward $3756 $-1 #
coedge $-1 -1 $-1 $3336 $4229 $4225 $4230 forward $3756 $-1 #
loop $-1 -1 $-1 $4231 $3336 $2976 #
vertex $-1 -1 $-1 $3337 $4232 #
straight-curve $-1 -1 $-1 -131.6554537532036875 -75.00000000000002842 -289.384342607822191 4.70224893159555446 -1.658727809094314303e-16 -8.825466275801451488 I I #
coedge $-1 -1 $-1 $4233 $3338 $4226 $4234 reversed $3761 $-1 #
coedge $-1 -1 $-1 $3338 $4233 $3340 $3765 forward $3761 $-1 #
loop $-1 -1 $-1 $4235 $3338 $4236 #
vertex $-1 -1 $-1 $3339 $4237 #
straight-curve $-1 -1 $-1 -131.6554537532036875 -44.99999999999999289 -289.384342607822191 -4.70224893159555446 1.658727809094314303e-16 8.825466275801451488 I I #
coedge $-1 -1 $-1 $4238 $3340 $4239 $4240 forward $2971 $-1 #
edge $-1 -1 $-1 $4241 -8.96513811841744257 $3343 -3 $3340 $4242 forward @7 unknown #
coedge $-1 -1 $-1 $3341 $4243 $4244 $4245 forward $2971 $-1 #
edge $-1 -1 $-1 $3342 3 $4246 8.96513811841744257 $3341 $4247 forward @7 unknown #
point $-1 -1 $-1 -124.6020803558103438 -75.00000000000002842 -302.6225420215243958 #
point $-1 -1 $-1 -124.6020803558103438 -44.99999999999999289 -302.6225420215243958 #
DXID-attrib $-1 -1 $-1 $-1 $3346 @10 ASM ENTITY @2 34 #
face $4248 -1 $-1 $4249 $4227 $46 $-1 $4250 forward single #
loop $-1 -1 $-1 $-1 $4251 $3346 #
cone-surface $-1 -1 $-1 -79.01032826134826337 -60.00000000000001421 -261.3347781585704297 8.104698438784292051e-17 1 2.438741570261104518e-17 -13.23819941370217812 1.2449296903534408e-15 -7.053373397393333022 1 I I 0 1 15.00000000000001776 forward I I I I #
coedge $-1 -1 $-1 $4252 $4253 $4254 $4255 reversed $3347 $-1 #
DXID-attrib $-1 -1 $-1 $-1 $3351 @10 ASM ENTITY @2 16 #
face $4256 -1 $-1 $4257 $4258 $46 $-1 $4259 forward single #
loop $-1 -1 $-1 $4260 $4261 $3351 #
cone-surface $-1 -1 $-1 -84.58877683862571928 -75.00000000000002842 -269.9724242868594501 -8.104698438784292051e-17 -1 -2.438741570261104518e-17 -1.820252419384049691 1.711778324235981297e-16 -0.9698388421415834459 1 I I 0 -1 2.062500000000003109 forward I I I I #
loop $-1 -1 $-1 $3756 $4262 $2976 #
coedge $-1 -1 $-1 $3780 $3780 $4263 $4264 forward $3352 $-1 #
coedge $-1 -1 $-1 $3781 $3781 $3355 $3782 forward $4231 $-1 #
edge $-1 -1 $-1 $4265 -3.141592653589793116 $4265 3.141592653589793116 $3781 $4266 forward @7 unknown #
vertex $-1 -1 $-1 $3357 $4267 #
ellipse-curve $-1 -1 $-1 -89.96221648902172774 -92.00000000000005684 -259.8872265209613488 -8.104698438784292051e-17 -1 -2.438741570261104518e-17 -2.757958211187953701 2.593603521569668168e-16 -1.469452791123610824 1 I I #
loop $-1 -1 $-1 $-1 $3358 $4268 #
vertex $-1 -1 $-1 $3359 $4269 #
ellipse-curve $-1 -1 $-1 -89.96221648902172774 -75.00000000000002842 -259.8872265209613488 -8.104698438784292051e-17 -1 -2.438741570261104518e-17 -1.820252419384049691 1.711778324235981297e-16 -0.9698388421415834459 1 I I #
point $-1 -1 $-1 -88.14196406963768027 -92.00000000000005684 -258.9173876788197504 #
coedge $-1 -1 $-1 $3369 $4270 $3371 $3800 reversed $3362 $-1 #
point $-1 -1 $-1 57.41275004852779773 -224.9999999999999432 -156.7208951248351525 #
coedge $-1 -1 $-1 $4271 $4272 $3366 $3792 reversed $3815 $-1 #
edge $-1 -1 $-1 $3794 0 $3797 2.000000029802322388 $3366 $4273 forward @7 unknown #
coedge $-1 -1 $-1 $3367 $3819 $4271 $4274 forward $3025 $-1 #
vertex $-1 -1 $-1 $3368 $4275 #
straight-curve $-1 -1 $-1 54.53473948369673963 -250.0000001490115835 -160.8095444982351978 8.177298990502640308 -2.316440275419468679e-15 -5.75602130120491573 I I #
coedge $-1 -1 $-1 $4270 $3369 $4272 $4276 forward $3362 $-1 #
vertex $-1 -1 $-1 $3792 $4277 #
straight-curve $-1 -1 $-1 43.02269670974411042 -250.0000001490115835 -177.1641427229429837 8.177298990502640308 -2.316440275419468679e-15 -5.75602130120491573 I I #
coedge $-1 -1 $-1 $3372 $3371 $3817 $4278 forward $2607 $-1 #
edge $-1 -1 $-1 $3374 -0.5000000074505805969 $4279 1.500000022351741791 $3371 $4280 forward @7 unknown #
edge $-1 -1 $-1 $4281 -0.5000000074505805969 $3373 1.500000022351741791 $3372 $4282 forward @7 unknown #
point $-1 -1 $-1 54.53473948369673963 -250.0000001490115835 -160.8095444982351978 #
point $-1 -1 $-1 43.02269670974411042 -250.0000001490115835 -177.1641427229429837 #
point $-1 -1 $-1 65.30497319273524681 -235.9999999999999432 -162.2762508217078903 #
loop $-1 -1 $-1 $-1 $3808 $3005 #
coedge $-1 -1 $-1 $3806 $3806 $3396 $3818 reversed $3382 $-1 #
coedge $-1 -1 $-1 $3807 $3807 $3386 $3810 forward $3383 $-1 #
coedge $-1 -1 $-1 $3808 $3808 $3384 $3809 reversed $3805 $-1 #
edge $-1 -1 $-1 $4283 -3.141592653589793116 $4283 3.141592653589793116 $3808 $4284 forward @7 unknown #
edge $-1 -1 $-1 $4285 -3.141592653589793116 $4285 3.141592653589793116 $3386 $4286 forward @7 unknown #
vertex $-1 -1 $-1 $3389 $4287 #
ellipse-curve $-1 -1 $-1 62.42696262790418871 -239.9999999999999432 -166.364900195107964 0.5756021301204909957 -1.63054812888328666e-16 0.8177298990502631648 -8.498308346471792915e-16 -3.00000000000000755 4.797549918289685509e-30 1 I I #
point $-1 -1 $-1 64.72937106261474582 -236.9999999999999432 -163.0939807207581396 #
DXID-attrib $-1 -1 $-1 $-1 $3393 @10 ASM ENTITY @2 21 #
loop $-1 -1 $-1 $-1 $4272 $3393 #
plane-surface $-1 -1 $-1 73.31061506822834417 -239.9999999999999716 -186.2549075142038646 0.8177298990502631648 -2.316440275419466115e-16 -0.5756021301204909957 -5.75602130120491573 1.630548128883288484e-15 -8.177298990502640308 forward_v I I I I #
coedge $-1 -1 $-1 $4288 $4289 $3799 $4278 reversed $3395 $-1 #
edge $-1 -1 $-1 $4290 -3.141592653589793116 $4290 3.141592653589793116 $3396 $4291 forward @7 unknown #
coedge $-1 -1 $-1 $3793 $3397 $4289 $4292 forward $3025 $-1 #
coedge $-1 -1 $-1 $4293 $4294 $3399 $3821 forward $4295 $-1 #
edge $-1 -1 $-1 $3830 -1.5 $3825 1.5 $3820 $4296 forward @7 unknown #
coedge $-1 -1 $-1 $4297 $3400 $3405 $3835 forward $3824 $-1 #
coedge $-1 -1 $-1 $3400 $4297 $4293 $4298 forward $3824 $-1 #
loop $-1 -1 $-1 $4299 $3400 $3043 #
vertex $-1 -1 $-1 $3401 $4300 #
straight-curve $-1 -1 $-1 137.3855894285260888 -254.9999999999999147 -278.2472153485169315 9.665634604059837542 -2.738051440987594025e-15 2.564275277890662341 I I #
coedge $-1 -1 $-1 $4301 $3402 $4294 $4302 reversed $3829 $-1 #
coedge $-1 -1 $-1 $3402 $4301 $3404 $3833 forward $3829 $-1 #
loop $-1 -1 $-1 $4303 $3402 $4304 #
vertex $-1 -1 $-1 $3403 $4305 #
straight-curve $-1 -1 $-1 137.3855894285260888 -224.9999999999998863 -278.2472153485169315 -9.665634604059837542 2.738051440987594025e-15 -2.564275277890662341 I I #
coedge $-1 -1 $-1 $4306 $3404 $4307 $4308 forward $3038 $-1 #
edge $-1 -1 $-1 $4309 -8.96513811841744257 $3407 -3 $3404 $4310 forward @7 unknown #
coedge $-1 -1 $-1 $3405 $4311 $4312 $4313 forward $3038 $-1 #
edge $-1 -1 $-1 $3406 3 $4314 8.96513811841744257 $3405 $4315 forward @7 unknown #
point $-1 -1 $-1 151.88404133461583 -254.9999999999999147 -274.4008024316809156 #
point $-1 -1 $-1 151.8840413346158584 -224.9999999999998863 -274.4008024316809156 #
DXID-attrib $-1 -1 $-1 $-1 $3410 @10 ASM ENTITY @2 34 #
face $4316 -1 $-1 $4317 $4295 $50 $-1 $4318 forward single #
loop $-1 -1 $-1 $-1 $4319 $3410 #
cone-surface $-1 -1 $-1 122.0893331649489966 -239.9999999999998863 -220.5903697171011402 2.83276944882391881e-16 1 -1.649216336426407009e-30 3.846412916835995066 -1.089600099837494236e-15 -14.4984519060897572 1 I I 0 1 15.00000000000001599 forward I I I I #
coedge $-1 -1 $-1 $4320 $4321 $4322 $4323 reversed $3411 $-1 #
DXID-attrib $-1 -1 $-1 $-1 $3415 @10 ASM ENTITY @2 16 #
face $4324 -1 $-1 $4325 $4326 $50 $-1 $4327 forward single #
loop $-1 -1 $-1 $4328 $4329 $3415 #
cone-surface $-1 -1 $-1 129.2261203886293117 -254.9999999999999147 -227.9926860634071204 -2.83276944882391881e-16 -1 1.649216336426407009e-30 0.5288817760649492383 -1.498200137276554008e-16 -1.993537137087341815 1 I I 0 -1 2.062500000000002665 forward I I I I #
loop $-1 -1 $-1 $3824 $4330 $3043 #
coedge $-1 -1 $-1 $3848 $3848 $4331 $4332 forward $3416 $-1 #
coedge $-1 -1 $-1 $3849 $3849 $3419 $3850 forward $4299 $-1 #
edge $-1 -1 $-1 $4333 -3.141592653589793116 $4333 3.141592653589793116 $3849 $4334 forward @7 unknown #
vertex $-1 -1 $-1 $3421 $4335 #
ellipse-curve $-1 -1 $-1 118.1808301491626452 -271.9999999999999432 -230.9229814716667022 -2.83276944882391881e-16 -1 1.649216336426407009e-30 0.8013360243408319539 -2.270000207994778755e-16 -3.020510813768698899 1 I I #
loop $-1 -1 $-1 $-1 $3422 $4336 #
vertex $-1 -1 $-1 $3423 $4337 #
ellipse-curve $-1 -1 $-1 118.1808301491626452 -254.9999999999998863 -230.9229814716667022 -2.83276944882391881e-16 -1 1.649216336426407009e-30 0.5288817760649492383 -1.498200137276554008e-16 -1.993537137087341815 1 I I #
point $-1 -1 $-1 117.6519483730976958 -271.9999999999999432 -228.9294443345793582 #
DXID-attrib $-1 -1 $-1 $-1 $3427 @10 ASM ENTITY @2 18 #
face $4338 -1 $-1 $4339 $3876 $52 $-1 $4340 forward single #
loop $-1 -1 $-1 $-1 $3868 $3427 #
cone-surface $-1 -1 $-1 -158.6634023240831937 -59.99999999999994316 -334.3930743419174405 0.8825466275801437943 -8.299531269023102025e-17 0.4702248931595550685 -2.431409531635330633e-15 -29.99999999999999289 -7.316224710783611165e-16 1 I I 0 1 29.99999999999999289 forward I I I I #
coedge $-1 -1 $-1 $3441 $3440 $3430 $3864 reversed $3428 $-1 #
coedge $-1 -1 $-1 $3433 $3430 $4341 $4342 forward $3055 $-1 #
coedge $-1 -1 $-1 $3430 $3433 $4343 $4344 forward $3055 $-1 #
edge $-1 -1 $-1 $4345 0 $4346 1.570796326794896558 $3430 $4347 forward @7 tangent #
coedge $-1 -1 $-1 $3432 $3431 $3435 $3873 reversed $2677 $-1 #
coedge $-1 -1 $-1 $4341 $3438 $3431 $3867 reversed $3880 $-1 #
edge $-1 -1 $-1 $3871 -1.570796326794896558 $3881 1.570796326794896558 $3866 $4348 forward @7 tangent #
coedge $-1 -1 $-1 $4349 $4350 $3432 $3869 reversed $3859 $-1 #
edge $-1 -1 $-1 $3877 -1.570796326794896558 $3870 1.570796326794896558 $3868 $4351 forward @7 tangent #
vertex $-1 -1 $-1 $3434 $4352 #
vertex $-1 -1 $-1 $3434 $4353 #
ellipse-curve $-1 -1 $-1 -154.2506691861824777 -84.99999999999994316 -332.0419498761196451 0.4702248931595550685 -1.658727809094295074e-17 -0.8825466275801437943 -4.052349219392217886e-16 -4.999999999999999112 -1.219370785130601779e-16 1 F 0 F 1.570796326794896558 #
edge $-1 -1 $-1 $3877 0 $3881 1.570796326794896558 $3435 $4354 forward @7 tangent #
coedge $-1 -1 $-1 $4355 $3436 $4356 $4357 forward $3876 $-1 #
coedge $-1 -1 $-1 $3436 $4355 $4349 $4358 reversed $3876 $-1 #
loop $-1 -1 $-1 $-1 $3436 $3858 #
vertex $-1 -1 $-1 $3437 $4359 #
straight-curve $-1 -1 $-1 -157.1895747684296794 -29.99999999999995026 -326.5260334537437643 4.702248931595550019 -1.658727809094294828e-16 -8.825466275801435501 F -2.425000999999999962 F 1.175001000000000406 #
coedge $-1 -1 $-1 $3438 $4341 $3440 $3883 reversed $3880 $-1 #
loop $-1 -1 $-1 $-1 $3438 $4339 #
vertex $-1 -1 $-1 $3873 $4360 #
straight-curve $-1 -1 $-1 -161.6023079063304237 -34.99999999999994316 -328.8771579195415597 -4.702248931595550019 1.658727809094294828e-16 8.825466275801435501 F -1.175001000000000406 F 2.425000999999999962 #
edge $-1 -1 $-1 $3442 -1.570796326794896558 $4346 1.570796326794896558 $3879 $4361 forward @7 tangent #
coedge $-1 -1 $-1 $4362 $4356 $3441 $3885 reversed $4363 $-1 #
edge $-1 -1 $-1 $4345 -1.570796326794896558 $3443 1.570796326794896558 $3884 $4364 forward @7 tangent #
point $-1 -1 $-1 -170.4190246530720572 -34.99999999999994316 -312.3294086524138606 #
point $-1 -1 $-1 -166.0062915151713412 -29.99999999999995026 -309.9782841866160652 #
coedge $-1 -1 $-1 $4365 $3445 $3448 $3893 reversed $3890 $-1 #
coedge $-1 -1 $-1 $3445 $4365 $3452 $3897 forward $3890 $-1 #
loop $-1 -1 $-1 $-1 $3889 $4366 #
ellipse-curve $-1 -1 $-1 -145.4252029103810457 -59.99999999999994316 -327.339700944524111 -0.8825466275801437943 8.299531269023102025e-17 -0.4702248931595550685 11.75562232898887594 -1.945490451207764883e-15 -22.06366568950359053 1 F -1.792610797291691149 F 1.792610797291690927 #
coedge $-1 -1 $-1 $3448 $3447 $4367 $4368 forward $3449 $-1 #
edge $-1 -1 $-1 $4369 0 $3450 1.570796326794896558 $3448 $4370 forward @7 tangent #
face $4371 -1 $-1 $4366 $3449 $52 $-1 $4372 forward single #
point $-1 -1 $-1 -145.4252029103810457 -84.99999999999994316 -327.339700944524111 #
coedge $-1 -1 $-1 $3453 $3452 $4355 $4373 forward $3454 $-1 #
edge $-1 -1 $-1 $4374 0 $3455 1.570796326794896558 $3889 $4375 forward @7 tangent #
face $4376 -1 $-1 $4377 $3454 $52 $-1 $4378 forward single #
point $-1 -1 $-1 -145.4252029103810457 -34.99999999999994316 -327.339700944524111 #
coedge $-1 -1 $-1 $4356 $4362 $3457 $3901 reversed $4363 $-1 #
edge $-1 -1 $-1 $3902 -1.570796326794896558 $3904 1.570796326794896558 $3900 $4379 forward @7 tangent #
vertex $-1 -1 $-1 $4357 $4380 #
ellipse-curve $-1 -1 $-1 -161.5935583772706252 -34.99999999999994316 -307.6271597208183266 -0.4702248931595550685 1.658727809094295074e-17 0.8825466275801437943 4.41273313790071775 -4.149765634511550519e-16 2.351124465797775009 1 F 0 F 1.570796326794896558 #
vertex $-1 -1 $-1 $3901 $4381 #
ellipse-curve $-1 -1 $-1 -161.5935583772706252 -84.99999999999994316 -307.6271597208183266 -0.4702248931595550685 9.047656977910682694e-16 0.8825466275801437943 -2.493452934489790585e-15 -4.999999999999999112 3.797357266465974476e-15 1 F 0 F 1.570796326794896558 #
DXID-attrib $-1 -1 $-1 $-1 $3460 @10 ASM ENTITY @2 21 #
torus-surface $-1 -1 $-1 -161.5935583772706252 -59.99999999999994316 -307.6271597208183266 0.8825466275801437943 -8.299531269023102025e-17 0.4702248931595550685 24.99999999999999645 4.999999999999999112 8.104698438784437497e-17 1 2.43874157026120405e-17 forward_v I I I I #
DXID-attrib $-1 -1 $-1 $-1 $3464 @10 ASM ENTITY @2 18 #
face $4382 -1 $-1 $4383 $3927 $54 $-1 $4384 forward single #
loop $-1 -1 $-1 $-1 $3919 $3464 #
cone-surface $-1 -1 $-1 175.043784138376509 -240.0000000000001705 -314.8132595632532684 -0.2564275277890660787 7.264000665583214955e-17 0.9665634604059828439 -8.498308346471761361e-15 -30.00000000000001421 2.64994607707709895e-29 1 I I 0 1 30.00000000000001421 forward I I I I #
coedge $-1 -1 $-1 $3478 $3477 $3467 $3915 reversed $3465 $-1 #
coedge $-1 -1 $-1 $3470 $3467 $4385 $4386 forward $3077 $-1 #
coedge $-1 -1 $-1 $3467 $3470 $4387 $4388 forward $3077 $-1 #
edge $-1 -1 $-1 $4389 0 $4390 1.570796326794896558 $3467 $4391 forward @7 tangent #
coedge $-1 -1 $-1 $3469 $3468 $3472 $3924 reversed $2698 $-1 #
coedge $-1 -1 $-1 $4385 $3475 $3468 $3918 reversed $3931 $-1 #
edge $-1 -1 $-1 $3922 -1.570796326794896558 $3932 1.570796326794896558 $3917 $4392 forward @7 tangent #
coedge $-1 -1 $-1 $4393 $4394 $3469 $3920 reversed $3910 $-1 #
edge $-1 -1 $-1 $3928 -1.570796326794896558 $3921 1.570796326794896558 $3919 $4395 forward @7 tangent #
vertex $-1 -1 $-1 $3471 $4396 #
vertex $-1 -1 $-1 $3471 $4397 #
ellipse-curve $-1 -1 $-1 173.7616464994311798 -265.0000000000001705 -309.9804422612233452 0.9665634604059828439 -2.738051440987593926e-16 0.2564275277890660787 -1.41638472441196049e-15 -5.000000000000002665 4.41657679512849825e-30 1 F 0 F 1.570796326794896558 #
edge $-1 -1 $-1 $3928 0 $3932 1.570796326794896558 $3472 $4398 forward @7 tangent #
coedge $-1 -1 $-1 $4399 $3473 $4400 $4401 forward $3927 $-1 #
coedge $-1 -1 $-1 $3473 $4399 $4393 $4402 reversed $3927 $-1 #
loop $-1 -1 $-1 $-1 $3473 $3909 #
vertex $-1 -1 $-1 $3474 $4403 #
straight-curve $-1 -1 $-1 167.72062487189379 -210.0000000000001705 -311.5831143099049996 9.66563460405983399 -2.738051440987595208e-15 2.564275277890662785 F -2.425000999999999962 F 1.175001000000000406 #
coedge $-1 -1 $-1 $3475 $4385 $3477 $3934 reversed $3931 $-1 #
loop $-1 -1 $-1 $-1 $3475 $4383 #
vertex $-1 -1 $-1 $3924 $4404 #
straight-curve $-1 -1 $-1 169.0027625108391192 -215.0000000000001705 -316.4159316119349228 -9.66563460405983399 2.738051440987595208e-15 -2.564275277890662785 F -1.175001000000000406 F 2.425000999999999962 #
edge $-1 -1 $-1 $3479 -1.570796326794896558 $4390 1.570796326794896558 $3930 $4405 forward @7 tangent #
coedge $-1 -1 $-1 $4406 $4400 $3478 $3936 reversed $4407 $-1 #
edge $-1 -1 $-1 $4389 -1.570796326794896558 $3480 1.570796326794896558 $3935 $4408 forward @7 tangent #
point $-1 -1 $-1 150.8796976282269213 -215.0000000000001421 -321.2239477579799427 #
point $-1 -1 $-1 149.5975599892815922 -210.0000000000001421 -316.3911304559500195 #
coedge $-1 -1 $-1 $4409 $3482 $3485 $3944 reversed $3941 $-1 #
coedge $-1 -1 $-1 $3482 $4409 $3489 $3948 forward $3941 $-1 #
loop $-1 -1 $-1 $-1 $3940 $4410 #
ellipse-curve $-1 -1 $-1 171.1973712215405214 -240.0000000000001705 -300.3148076571634988 0.2564275277890660787 -7.264000665583214955e-17 -0.9665634604059828439 24.16408651014958409 -8.375937101403180725e-15 6.410688194726655631 1 F -1.792610797291691149 F 1.792610797291690927 #
coedge $-1 -1 $-1 $3485 $3484 $4411 $4412 forward $3486 $-1 #
edge $-1 -1 $-1 $4413 0 $3487 1.570796326794896558 $3485 $4414 forward @7 tangent #
face $4415 -1 $-1 $4410 $3486 $54 $-1 $4416 forward single #
point $-1 -1 $-1 171.1973712215405214 -265.0000000000001705 -300.3148076571634988 #
coedge $-1 -1 $-1 $3490 $3489 $4399 $4417 forward $3491 $-1 #
edge $-1 -1 $-1 $4418 0 $3492 1.570796326794896558 $3940 $4419 forward @7 tangent #
face $4420 -1 $-1 $4421 $3491 $54 $-1 $4422 forward single #
point $-1 -1 $-1 171.1973712215405214 -215.0000000000001705 -300.3148076571634988 #
coedge $-1 -1 $-1 $4400 $4406 $3494 $3952 reversed $4407 $-1 #
edge $-1 -1 $-1 $3953 -1.570796326794896558 $3955 1.570796326794896558 $3951 $4423 forward @7 tangent #
vertex $-1 -1 $-1 $4401 $4424 #
ellipse-curve $-1 -1 $-1 148.315422350336263 -215.0000000000001421 -311.5583131539200963 -0.9665634604059828439 2.738051440987593926e-16 -0.2564275277890660787 -1.282137638945331171 3.632000332791609327e-16 4.832817302029916995 1 F 0 F 1.570796326794896558 #
vertex $-1 -1 $-1 $3952 $4425 #
ellipse-curve $-1 -1 $-1 148.315422350336263 -265.0000000000001705 -311.5583131539200963 -0.9665634604059828439 1.161983563798884674e-15 -0.2564275277890660787 -5.708788758428314205e-15 -5.000000000000002665 -1.138766981996509443e-15 1 F 0 F 1.570796326794896558 #
DXID-attrib $-1 -1 $-1 $-1 $3497 @10 ASM ENTITY @2 21 #
torus-surface $-1 -1 $-1 148.315422350336263 -240.0000000000001705 -311.5583131539200963 -0.2564275277890660787 7.264000665583214955e-17 0.9665634604059828439 25.00000000000001421 5.000000000000002665 2.832769448823919303e-16 1 -8.801356681539976373e-31 forward_v I I I I #
DXID-attrib $-1 -1 $-1 $-1 $3501 @10 ASM ENTITY @2 13 #
cone-surface $-1 -1 $-1 19.99999999999987921 -10 414.9999999999998863 -1 0 -8.88178419700125824e-16 -6.280369834735099681e-15 7.071067811865474617 7.071067811865474617 1 I I 0 1 9.999999999999998224 forward I I I I #
coedge $-1 -1 $-1 $3964 $3576 $3573 $3578 forward $3502 $-1 #
coedge $-1 -1 $-1 $3966 $3504 $3533 $4013 forward $3097 $-1 #
coedge $-1 -1 $-1 $3504 $3966 $4426 $4427 forward $3097 $-1 #
coedge $-1 -1 $-1 $4056 $3961 $3504 $3965 reversed $3502 $-1 #
edge $-1 -1 $-1 $4060 0 $4058 1.570796326794896558 $3504 $4428 forward @7 tangent #
coedge $-1 -1 $-1 $3963 $3962 $3505 $3967 reversed $3097 $-1 #
edge $-1 -1 $-1 $3974 0 $4014 1.570796326794896558 $3505 $4429 forward @7 tangent #
coedge $-1 -1 $-1 $3546 $4026 $3506 $3969 reversed $4029 $-1 #
edge $-1 -1 $-1 $3537 -0.001499210864645922738 $3973 1.600522887225515056 $3506 $4430 forward @7 unknown #
coedge $-1 -1 $-1 $4431 $3507 $4023 $4432 forward $3972 $-1 #
coedge $-1 -1 $-1 $3507 $4431 $4433 $4434 reversed $3972 $-1 #
loop $-1 -1 $-1 $-1 $3507 $4435 #
vertex $-1 -1 $-1 $3508 $4436 #
vertex $-1 -1 $-1 $3508 $4437 #
ellipse-curve $-1 -1 $-1 0 -10 0 0 1 0 -72.88689868556627971 0 -43.73213921133975646 1 I I #
coedge $-1 -1 $-1 $4438 $4439 $3511 $3977 forward $4440 $-1 #
edge $-1 -1 $-1 $3986 -3 $3981 -0 $3976 $4441 forward @7 unknown #
coedge $-1 -1 $-1 $3996 $3512 $3517 $3990 reversed $3980 $-1 #
coedge $-1 -1 $-1 $3512 $3996 $4438 $4442 forward $3980 $-1 #
loop $-1 -1 $-1 $-1 $3996 $3526 #
vertex $-1 -1 $-1 $4442 $4443 #
straight-curve $-1 -1 $-1 15 -255 -45.00000000000001421 10 0 0 I I #
coedge $-1 -1 $-1 $4444 $3514 $4439 $4445 reversed $3985 $-1 #
coedge $-1 -1 $-1 $3514 $4444 $3516 $3989 forward $3985 $-1 #
loop $-1 -1 $-1 $-1 $4444 $4446 #
vertex $-1 -1 $-1 $4445 $4447 #
straight-curve $-1 -1 $-1 -15 -225 -45.00000000000001421 -10 -0 -0 I I #
coedge $4448 -1 $-1 $3517 $3516 $3994 $4449 reversed $3518 $-1 #
edge $-1 -1 $-1 $4450 0 $3520 3 $3516 $4451 forward @7 unknown #
edge $-1 -1 $-1 $4452 0 $3519 3 $3517 $4453 forward @7 unknown #
face $4454 -1 $-1 $2305 $3518 $34 $-1 $4455 reversed single #
point $-1 -1 $-1 15 -255 -45.00000000000001421 #
point $-1 -1 $-1 15 -225 -45.00000000000001421 #
coedge $-1 -1 $-1 $4456 $3524 $3988 $4449 forward $3122 $-1 #
coedge $-1 -1 $-1 $3524 $4456 $4457 $4458 forward $3122 $-1 #
coedge $4459 -1 $-1 $3979 $3978 $3524 $3997 reversed $3980 $-1 #
edge $-1 -1 $-1 $4460 1.250000000000000444 $4452 4.25 $3524 $4461 forward @7 unknown #
DXID-attrib $-1 -1 $-1 $-1 $3526 @10 ASM ENTITY @2 31 #
face $4462 -1 $-1 $4446 $4440 $34 $-1 $4463 reversed single #
plane-surface $-1 -1 $-1 -15 -255 -75.00000000000001421 0 -1 0 10 0 0 forward_v I I I I #
coedge $-1 -1 $-1 $4037 $3529 $4034 $4464 reversed $2750 $-1 #
coedge $-1 -1 $-1 $4020 $4019 $3529 $4003 forward $4021 $-1 #
edge $-1 -1 $-1 $4465 -0.5404195002705841633 $4010 0.5080620047182642374 $3529 $4466 forward @7 tangent #
coedge $-1 -1 $-1 $3530 $4037 $4467 $4468 reversed $2750 $-1 #
coedge $-1 -1 $-1 $4469 $4470 $3530 $4006 forward $4471 $-1 #
edge $-1 -1 $-1 $4011 -26.25 $4472 8.749999999999992895 $3530 $4473 forward @7 tangent #
coedge $-1 -1 $-1 $4474 $3531 $4470 $4475 reversed $4009 $-1 #
coedge $-1 -1 $-1 $3531 $4474 $4476 $4477 reversed $4009 $-1 #
loop $-1 -1 $-1 $-1 $3531 $4478 #
vertex $-1 -1 $-1 $4477 $4479 #
vertex $-1 -1 $-1 $4475 $4480 #
ellipse-curve $-1 -1 $-1 0 -300 0 0 1 0 -64.31196942844083253 0 -38.5871816570644981 1 I I #
edge $-1 -1 $-1 $4058 -8.75 $4014 26.25 $3533 $4481 forward @7 tangent #
vertex $-1 -1 $-1 $3967 $4482 #
ellipse-curve $-1 -1 $-1 0 0 0 -0 -1 -0 -64.31196942844083253 0 -38.5871816570644981 1 I I #
straight-curve $-1 -1 $-1 75.00000000000001421 0 87.49999999999998579 0 0 10 F -9.850000999999998896 F 27.3500009999999989 #
point $-1 -1 $-1 -37.41657386773938043 0 -65.00000000000002842 #
point $-1 -1 $-1 75.00000000000001421 0 0 #
coedge $-1 -1 $-1 $4002 $3540 $3551 $4035 forward $4021 $-1 #
coedge $-1 -1 $-1 $3540 $4002 $4483 $4484 forward $4021 $-1 #
loop $-1 -1 $-1 $-1 $3540 $4485 #
ellipse-curve $-1 -1 $-1 0 -290 0 -0 -1 -0 72.88689868556627971 0 -43.73213921133977067 1 I I #
coedge $-1 -1 $-1 $3543 $3542 $3970 $4432 reversed $3527 $-1 #
coedge $-1 -1 $-1 $4483 $4476 $3542 $4025 forward $4486 $-1 #
edge $-1 -1 $-1 $4487 -2.000000000000001332 $3544 6 $3542 $4488 forward @7 tangent #
coedge $-1 -1 $-1 $3968 $3546 $3543 $4027 forward $4029 $-1 #
edge $-1 -1 $-1 $3135 -6 $3973 2.000000000000001332 $3543 $4489 forward @7 tangent #
point $-1 -1 $-1 40.00000000000000711 -290 -75.00000000000001421 #
loop $-1 -1 $-1 $-1 $3546 $4032 #
intcurve-curve $-1 -1 $-1 forward { surfintcur full nubs 3 open 17 
	0 3 0.379680430708190908 2 0.7651264114958855611 2 1.162735817385400328 2 1.573398482212854832 2 
	1.59974512373942046 2 1.600775554353714991 2 1.600801964965840707 2 1.600824345426351103 2 1.601204034973627177 2 
	4.313889702197748477 2 5.461219543804820553 2 6.289142180643088054 2 7.198196180939292255 2 8.782264796286455066 2 
	10.51598276566697976 2 10.52190760902955091 3 
	39.99999999999999289 -10 -75.00000000000002842 
	39.99999999999999289 -8.734398564306030011 -75.00000000000002842 
	39.9400662207805226 -7.482916953852929431 -74.75976299181195373 
	39.70479919552293069 -5.122030583165322781 -73.82285160913991717 
	39.53027499057865413 -4.040800378200835929 -73.12967680104496537 
	39.08009007700667325 -2.173368398934414802 -71.36005937691658119 
	38.80587857299206433 -1.41620545357226213 -70.29013854404044537 
	38.1844815586473203 -0.3365943561927191574 -67.89774774678376446 
	37.84058293911070336 -0.03864529162037787235 -66.58924854540572369 
	37.46472888606632523 -0.001263902288300063417 -65.18026985226296688 
	37.44204354819313352 -9.322268353008178823e-05 -65.09530547603040418 
	37.41844992899994793 -1.911723240413269356e-06 -65.00701971502684273 
	37.41756188705256392 -1.312044235965613217e-07 -65.00369683979856461 
	37.41665100922566722 -3.80286263022052942e-09 -65.00028863718002015 
	37.41662844458758741 -1.733931611273452995e-09 -65.00020420811458166 
	37.41658706951215407 1.301305838836596012e-10 -65.00004939714709451 
	37.41662333163164078 2.982340610332663549e-12 -64.99998680212519275 
	37.41559420453580742 -5.450537901587063213e-11 -65.00026150162790373 
	37.41462252167423941 -1.022650081869985295e-08 -65.00052150894373426 
	30.47088301213627304 -0.000144974169045805184 -66.85616897743133791 
	23.11814589060872649 -0.51571433901046837 -68.30466516977320168 
	12.11855834965816214 -1.067879016764716305 -69.51367818970911117 
	8.841745196721721101 -1.204112548846716813 -69.75970525073641682 
	3.159413482082555014 -1.33020508895053835 -69.98460991258167496 
	0.7860540604674339793 -1.350166563863478331 -70.01810413501981145 
	-4.217139619627111813 -1.317261144629297887 -69.96097133533257306 
	-6.820374910112939837 -1.257129476347646158 -69.85816169243938134 
	-13.97352632493626245 -1.001835306986687213 -69.37641787510371216 
	-18.48160489872028833 -0.7393175243048721867 -68.8510659970708474 
	-27.81745147179352173 -0.236853323406533145 -67.3213888247435932 
	-32.63240122542381272 -0.001647418315527484235 -66.27697329927819681 
	-37.38420872294294384 -2.805687754755239065e-06 -65.0086471431029338 
	-37.4003916476767202 2.648225365700565248e-19 -65.0043248802308824 
	-37.41657386773938043 0 -65.00000000000004263 
	0.001015190027587909403 
	
	torus 0 -10 0 0 1 0 75.00000000000001421 10 0 0 1 forward_v I I I I 
	cone -19.99999999999999645 -10 -65.00000000000002842 1 0 0 0 7.071067811865480834 -7.071067811865469288 1 I I 0 1 10 forward I I I I 
	nullbs 
	nullbs 
	I F 10.51598276566697976 
	0 
	1 10.51598276566697976 
	0 
	} I I #
DXID-attrib $-1 -1 $-1 $-1 $3548 @10 ASM ENTITY @2 16 #
face $4490 -1 $-1 $3153 $4029 $34 $-1 $4491 forward single #
torus-surface $-1 -1 $-1 0 -10 0 0 1 0 75.00000000000001421 10 0 0 1 forward_v I I I I #
coedge $-1 -1 $-1 $3551 $3550 $4001 $4464 forward $3552 $-1 #
edge $-1 -1 $-1 $3139 0 $4465 1.570796326794896558 $4019 $4492 forward @7 tangent #
face $4493 -1 $-1 $3561 $3552 $34 $-1 $4494 forward single #
coedge $-1 -1 $-1 $4004 $4001 $3558 $4038 reversed $2750 $-1 #
edge $-1 -1 $-1 $4039 -1.552691648330359664 $3571 0.5404195002705834971 $4037 $4495 forward @7 tangent #
vertex $-1 -1 $-1 $4468 $4496 #
intcurve-curve $-1 -1 $-1 forward { surfintcur full nubs 3 open 18 
	-11.36981218887944145 3 -11.36356692001286639 2 -10.73140593132900378 2 -8.346312765491941121 2 -7.234227853394331831 2 
	-6.372335118494538264 2 -5.361839784695515476 2 -3.443994695851044341 2 -1.600980526416164063 2 -1.600847702856422083 2 
	-1.600816494662941292 2 -1.600783186185827933 2 -1.599745123675969882 2 -1.573398482212698068 2 -1.16273581738541365 2 
	-0.7651264114959390739 2 -0.3796804307082138341 2 -0 3 
	-37.41657386773940175 -300 414.9999999999999432 
	-37.40039164578661968 -300 415.0043248807359078 
	-37.38420872482996771 -299.9999971943129253 415.008647142600978 
	-35.72988053403007314 -299.9994246271298266 415.4502112666028779 
	-34.08221979328090612 -299.9703115432122331 415.8611840857979587 
	-26.19714409842172742 -299.7413364430803995 417.6877154379104695 
	-19.87771884394176425 -299.3005012698438918 418.7382404241333234 
	-10.39437158896003055 -298.8606997131057597 419.6466115096426961 
	-7.377051336876244036 -298.7521224227579069 419.8386020282506479 
	-1.984524749500289342 -298.6573475914399296 420.0057337461630027 
	0.3606577003056876674 -298.6492109865121165 420.0193550579323301 
	5.478291303885871599 -298.706138012219526 419.9200585892659774 
	8.223020031585864587 -298.7839551061808834 419.7854711864977162 
	16.1857219305903115 -299.1045623883605344 419.161494262391102 
	21.35630811872596269 -299.433389997162692 418.4635065472854762 
	31.33108234705282769 -299.9204127612118782 416.579490375820626 
	35.04139790689021083 -299.9999911621536626 415.6347849256414406 
	37.41622400872854115 -299.999999999667466 415.0000935030460028 
	37.41639507062254211 -299.9999999999905071 415.0000474784230846 
	37.41660651791573855 -300.0000000000019327 414.9999913636163456 
	37.4165953030959102 -299.9999999997592681 415.0000801951832727 
	37.41661751866229224 -299.9999999987583692 415.0001633227404341 
	37.41664548763675668 -299.9999999969692226 415.0002679821620291 
	37.4175552353824159 -299.9999998697268779 415.0036719213656511 
	37.41844335180902448 -299.9999981137315217 415.006995103580266 
	37.44204354844875837 -299.9999067773153456 415.0953054771687789 
	37.46472888612207441 -299.9987360977062849 415.1802698524659263 
	37.84058293910628379 -299.9613547083795311 416.5892485454097027 
	38.18448155864721372 -299.6634056438072093 417.8977477467839776 
	38.80587857299203591 -298.5837945464276686 420.2901385440406443 
	39.08009007700661641 -297.8266316010654577 421.3600593769165812 
	39.53027499057863281 -295.95919962179903 423.1296768010449796 
	39.704799195522817 -294.8779694168346168 423.8228516091397751 
	39.94006622078037338 -292.5170830461472065 424.7597629918117832 
	39.99999999999993605 -291.2656014356940091 424.9999999999999432 
	39.99999999999993605 -290 424.9999999999999432 
	0.005537439291654848612 
	
	cone 19.99999999999987921 -290 414.9999999999999432 -1 0 -8.88178419700125824e-16 -6.280369834735099681e-15 -7.071067811865474617 7.071067811865474617 1 I I 0 1 9.999999999999998224 forward I I I I 
	torus 0 -290 349.9999999999998863 -0 -1 -0 75.00000000000002842 10 0 0 -1 forward_v I I I I 
	nullbs 
	nullbs 
	F -11.36356692001286639 I 
	0 
	1 -11.36356692001286639 
	0 
	} I I #
DXID-attrib $-1 -1 $-1 $-1 $3561 @10 ASM ENTITY @2 27 #
face $4497 -1 $-1 $4478 $4471 $34 $-1 $4498 forward single #
torus-surface $-1 -1 $-1 0 -290 349.9999999999998863 -0 -1 -0 75.00000000000002842 10 0 0 -1 forward_v I I I I #
coedge $-1 -1 $-1 $4499 $3562 $4056 $3580 reversed $4046 $-1 #
coedge $-1 -1 $-1 $3562 $4499 $4500 $4501 reversed $4046 $-1 #
loop $-1 -1 $-1 $-1 $4044 $3569 #
straight-curve $-1 -1 $-1 -40.00000000000001421 0 424.9999999999998863 0 -10 0 I I #
coedge $-1 -1 $-1 $4500 $4467 $3564 $4049 forward $4502 $-1 #
edge $-1 -1 $-1 $4039 -0.001499210938407167246 $3566 1.600522925970416566 $4048 $4503 forward @7 unknown #
face $4504 -1 $-1 $4485 $3565 $34 $-1 $4505 forward single #
point $-1 -1 $-1 -40.00000000000001421 -290 424.9999999999998863 #
DXID-attrib $-1 -1 $-1 $-1 $3569 @10 ASM ENTITY @2 19 #
face $4506 -1 $-1 $4435 $4507 $34 $-1 $4508 forward single #
cone-surface $-1 -1 $-1 0 0 349.9999999999998863 0 -1 0 -85.00000000000001421 0 1.421085471520200372e-13 1 I I 0 1 85.00000000000001421 forward I I I I #
point $-1 -1 $-1 75.00000000000001421 -300 350 #
coedge $-1 -1 $-1 $3576 $3964 $4044 $3580 forward $3502 $-1 #
intcurve-curve $-1 -1 $-1 forward { surfintcur full nubs 3 open 17 
	0 3 0.3796804307082249919 2 0.7651264114959664964 2 1.162735817385480264 2 1.573398482212966965 2 
	1.599745123718485873 2 1.600775574737821172 2 1.600801917990540169 2 1.600814536360402052 2 1.601234057300268798 2 
	3.780106761031369444 2 4.701657666329387197 2 5.366666529014114673 2 6.096852103476396501 2 7.369256661385714224 2 
	8.761764050265727022 2 8.766523051766103691 3 
	-40.00000000000002842 -10 424.9999999999998863 
	-40.00000000000002842 -8.734398564305916324 424.9999999999998863 
	-39.94006622078068602 -7.482916953852729591 424.7597629918116127 
	-39.70479919552313675 -5.122030583165468443 423.8228516091397182 
	-39.53027499057877492 -4.040800378201033993 423.1296768010449796 
	-39.08009007700668747 -2.173368398934327761 421.3600593769163538 
	-38.80587857299210697 -1.416205453572190187 420.2901385440400759 
	-38.18448155864741977 -0.3365943561927489669 417.8977477467836366 
	-37.84058293911071758 -0.03864529162038751048 416.5892485454058942 
	-37.46472888608465013 -0.001263902290101121418 415.1802698523305821 
	-37.44204354827848391 -9.322268391066419464e-05 415.0953054764059971 
	-37.41844991141280019 -1.911655165692436878e-06 415.0070196492058585 
	-37.41756184945653985 -1.311991280453726667e-07 415.0036966979898807 
	-37.41665106865832513 -3.811181029589334091e-09 415.0002888597331321 
	-37.41662848104321881 -1.735570565510103226e-09 415.0002043442648869 
	-37.41659530324708527 -2.408105591185997987e-10 415.0000802037683343 
	-37.41660704421784089 1.841240948337675628e-12 414.9999911240394113 
	-37.41523021827327966 -6.726088498667212601e-11 415.000359363667144 
	-37.41389346130474536 -1.927791431152046843e-08 415.0007163494663018 
	-30.47013041681820411 -0.0001992287392403846154 416.8563158534032596 
	-23.1175897832846573 -0.5157478802190896827 418.3047505421561709 
	-12.1181787533984 -1.06789569252770411 419.5137096560903274 
	-8.841426671904040191 -1.204122810413834399 419.7597239104970299 
	-3.159164922288614008 -1.330208299921130655 419.9846153823667692 
	-0.7858138886740508866 -1.350167245118275572 420.0181053370835684 
	4.217397296907646087 -1.317256967267272705 419.9609640611852228 
	6.820658307447504676 -1.25712188079234366 419.8581483586777949 
	13.97395948580883385 -1.001815457930749442 419.3763786783666774 
	18.48216113028102825 -0.7392852312590770802 418.8509963096656747 
	27.81789255593327681 -0.2368321627356829995 417.3212930739378521 
	32.63261851036890704 -0.001647343112618686626 416.2769153028281153 
	37.38420872232961756 -2.805687967577450904e-06 415.0086471432658755 
	37.40039164829119045 -7.417707759430019275e-18 415.0043248800665197 
	37.41657386773940885 0 414.9999999999998863 
	0.001015035536079716277 
	
	torus 0 -10 349.9999999999998863 0 1 0 75.00000000000001421 10 0 0 1 forward_v I I I I 
	cone 19.99999999999987921 -10 414.9999999999998863 -1 0 -8.88178419700125824e-16 -6.280369834735099681e-15 7.071067811865474617 7.071067811865474617 1 I I 0 1 9.999999999999998224 forward I I I I 
	nullbs 
	nullbs 
	I F 8.761764050265727022 
	0 
	0 
	1 8.761764050265727022 
	} I I #
vertex $-1 -1 $-1 $3965 $4509 #
ellipse-curve $-1 -1 $-1 0 0 349.9999999999998863 -0 -1 -0 -64.31196942844080411 0 38.58718165706454784 1 I I #
vertex $-1 -1 $-1 $3965 $4510 #
ellipse-curve $-1 -1 $-1 0 -10 349.9999999999998863 0 1 0 -72.88689868556623708 0 43.7321392113398133 1 I I #
ATTRIB_CUSTOM-attrib $-1 -1 $-1 $-1 $3582 @17 sketch_attrib_def 1 1 3 @13 180 0 1 0 1 1 #
coedge $-1 -1 $-1 $3582 $3589 $4082 $4511 reversed $3169 $-1 #
coedge $-1 -1 $-1 $4512 $3584 $3586 $4067 reversed $3608 $-1 #
coedge $-1 -1 $-1 $3584 $4512 $3589 $4069 reversed $3608 $-1 #
straight-curve $-1 -1 $-1 10.0000001490116226 -70.00000014901161194 -74.99999999999998579 -10.00000000000001243 2.832769448823919007e-15 6.21227962861547021e-29 I I #
edge $-1 -1 $-1 $4513 0 $3587 2.000000029802322388 $3586 $4514 forward @7 unknown #
point $-1 -1 $-1 10.0000001490116226 -70.00000014901161194 -74.99999999999998579 #
edge $-1 -1 $-1 $3590 0 $4515 2.000000029802322388 $3589 $4516 forward @7 unknown #
point $-1 -1 $-1 -10.00000014901162615 -70.00000014901161194 -74.99999999999998579 #
edge $-1 -1 $-1 $4072 0.2499999925494194031 $4074 2.250000022351741791 $3592 $4517 forward @7 unknown #
vertex $-1 -1 $-1 $4071 $4518 #
straight-curve $-1 -1 $-1 -10.00000014901162615 -65.00000007450579176 -44.99999999999994316 2.832769448823919007e-15 10.00000000000001243 -2.366582715663034856e-29 I I #
vertex $-1 -1 $-1 $3594 $4519 #
straight-curve $-1 -1 $-1 10.00000014901162615 -54.99999992549417982 -44.99999999999994316 -2.832769448823919007e-15 -10.00000000000001243 2.366582715663034856e-29 I I #
vertex $-1 -1 $-1 $3602 $4520 #
ellipse-curve $-1 -1 $-1 3.965877228353614327e-15 -45.99999999999997158 -54.65138140769180097 -2.832769448823915359e-16 -1 2.366582715663031913e-30 1.863683888584645715e-29 7.099748146989116058e-30 3.000000000000010658 1 I I #
vertex $-1 -1 $-1 $3603 $4521 #
ellipse-curve $-1 -1 $-1 4.249154173236006109e-15 -44.99999999999997158 -54.65138140769180097 2.832769448823915359e-16 1 -2.366582715663031913e-30 2.48491185144619055e-29 9.466330862652140264e-30 4.000000000000008882 1 I I #
point $-1 -1 $-1 10.00000014901162437 -56.99999999999997868 -54.65138140769180097 #
ATTRIB_CUSTOM-attrib $-1 -1 $-1 $-1 $3610 @17 sketch_attrib_def 1 1 3 @13 181 0 1 0 1 1 #
coedge $-1 -1 $-1 $4522 $3610 $4063 $4511 forward $3202 $-1 #
coedge $-1 -1 $-1 $3610 $4522 $3613 $4086 reversed $3202 $-1 #
vertex $-1 -1 $-1 $3611 $4523 #
ellipse-curve $-1 -1 $-1 2.832769491035600989e-15 -49.99999985098835964 -54.65138140769180097 2.832769448823915359e-16 1 -2.366582715663031913e-30 1.863683888584645715e-29 7.099748146989116058e-30 3.000000000000010658 1 I I #
edge $-1 -1 $-1 $4074 0 $4513 3 $4083 $4524 forward @7 unknown #
coedge $-1 -1 $-1 $4525 $3614 $3617 $4092 reversed $4089 $-1 #
coedge $4526 -1 $-1 $3614 $4527 $3621 $4097 forward $4089 $-1 #
loop $-1 -1 $-1 $-1 $3614 $3634 #
straight-curve $-1 -1 $-1 -44.29473408811171709 -59.99999999999998579 -177.3276492378268756 -2.810776376729617128e-15 -10.00000000000001066 1.551834409292683281e-29 I I #
coedge $-1 -1 $-1 $3617 $3616 $4528 $4529 forward $3618 $-1 #
edge $-1 -1 $-1 $4530 2.235174179077148438e-08 $3619 5.965138140769184361 $4087 $4531 forward @7 unknown #
loop $-1 -1 $-1 $-1 $3645 $2842 #
point $-1 -1 $-1 -44.2947340881117313 -75 -177.3276492378268472 #
ATTRIB_CUSTOM-attrib $-1 -1 $-1 $-1 $3621 @17 sketch_attrib_def 1 1 3 @13 220 0 1 0 1 1 #
coedge $4532 -1 $-1 $3622 $3621 $4533 $4534 forward $3623 $-1 #
edge $-1 -1 $-1 $4535 0 $3624 5.965138140769184361 $3621 $4536 forward @7 unknown #
ATTRIB_CUSTOM-attrib $-1 -1 $-1 $-1 $3622 @17 sketch_attrib_def 1 1 3 @13 218 0 1 0 1 1 #
loop $-1 -1 $-1 $-1 $4537 $4100 #
face $4538 -1 $-1 $4539 $3623 $38 $-1 $4540 forward single #
point $-1 -1 $-1 -44.2947340881117313 -44.99999999999997158 -177.3276492378268472 #
coedge $-1 -1 $-1 $4541 $3627 $4542 $4543 forward $2837 $-1 #
coedge $-1 -1 $-1 $4533 $4544 $3627 $4104 reversed $4545 $-1 #
edge $-1 -1 $-1 $4105 0 $4546 1 $3627 $4547 forward @7 tangent #
vertex $-1 -1 $-1 $4534 $4548 #
straight-curve $-1 -1 $-1 -34.71559417323697261 -44.99999999999997158 -218.658510328436364 -5.291953529289123104 1.487449796687664545e-15 -8.485000167580707853 I I #
coedge $-1 -1 $-1 $3629 $4541 $4549 $4550 forward $2837 $-1 #
coedge $-1 -1 $-1 $4115 $4528 $3629 $4109 reversed $3635 $-1 #
edge $-1 -1 $-1 $4551 2 $4110 3 $3629 $4547 forward @7 tangent #
vertex $-1 -1 $-1 $3630 $4552 #
straight-curve $-1 -1 $-1 -34.71559417323697261 -75 -218.658510328436364 5.291953529289123104 -1.487449796687664545e-15 8.485000167580707853 I I #
DXID-attrib $-1 -1 $-1 $-1 $3634 @10 ASM ENTITY @2 35 #
face $4553 -1 $-1 $1045 $4545 $38 $-1 $3636 forward single #
plane-surface $-1 -1 $-1 -60.17059467597910327 -59.99999999999998579 -202.782649740568985 -0.8485000167580698527 2.384943802758272432e-16 0.5291953529289117331 5.291953529289123104 -1.487449796687664545e-15 8.485000167580707853 forward_v I I I I #
coedge $-1 -1 $-1 $4554 $4108 $4555 $4556 forward $3635 $-1 #
coedge $-1 -1 $-1 $4557 $3637 $4558 $4559 forward $3218 $-1 #
coedge $-1 -1 $-1 $3637 $4557 $4560 $4561 forward $3218 $-1 #
coedge $-1 -1 $-1 $4562 $4563 $3637 $4119 forward $4089 $-1 #
edge $-1 -1 $-1 $4564 -0.5 $4565 0.5 $4118 $4566 forward @7 unknown #
DXID-attrib $-1 -1 $-1 $-1 $3639 @10 ASM ENTITY @2 17 #
face $4567 -1 $-1 $4132 $4568 $38 $-1 $4569 forward single #
loop $-1 -1 $-1 $4570 $4571 $3639 #
cone-surface $-1 -1 $-1 -0.5122551174829469423 -75.00000000000001421 -144.9210266723292762 -2.810776376729614071e-16 -1 1.551834409292681599e-30 -1.653735477902851247 4.64828061464895232e-16 -2.65156255236897076 1 I I 0 1 3.125000000000003553 forward I I I I #
loop $-1 -1 $-1 $-1 $4572 $3222 #
coedge $-1 -1 $-1 $4125 $4125 $4573 $4574 reversed $3640 $-1 #
coedge $-1 -1 $-1 $4126 $4126 $4575 $4576 forward $3642 $-1 #
coedge $4577 -1 $-1 $4127 $4127 $3643 $4128 reversed $4570 $-1 #
edge $-1 -1 $-1 $4578 -3.141592653589793116 $4578 3.141592653589793116 $3643 $4579 forward @7 unknown #
vertex $-1 -1 $-1 $3646 $4580 #
ellipse-curve $-1 -1 $-1 -10.20838924337751941 -75.00000000000001421 -138.873709030069449 2.810776376729614071e-16 1 -1.551834409292681599e-30 -1.653735477902851247 4.64828061464895232e-16 -2.65156255236897076 1 I I #
point $-1 -1 $-1 -8.554653765474673932 -92.00000000000002842 -136.2221464777004769 #
face $4581 -1 $-1 $4582 $3649 $38 $-1 $3224 reversed single #
point $-1 -1 $-1 -9.116923827961638693 -75.00000000000001421 -137.1236777455059155 #
coedge $-1 -1 $-1 $3653 $3660 $4152 $4583 reversed $3234 $-1 #
coedge $-1 -1 $-1 $4584 $3655 $3657 $4138 reversed $3679 $-1 #
coedge $-1 -1 $-1 $3655 $4584 $3660 $4140 reversed $3679 $-1 #
straight-curve $-1 -1 $-1 10.0000001490116226 -250.0000001490115551 -75.00000000000001421 -10.00000000000001243 2.832769448823928868e-15 -1.594897878183755986e-28 I I #
edge $-1 -1 $-1 $4585 0 $3658 2.000000029802322388 $3657 $4586 forward @7 unknown #
point $-1 -1 $-1 10.0000001490116226 -250.0000001490115551 -75.00000000000001421 #
edge $-1 -1 $-1 $3661 0 $4587 2.000000029802322388 $3660 $4588 forward @7 unknown #
point $-1 -1 $-1 -10.00000014901162615 -250.0000001490115551 -75.00000000000001421 #
edge $-1 -1 $-1 $4143 0.2499999925494194031 $4145 2.250000022351741791 $3663 $4589 forward @7 unknown #
vertex $-1 -1 $-1 $4142 $4590 #
straight-curve $-1 -1 $-1 -10.00000014901162615 -245.0000000745057491 -44.99999999999997158 2.832769448823928868e-15 10.00000000000001243 -1.577721810442136555e-29 I I #
vertex $-1 -1 $-1 $3665 $4591 #
straight-curve $-1 -1 $-1 10.00000014901162615 -234.9999999254941372 -44.99999999999997158 -2.832769448823928868e-15 -10.00000000000001243 1.577721810442136555e-29 I I #
vertex $-1 -1 $-1 $3673 $4592 #
ellipse-curve $-1 -1 $-1 3.965877228353191498e-15 -225.9999999999999147 -54.65138140769182939 -2.83276944882392522e-16 -1 1.577721810442134664e-30 -4.78469363455127917e-29 4.733165431326434469e-30 3.000000000000010658 1 I I #
vertex $-1 -1 $-1 $3674 $4593 #
ellipse-curve $-1 -1 $-1 4.249154173235584069e-15 -224.9999999999999147 -54.65138140769182939 2.83276944882392522e-16 1 -1.577721810442134664e-30 -6.379591512735029551e-29 6.310887241768570885e-30 4.000000000000008882 1 I I #
point $-1 -1 $-1 10.00000014901162437 -236.9999999999999432 -54.65138140769182939 #
coedge $-1 -1 $-1 $4594 $3681 $4134 $4583 forward $3267 $-1 #
coedge $-1 -1 $-1 $3681 $4594 $3683 $4156 reversed $3267 $-1 #
vertex $-1 -1 $-1 $3682 $4595 #
ellipse-curve $-1 -1 $-1 2.832769491035173426e-15 -229.9999998509883312 -54.65138140769182939 2.83276944882392522e-16 1 -1.577721810442134664e-30 -4.78469363455127917e-29 4.733165431326434469e-30 3.000000000000010658 1 I I #
edge $-1 -1 $-1 $4145 0 $4585 3 $4153 $4596 forward @7 unknown #
coedge $-1 -1 $-1 $4597 $3684 $3687 $4162 reversed $4159 $-1 #
coedge $-1 -1 $-1 $3684 $4598 $3691 $4166 forward $4159 $-1 #
loop $-1 -1 $-1 $-1 $3684 $3703 #
straight-curve $-1 -1 $-1 40.14468614491330101 -239.9999999999999716 -181.2527920963431711 -2.832769448823927685e-15 -10.00000000000001066 1.618242741091560404e-29 I I #
coedge $-1 -1 $-1 $3687 $3686 $4599 $4600 forward $3688 $-1 #
edge $-1 -1 $-1 $4601 2.235174179077148438e-08 $3689 5.965138140769184361 $4157 $4602 forward @7 unknown #
loop $-1 -1 $-1 $-1 $3713 $2909 #
point $-1 -1 $-1 40.14468614491330101 -255 -181.2527920963431711 #
coedge $-1 -1 $-1 $3692 $3691 $4603 $4604 forward $3693 $-1 #
edge $-1 -1 $-1 $4605 0 $3694 5.965138140769184361 $3691 $4606 forward @7 unknown #
loop $-1 -1 $-1 $-1 $4607 $4168 #
face $4608 -1 $-1 $4609 $3693 $42 $-1 $4610 forward single #
point $-1 -1 $-1 40.14468614491330101 -224.9999999999999716 -181.2527920963431711 #
coedge $-1 -1 $-1 $4611 $3696 $4612 $4613 forward $2904 $-1 #
coedge $-1 -1 $-1 $4603 $4614 $3696 $4172 reversed $4615 $-1 #
edge $-1 -1 $-1 $4173 0 $4616 1 $3696 $4617 forward @7 tangent #
vertex $-1 -1 $-1 $4604 $4618 #
straight-curve $-1 -1 $-1 81.94464702003597267 -224.9999999999999716 -173.9889590284500116 8.177298990502640308 -2.316440275419469073e-15 -5.75602130120491573 I I #
coedge $-1 -1 $-1 $3698 $4611 $4619 $4620 forward $2904 $-1 #
coedge $-1 -1 $-1 $4183 $4599 $3698 $4177 reversed $3704 $-1 #
edge $-1 -1 $-1 $4621 2 $4178 3 $3698 $4617 forward @7 tangent #
vertex $-1 -1 $-1 $3699 $4622 #
straight-curve $-1 -1 $-1 81.94464702003597267 -255 -173.9889590284500116 -8.177298990502640308 2.316440275419469073e-15 5.75602130120491573 I I #
DXID-attrib $-1 -1 $-1 $-1 $3703 @10 ASM ENTITY @2 35 #
face $4623 -1 $-1 $1115 $4615 $42 $-1 $3705 forward single #
plane-surface $-1 -1 $-1 64.67658311642121305 -240 -198.5208559999579165 -0.5756021301204909957 1.630548128883287153e-16 -0.8177298990502631648 -8.177298990502640308 2.316440275419469073e-15 5.75602130120491573 forward_v I I I I #
coedge $-1 -1 $-1 $4624 $4176 $4625 $4626 forward $3704 $-1 #
coedge $-1 -1 $-1 $4627 $3706 $4628 $4629 forward $3283 $-1 #
coedge $-1 -1 $-1 $3706 $4627 $4630 $4631 forward $3283 $-1 #
coedge $-1 -1 $-1 $4632 $4633 $3706 $4187 forward $4159 $-1 #
edge $-1 -1 $-1 $4634 -0.5 $4635 0.5 $4186 $4636 forward @7 unknown #
DXID-attrib $-1 -1 $-1 $-1 $3708 @10 ASM ENTITY @2 17 #
face $4637 -1 $-1 $4200 $4638 $42 $-1 $4639 forward single #
loop $-1 -1 $-1 $4640 $4641 $3708 #
cone-surface $-1 -1 $-1 10.2252134248084694 -255 -135.7344463106374803 -2.832769448823924727e-16 -1 1.618242741091558582e-30 2.555405934532075207 -7.238875860685841347e-16 -1.798756656626536721 1 I I 0 1 3.125000000000003553 forward I I I I #
loop $-1 -1 $-1 $-1 $4642 $3287 #
coedge $-1 -1 $-1 $4193 $4193 $4643 $4644 reversed $3709 $-1 #
coedge $-1 -1 $-1 $4194 $4194 $4645 $4646 forward $3711 $-1 #
coedge $-1 -1 $-1 $4195 $4195 $3712 $4196 reversed $4640 $-1 #
edge $-1 -1 $-1 $4647 -3.141592653589793116 $4647 3.141592653589793116 $3712 $4648 forward @7 unknown #
vertex $-1 -1 $-1 $3714 $4649 #
ellipse-curve $-1 -1 $-1 3.647587795379367392 -255 -145.0789585361526122 2.832769448823924727e-16 1 -1.618242741091558582e-30 2.555405934532075207 -7.238875860685841347e-16 -1.798756656626536721 1 I I #
point $-1 -1 $-1 1.092181860847287966 -272 -143.2802018795260892 #
face $4650 -1 $-1 $4651 $3717 $42 $-1 $3289 reversed single #
point $-1 -1 $-1 1.961019878588197152 -255 -143.8917791427791144 #
coedge $-1 -1 $-1 $3721 $3728 $4220 $4652 reversed $3298 $-1 #
coedge $-1 -1 $-1 $4653 $3723 $3725 $4206 reversed $3747 $-1 #
coedge $-1 -1 $-1 $3723 $4653 $3728 $4208 reversed $3747 $-1 #
straight-curve $-1 -1 $-1 -38.9580941305905526 -70.00000014901164036 -216.0125336426473837 -8.485000167580706076 2.384943802758273615e-15 5.291953529289123992 I I #
edge $-1 -1 $-1 $4654 0 $3726 2.000000029802322388 $3725 $4655 forward @7 unknown #
point $-1 -1 $-1 -38.9580941305905526 -70.00000014901164036 -216.0125336426473837 #
edge $-1 -1 $-1 $3729 0 $4656 2.000000029802322388 $3728 $4657 forward @7 unknown #
point $-1 -1 $-1 -55.92809471862467774 -70.00000014901164036 -205.4286264263566295 #
edge $-1 -1 $-1 $4211 0.2499999925494194031 $4213 2.250000022351741791 $3731 $4658 forward @7 unknown #
vertex $-1 -1 $-1 $4210 $4659 #
straight-curve $-1 -1 $-1 -40.05223413075729866 -65.00000007450583439 -179.9736259236145202 2.810776376729619494e-15 10.00000000000001066 -8.937897300164795141e-30 I I #
vertex $-1 -1 $-1 $3733 $4660 #
straight-curve $-1 -1 $-1 -23.08223354272317351 -54.99999992549421535 -190.5575331399052743 -2.810776376729619494e-15 -10.00000000000001066 8.937897300164795141e-30 I I #
vertex $-1 -1 $-1 $3741 $4661 #
ellipse-curve $-1 -1 $-1 -36.67470002703527143 -46.00000000000001421 -193.4547768179249374 -2.810776376729616536e-16 -1 8.937897300164784982e-31 1.587586058786740972 -4.462349390063025387e-16 2.545500050274218218 1 I I #
vertex $-1 -1 $-1 $3742 $4662 #
ellipse-curve $-1 -1 $-1 -36.67470002703527143 -45.00000000000000711 -193.4547768179249374 2.810776376729616536e-16 1 -8.937897300164784982e-31 2.116781411715651373 -5.949799186750690326e-16 3.394000067032285184 1 I I #
point $-1 -1 $-1 -28.18969973301820886 -57.00000000000002132 -198.7467304260703145 #
coedge $-1 -1 $-1 $4663 $3749 $4202 $4652 forward $3331 $-1 #
coedge $-1 -1 $-1 $3749 $4663 $3751 $4224 reversed $3331 $-1 #
vertex $-1 -1 $-1 $3750 $4664 #
ellipse-curve $-1 -1 $-1 -36.67470002703527143 -49.99999985098840227 -193.4547768179249374 2.810776376729616536e-16 1 -8.937897300164784982e-31 1.587586058786740972 -4.462349390063025387e-16 2.545500050274218218 1 I I #
edge $-1 -1 $-1 $4213 0 $4654 3 $4221 $4665 forward @7 unknown #
coedge $-1 -1 $-1 $4666 $3752 $3755 $4230 reversed $4227 $-1 #
coedge $-1 -1 $-1 $3752 $4667 $3759 $4234 forward $4227 $-1 #
loop $-1 -1 $-1 $-1 $3752 $3771 #
straight-curve $-1 -1 $-1 -138.7088271505969885 -60.00000000000000711 -276.1461431941200431 -8.104698438784301665e-16 -10.00000000000001243 -2.438741570261107415e-16 I I #
coedge $-1 -1 $-1 $3755 $3754 $4668 $4669 forward $3756 $-1 #
edge $-1 -1 $-1 $4670 2.235174179077148438e-08 $3757 5.965138140769184361 $4225 $4671 forward @7 unknown #
loop $-1 -1 $-1 $-1 $3781 $2976 #
point $-1 -1 $-1 -138.7088271505969885 -75.00000000000002842 -276.1461431941200431 #
coedge $-1 -1 $-1 $3760 $3759 $4672 $4673 forward $3761 $-1 #
edge $-1 -1 $-1 $4674 0 $3762 5.965138140769184361 $3759 $4675 forward @7 unknown #
loop $-1 -1 $-1 $-1 $4676 $4236 #
face $4677 -1 $-1 $4678 $3761 $46 $-1 $4679 forward single #
point $-1 -1 $-1 -138.7088271505969885 -44.99999999999999289 -276.1461431941200431 #
coedge $-1 -1 $-1 $4680 $3764 $4681 $4682 forward $2971 $-1 #
coedge $-1 -1 $-1 $4672 $4683 $3764 $4240 reversed $4684 $-1 #
edge $-1 -1 $-1 $4241 0 $4685 1 $3764 $4686 forward @7 tangent #
vertex $-1 -1 $-1 $4673 $4687 #
straight-curve $-1 -1 $-1 -151.0784791832146823 -44.99999999999998579 -316.7292888163110547 -8.825466275801449711 8.299531269022938336e-16 -4.702248931595556236 I I #
coedge $-1 -1 $-1 $3766 $4680 $4688 $4689 forward $2971 $-1 #
coedge $-1 -1 $-1 $4251 $4668 $3766 $4245 reversed $3772 $-1 #
edge $-1 -1 $-1 $4690 2 $4246 3 $3766 $4686 forward @7 tangent #
vertex $-1 -1 $-1 $3767 $4691 #
straight-curve $-1 -1 $-1 -151.0784791832146823 -75.00000000000002842 -316.7292888163110547 8.825466275801449711 -8.299531269022938336e-16 4.702248931595556236 I I #
DXID-attrib $-1 -1 $-1 $-1 $3771 @10 ASM ENTITY @2 35 #
face $4692 -1 $-1 $1185 $4684 $46 $-1 $3773 forward single #
plane-surface $-1 -1 $-1 -165.1852259780013696 -60.00000000000000711 -290.252889988906702 -0.470224893159555013 1.658727809094313255e-17 0.8825466275801439053 8.825466275801449711 -8.299531269022938336e-16 4.702248931595556236 forward_v I I I I #
coedge $-1 -1 $-1 $4693 $4244 $4694 $4695 forward $3772 $-1 #
coedge $-1 -1 $-1 $4696 $3774 $4697 $4698 forward $3347 $-1 #
coedge $-1 -1 $-1 $3774 $4696 $4699 $4700 forward $3347 $-1 #
coedge $-1 -1 $-1 $4701 $4702 $3774 $4255 forward $4227 $-1 #
edge $-1 -1 $-1 $4703 -0.5 $4704 0.5 $4254 $4705 forward @7 unknown #
DXID-attrib $-1 -1 $-1 $-1 $3776 @10 ASM ENTITY @2 17 #
face $4706 -1 $-1 $4268 $4707 $46 $-1 $4708 forward single #
loop $-1 -1 $-1 $4709 $4710 $3776 #
cone-surface $-1 -1 $-1 -84.58877683862571928 -75.00000000000002842 -269.9724242868594501 -8.104698438784292051e-17 -1 -2.438741570261104518e-17 -2.757958211187953701 2.593603521569668168e-16 -1.469452791123610824 1 I I 0 1 3.125000000000003997 forward I I I I #
loop $-1 -1 $-1 $-1 $4711 $3351 #
coedge $-1 -1 $-1 $4261 $4261 $4712 $4713 reversed $3777 $-1 #
coedge $-1 -1 $-1 $4262 $4262 $4714 $4715 forward $3779 $-1 #
coedge $-1 -1 $-1 $4263 $4263 $3780 $4264 reversed $4709 $-1 #
edge $-1 -1 $-1 $4716 -3.141592653589793116 $4716 3.141592653589793116 $3780 $4717 forward @7 unknown #
vertex $-1 -1 $-1 $3782 $4718 #
ellipse-curve $-1 -1 $-1 -89.96221648902172774 -75.00000000000002842 -259.8872265209613488 8.104698438784292051e-17 1 2.438741570261104518e-17 -2.757958211187953701 2.593603521569668168e-16 -1.469452791123610824 1 I I #
point $-1 -1 $-1 -87.20425827783377315 -92.00000000000005684 -258.4177737298377338 #
face $4719 -1 $-1 $4720 $3785 $46 $-1 $3353 reversed single #
point $-1 -1 $-1 -88.14196406963768027 -75.00000000000002842 -258.9173876788197504 #
coedge $-1 -1 $-1 $3789 $3796 $4288 $4721 reversed $3362 $-1 #
coedge $-1 -1 $-1 $4722 $3791 $3793 $4274 reversed $3815 $-1 #
coedge $-1 -1 $-1 $3791 $4722 $3796 $4276 reversed $3815 $-1 #
straight-curve $-1 -1 $-1 79.06663645520467298 -250.0000001490115835 -178.0776084018499716 -5.75602130120491573 1.630548128883288484e-15 -8.177298990502640308 I I #
edge $-1 -1 $-1 $4723 0 $3794 2.000000029802322388 $3793 $4724 forward @7 unknown #
point $-1 -1 $-1 79.06663645520467298 -250.0000001490115835 -178.0776084018499716 #
edge $-1 -1 $-1 $3797 0 $4725 2.000000029802322388 $3796 $4726 forward @7 unknown #
point $-1 -1 $-1 67.55459368125202957 -250.0000001490115835 -194.4322066265577291 #
edge $-1 -1 $-1 $4279 0.2499999925494194031 $4281 2.250000022351741791 $3799 $4727 forward @7 unknown #
vertex $-1 -1 $-1 $4278 $4728 #
straight-curve $-1 -1 $-1 43.02269670974411042 -245.0000000745057491 -177.1641427229429837 2.832769448823926896e-15 10.00000000000001066 -1.599183306096559688e-29 I I #
vertex $-1 -1 $-1 $3801 $4729 #
straight-curve $-1 -1 $-1 54.53473948369673963 -234.9999999254941372 -160.8095444982351978 -2.832769448823926896e-15 -10.00000000000001066 1.599183306096559688e-29 I I #
vertex $-1 -1 $-1 $3809 $4730 #
ellipse-curve $-1 -1 $-1 56.67094124092787411 -225.9999999999999432 -174.5421993074618285 -2.832769448823923741e-16 -1 1.599183306096557866e-30 -2.453189697150798043 6.949320826258422011e-16 1.726806390361478982 1 I I #
vertex $-1 -1 $-1 $3810 $4731 #
ellipse-curve $-1 -1 $-1 56.67094124092787411 -224.9999999999999432 -174.5421993074618285 2.832769448823923741e-16 1 -1.599183306096557866e-30 -3.270919596201059321 9.265761101677882209e-16 2.302408520481968424 1 I I #
point $-1 -1 $-1 62.42696262790418871 -236.9999999999999432 -166.364900195107964 #
coedge $-1 -1 $-1 $4732 $3817 $4270 $4721 forward $3395 $-1 #
coedge $-1 -1 $-1 $3817 $4732 $3819 $4292 reversed $3395 $-1 #
vertex $-1 -1 $-1 $3818 $4733 #
ellipse-curve $-1 -1 $-1 56.67094124092787411 -229.9999998509883312 -174.5421993074618285 2.832769448823923741e-16 1 -1.599183306096557866e-30 -2.453189697150798043 6.949320826258422011e-16 1.726806390361478982 1 I I #
edge $-1 -1 $-1 $4281 0 $4723 3 $4289 $4734 forward @7 unknown #
coedge $-1 -1 $-1 $4735 $3820 $3823 $4298 reversed $4295 $-1 #
coedge $-1 -1 $-1 $3820 $4736 $3827 $4302 forward $4295 $-1 #
loop $-1 -1 $-1 $-1 $3820 $3839 #
straight-curve $-1 -1 $-1 122.8871375224363334 -239.9999999999998863 -282.0936282653528906 -2.832769448823921768e-15 -10.00000000000001066 1.649216336426408761e-29 I I #
coedge $-1 -1 $-1 $3823 $3822 $4737 $4738 forward $3824 $-1 #
edge $-1 -1 $-1 $4739 2.235174179077148438e-08 $3825 5.965138140769184361 $4293 $4740 forward @7 unknown #
loop $-1 -1 $-1 $-1 $3849 $3043 #
point $-1 -1 $-1 122.8871375224363192 -254.9999999999999147 -282.0936282653529474 #
coedge $-1 -1 $-1 $3828 $3827 $4741 $4742 forward $3829 $-1 #
edge $-1 -1 $-1 $4743 0 $3830 5.965138140769184361 $3827 $4744 forward @7 unknown #
loop $-1 -1 $-1 $-1 $4745 $4304 #
face $4746 -1 $-1 $4747 $3829 $50 $-1 $4748 forward single #
point $-1 -1 $-1 122.8871375224363334 -224.9999999999998579 -282.0936282653529474 #
coedge $-1 -1 $-1 $4749 $3832 $4750 $4751 forward $3038 $-1 #
coedge $-1 -1 $-1 $4741 $4752 $3832 $4308 reversed $4753 $-1 #
edge $-1 -1 $-1 $4309 0 $4754 1 $3832 $4755 forward @7 tangent #
vertex $-1 -1 $-1 $4742 $4756 #
straight-curve $-1 -1 $-1 159.5768671682878335 -224.9999999999998863 -303.3977062438604548 2.564275277890663673 -7.264000665583295567e-16 -9.665634604059837542 I I #
coedge $-1 -1 $-1 $3834 $4749 $4757 $4758 forward $3038 $-1 #
coedge $-1 -1 $-1 $4319 $4737 $3834 $4313 reversed $3840 $-1 #
edge $-1 -1 $-1 $4759 2 $4314 3 $3834 $4755 forward @7 tangent #
vertex $-1 -1 $-1 $3835 $4760 #
straight-curve $-1 -1 $-1 159.5768671682878335 -254.9999999999999147 -303.3977062438604548 -2.564275277890663673 7.264000665583295567e-16 9.665634604059837542 I I #
DXID-attrib $-1 -1 $-1 $-1 $3839 @10 ASM ENTITY @2 35 #
face $4761 -1 $-1 $1255 $4753 $50 $-1 $3841 forward single #
plane-surface $-1 -1 $-1 130.5799633561083226 -239.9999999999998863 -311.0905320775324299 -0.9665634604059827328 2.738051440987590968e-16 -0.2564275277890660787 -2.564275277890663673 7.264000665583295567e-16 9.665634604059837542 forward_v I I I I #
coedge $-1 -1 $-1 $4762 $4312 $4763 $4764 forward $3840 $-1 #
coedge $-1 -1 $-1 $4765 $3842 $4766 $4767 forward $3411 $-1 #
coedge $-1 -1 $-1 $3842 $4765 $4768 $4769 forward $3411 $-1 #
coedge $-1 -1 $-1 $4770 $4771 $3842 $4323 forward $4295 $-1 #
edge $-1 -1 $-1 $4772 -0.5 $4773 0.5 $4322 $4774 forward @7 unknown #
DXID-attrib $-1 -1 $-1 $-1 $3844 @10 ASM ENTITY @2 17 #
face $4775 -1 $-1 $4336 $4776 $50 $-1 $4777 forward single #
loop $-1 -1 $-1 $4778 $4779 $3844 #
cone-surface $-1 -1 $-1 129.2261203886293117 -254.9999999999999147 -227.9926860634071204 -2.83276944882391881e-16 -1 1.649216336426407009e-30 0.8013360243408319539 -2.270000207994778755e-16 -3.020510813768698899 1 I I 0 1 3.125000000000003553 forward I I I I #
loop $-1 -1 $-1 $-1 $4780 $3415 #
coedge $-1 -1 $-1 $4329 $4329 $4781 $4782 reversed $3845 $-1 #
coedge $-1 -1 $-1 $4330 $4330 $4783 $4784 forward $3847 $-1 #
coedge $-1 -1 $-1 $4331 $4331 $3848 $4332 reversed $4778 $-1 #
edge $-1 -1 $-1 $4785 -3.141592653589793116 $4785 3.141592653589793116 $3848 $4786 forward @7 unknown #
vertex $-1 -1 $-1 $3850 $4787 #
ellipse-curve $-1 -1 $-1 118.1808301491626452 -254.9999999999998863 -230.9229814716667022 2.83276944882391881e-16 1 -1.649216336426407009e-30 0.8013360243408319539 -2.270000207994778755e-16 -3.020510813768698899 1 I I #
point $-1 -1 $-1 117.379494124821818 -271.9999999999999432 -227.9024706578979931 #
face $4788 -1 $-1 $4789 $3853 $50 $-1 $3417 reversed single #
point $-1 -1 $-1 117.6519483730976958 -254.9999999999998863 -228.9294443345793582 #
DXID-attrib $-1 -1 $-1 $-1 $3858 @10 ASM ENTITY @2 19 #
face $4790 -1 $-1 $3460 $3880 $52 $-1 $4791 reversed single #
plane-surface $-1 -1 $-1 -158.6634023240831937 -29.99999999999995026 -334.3930743419174405 8.104698438784437497e-17 1 2.43874157026120405e-17 -4.702248931595550019 1.658727809094294828e-16 8.825466275801435501 forward_v I I I I #
coedge $-1 -1 $-1 $3879 $3866 $3862 $4342 reversed $3880 $-1 #
edge $-1 -1 $-1 $4346 -0.6250000000000004441 $3871 1.875 $4341 $4792 forward @7 tangent #
coedge $-1 -1 $-1 $4793 $4794 $3863 $4344 reversed $4795 $-1 #
edge $-1 -1 $-1 $3870 -1.875 $4345 0.6250000000000004441 $4343 $4796 forward @7 tangent #
vertex $-1 -1 $-1 $3864 $4797 #
vertex $-1 -1 $-1 $3864 $4798 #
ellipse-curve $-1 -1 $-1 -166.0062915151713412 -84.99999999999994316 -309.9782841866160652 0.4702248931595550685 -1.658727809094295074e-17 -0.8825466275801437943 -4.052349219392217886e-16 -4.999999999999999112 -1.219370785130601779e-16 1 F 0 F 1.570796326794896558 #
ellipse-curve $-1 -1 $-1 -158.6634023240831937 -59.99999999999994316 -334.3930743419174405 0.8825466275801437943 -8.299531269023102025e-17 0.4702248931595550685 11.75562232898887594 -1.945490451207764883e-15 -22.06366568950359053 1 F -1.792610797291690927 F 1.792610797291691149 #
coedge $-1 -1 $-1 $4799 $3868 $3875 $4358 forward $3859 $-1 #
coedge $-1 -1 $-1 $3868 $4799 $4793 $4800 reversed $3859 $-1 #
ellipse-curve $-1 -1 $-1 -154.2506691861824777 -59.99999999999994316 -332.0419498761196451 -0.8825466275801437943 8.299531269023102025e-17 -0.4702248931595550685 14.10674679478664828 -2.334588541449317939e-15 -26.4763988274043065 1 F -1.792610797291691149 F 1.792610797291690927 #
point $-1 -1 $-1 -154.2506691861824777 -89.99999999999994316 -332.0419498761196451 #
point $-1 -1 $-1 -158.6634023240831937 -84.99999999999994316 -334.3930743419174405 #
ellipse-curve $-1 -1 $-1 -154.2506691861824777 -34.99999999999994316 -332.0419498761196451 -0.4702248931595550685 8.524154280426090149e-17 0.8825466275801437943 5.666496433880604727e-16 4.999999999999999112 -1.810158704456058663e-16 1 F 0 F 1.570796326794896558 #
coedge $-1 -1 $-1 $3875 $3874 $3896 $4373 reversed $3876 $-1 #
coedge $-1 -1 $-1 $3884 $3900 $3874 $4357 reversed $4363 $-1 #
edge $-1 -1 $-1 $3443 0.5 $3902 1 $4356 $4801 forward @7 tangent #
edge $-1 -1 $-1 $3877 0.5 $4374 1 $4349 $4802 forward @7 tangent #
point $-1 -1 $-1 -154.2506691861824777 -29.99999999999995026 -332.0419498761196451 #
point $-1 -1 $-1 -158.6634023240831937 -34.99999999999994316 -334.3930743419174405 #
ellipse-curve $-1 -1 $-1 -170.4190246530720572 -59.99999999999994316 -312.3294086524138606 0.8825466275801437943 -8.299531269023102025e-17 0.4702248931595550685 -11.75562232898887594 1.945490451207764883e-15 22.06366568950359053 1 F -1.570796326794896558 F 1.570796326794896558 #
coedge $-1 -1 $-1 $3900 $3884 $4794 $4803 forward $4363 $-1 #
loop $-1 -1 $-1 $-1 $3884 $4804 #
ellipse-curve $-1 -1 $-1 -166.0062915151713412 -59.99999999999994316 -309.9782841866160652 -0.8825466275801437943 8.299531269023102025e-17 -0.4702248931595550685 -14.10674679478664828 2.334588541449317939e-15 26.4763988274043065 1 F -1.570796326794896558 F 1.570796326794896558 #
coedge $-1 -1 $-1 $3889 $3888 $4799 $4805 forward $3890 $-1 #
face $4806 -1 $-1 $3898 $3890 $52 $-1 $4807 forward single #
coedge $-1 -1 $-1 $4794 $4793 $3892 $4368 reversed $4795 $-1 #
edge $-1 -1 $-1 $3904 -0.6250000000000004441 $4369 1.875 $4367 $4808 forward @7 tangent #
vertex $-1 -1 $-1 $4805 $4809 #
ellipse-curve $-1 -1 $-1 -149.8379360482817617 -84.99999999999994316 -329.6908254103219065 -0.4702248931595550685 1.658727809094295074e-17 0.8825466275801437943 -4.052349219392217886e-16 -4.999999999999999112 -1.219370785130601779e-16 1 F 0 F 1.570796326794896558 #
DXID-attrib $-1 -1 $-1 $-1 $3894 @10 ASM ENTITY @2 22 #
cone-surface $-1 -1 $-1 -158.6546527950234236 -84.99999999999994316 -313.1430761431942074 0.4702248931595550685 -1.658727809094295074e-17 -0.8825466275801437943 3.120273525376189294 -3.535533905932737309 1.662496053179205457 1 I I 0 1 4.999999999999998224 forward I I I I #
edge $-1 -1 $-1 $4374 -0.6250000000000003331 $3902 1.875 $4355 $4810 forward @7 tangent #
vertex $-1 -1 $-1 $4358 $4811 #
ellipse-curve $-1 -1 $-1 -149.8379360482817617 -34.99999999999994316 -329.6908254103219065 0.4702248931595550685 -1.390519580056781852e-16 -0.8825466275801437943 6.931646270828492307e-16 4.999999999999999112 -4.184668727690965721e-16 1 F 0 F 1.570796326794896558 #
DXID-attrib $-1 -1 $-1 $-1 $3898 @10 ASM ENTITY @2 24 #
face $4812 -1 $-1 $4804 $4795 $52 $-1 $4813 forward single #
cone-surface $-1 -1 $-1 -152.7768416305289634 -34.99999999999994316 -324.1749089879459689 -0.4702248931595550685 1.658727809094295074e-17 0.8825466275801437943 3.120273525376190626 3.535533905932735976 1.662496053179205457 1 I I 0 1 4.999999999999998224 forward I I I I #
ellipse-curve $-1 -1 $-1 -161.5935583772706252 -59.99999999999994316 -307.6271597208183266 0.8825466275801437943 -8.299531269023102025e-17 0.4702248931595550685 -14.10674679478664828 2.334588541449317939e-15 26.4763988274043065 1 F -1.792610797291690927 F 1.792610797291691149 #
point $-1 -1 $-1 -161.5935583772706252 -29.99999999999995026 -307.6271597208183266 #
point $-1 -1 $-1 -161.5935583772706252 -89.99999999999994316 -307.6271597208182698 #
DXID-attrib $-1 -1 $-1 $-1 $3909 @10 ASM ENTITY @2 19 #
face $4814 -1 $-1 $3497 $3931 $54 $-1 $4815 reversed single #
plane-surface $-1 -1 $-1 175.043784138376509 -210.0000000000001705 -314.8132595632532684 2.832769448823919303e-16 1 -8.833153590256991946e-31 -9.66563460405983399 2.738051440987595208e-15 -2.564275277890662341 forward_v I I I I #
coedge $-1 -1 $-1 $3930 $3917 $3913 $4386 reversed $3931 $-1 #
edge $-1 -1 $-1 $4390 -0.6250000000000004441 $3922 1.875 $4385 $4816 forward @7 tangent #
coedge $-1 -1 $-1 $4817 $4818 $3914 $4388 reversed $4819 $-1 #
edge $-1 -1 $-1 $3921 -1.875 $4389 0.6250000000000004441 $4387 $4820 forward @7 tangent #
vertex $-1 -1 $-1 $3915 $4821 #
vertex $-1 -1 $-1 $3915 $4822 #
ellipse-curve $-1 -1 $-1 149.5975599892815922 -265.0000000000001705 -316.3911304559500195 0.9665634604059828439 -2.738051440987593926e-16 0.2564275277890660787 -1.41638472441196049e-15 -5.000000000000002665 4.41657679512849825e-30 1 F 0 F 1.570796326794896558 #
ellipse-curve $-1 -1 $-1 175.043784138376509 -240.0000000000001705 -314.8132595632532684 -0.2564275277890660787 7.264000665583214955e-17 0.9665634604059828439 24.16408651014958409 -8.375937101403180725e-15 6.410688194726655631 1 F -1.792610797291690927 F 1.792610797291691149 #
coedge $-1 -1 $-1 $4823 $3919 $3926 $4402 forward $3910 $-1 #
coedge $-1 -1 $-1 $3919 $4823 $4817 $4824 reversed $3910 $-1 #
ellipse-curve $-1 -1 $-1 173.7616464994311798 -240.0000000000001705 -309.9804422612233452 0.2564275277890660787 -7.264000665583214955e-17 -0.9665634604059828439 28.99690381217950019 -1.005112452168381561e-14 7.69282583367198658 1 F -1.792610797291691149 F 1.792610797291690927 #
point $-1 -1 $-1 173.7616464994311798 -270.0000000000001705 -309.9804422612233452 #
point $-1 -1 $-1 175.043784138376509 -265.0000000000001705 -314.8132595632532684 #
ellipse-curve $-1 -1 $-1 173.7616464994311798 -215.0000000000001705 -309.9804422612233452 -0.9665634604059828439 3.424594088120773434e-16 -0.2564275277890660787 1.748178242776625378e-15 5.000000000000002665 8.802421686305682194e-17 1 F 0 F 1.570796326794896558 #
coedge $-1 -1 $-1 $3926 $3925 $3947 $4417 reversed $3927 $-1 #
coedge $-1 -1 $-1 $3935 $3951 $3925 $4401 reversed $4407 $-1 #
edge $-1 -1 $-1 $3480 0.5 $3953 1 $4400 $4825 forward @7 tangent #
edge $-1 -1 $-1 $3928 0.5 $4418 1 $4393 $4826 forward @7 tangent #
point $-1 -1 $-1 173.7616464994311798 -210.0000000000001705 -309.9804422612233452 #
point $-1 -1 $-1 175.043784138376509 -215.0000000000001705 -314.8132595632532684 #
ellipse-curve $-1 -1 $-1 150.8796976282269213 -240.0000000000001705 -321.2239477579799427 -0.2564275277890660787 7.264000665583214955e-17 0.9665634604059828439 -24.16408651014958409 8.375937101403180725e-15 -6.410688194726655631 1 F -1.570796326794896558 F 1.570796326794896558 #
coedge $-1 -1 $-1 $3951 $3935 $4818 $4827 forward $4407 $-1 #
loop $-1 -1 $-1 $-1 $3935 $4828 #
ellipse-curve $-1 -1 $-1 149.5975599892815922 -240.0000000000001705 -316.3911304559500195 0.2564275277890660787 -7.264000665583214955e-17 -0.9665634604059828439 -28.99690381217950019 1.005112452168381561e-14 -7.69282583367198658 1 F -1.570796326794896558 F 1.570796326794896558 #
coedge $-1 -1 $-1 $3940 $3939 $4823 $4829 forward $3941 $-1 #
face $4830 -1 $-1 $3949 $3941 $54 $-1 $4831 forward single #
coedge $-1 -1 $-1 $4818 $4817 $3943 $4412 reversed $4819 $-1 #
edge $-1 -1 $-1 $3955 -0.6250000000000004441 $4413 1.875 $4411 $4832 forward @7 tangent #
vertex $-1 -1 $-1 $4829 $4833 #
ellipse-curve $-1 -1 $-1 172.4795088604858506 -265.0000000000001705 -305.147624959193422 -0.9665634604059828439 2.738051440987593926e-16 -0.2564275277890660787 -1.41638472441196049e-15 -5.000000000000002665 4.41657679512849825e-30 1 F 0 F 1.570796326794896558 #
DXID-attrib $-1 -1 $-1 $-1 $3945 @10 ASM ENTITY @2 22 #
cone-surface $-1 -1 $-1 154.3564439778736528 -265.0000000000001705 -309.9556411052384419 0.9665634604059828439 -2.738051440987593926e-16 0.2564275277890660787 -0.9066082189127537827 -3.535533905932739085 3.417317886501029189 1 I I 0 1 5.000000000000001776 forward I I I I #
edge $-1 -1 $-1 $4418 -0.6250000000000003331 $3953 1.875 $4399 $4834 forward @7 tangent #
vertex $-1 -1 $-1 $4402 $4835 #
ellipse-curve $-1 -1 $-1 172.4795088604858506 -215.0000000000001705 -305.147624959193422 0.9665634604059828439 -3.962698240134946394e-16 0.2564275277890660787 2.008234148391448655e-15 5.000000000000002665 1.570165755600699542e-16 1 F 0 F 1.570796326794896558 #
DXID-attrib $-1 -1 $-1 $-1 $3949 @10 ASM ENTITY @2 24 #
face $4836 -1 $-1 $4828 $4819 $54 $-1 $4837 forward single #
cone-surface $-1 -1 $-1 166.4384872329484608 -215.0000000000001705 -306.7502970078750764 -0.9665634604059828439 2.738051440987593926e-16 -0.2564275277890660787 -0.9066082189127518953 3.535533905932739085 3.417317886501029189 1 I I 0 1 5.000000000000001776 forward I I I I #
ellipse-curve $-1 -1 $-1 148.315422350336263 -240.0000000000001705 -311.5583131539200963 -0.2564275277890660787 7.264000665583214955e-17 0.9665634604059828439 -28.99690381217950019 1.005112452168381561e-14 -7.69282583367198658 1 F -1.792610797291690927 F 1.792610797291691149 #
point $-1 -1 $-1 148.315422350336263 -210.0000000000001421 -311.5583131539200963 #
point $-1 -1 $-1 148.3154223503362346 -270.0000000000001705 -311.5583131539200963 #
coedge $-1 -1 $-1 $4433 $4838 $3963 $4427 reversed $4507 $-1 #
edge $-1 -1 $-1 $3974 -26.25 $4060 8.75 $4426 $4839 forward @7 tangent #
ellipse-curve $-1 -1 $-1 -75.00000000000001421 -10 350 0 0 -1 -10 0 0 1 F 0 F 1.570796326794896558 #
ellipse-curve $-1 -1 $-1 -75.00000000000001421 -10 4.440892098500626162e-15 4.440892098500626162e-16 0 -1 -10 0 -4.440892098500626162e-15 1 F 0 F 1.570796326794896558 #
intcurve-curve $-1 -1 $-1 forward { surfintcur full nubs 3 open 7 
	-0.001499210864645922738 3 0 2 0.2185744985792041351 2 0.4363909385081623515 2 0.8344777657870616761 2 
	1.220386562979402623 2 1.600522887225515056 3 
	-37.41657386773938043 0 -65.00000000000004263 
	-37.41786418300853967 -2.956246953285154397e-19 -65.00482791765817581 
	-37.41915443585652667 -3.496318333342462407e-06 -65.00965585149417336 
	-37.60854525545273219 -0.001029976983115505392 -65.7183647192364333 
	-37.79488517612483633 -0.07636491163752176514 -66.42101825300842677 
	-38.1574655139976997 -0.3736955832214182704 -67.79797112037516627 
	-38.33294195602539389 -0.5945284769413237136 -68.46932321342660543 
	-38.80587857299202881 -1.416205453572262574 -70.29013854404047379 
	-39.08009007700663062 -2.173368398934412582 -71.36005937691660961 
	-39.53027499057863281 -4.04080037820087945 -73.12967680104503643 
	-39.70479919552293779 -5.122030583165354756 -73.82285160913993138 
	-39.9400662207805226 -7.482916953852929431 -74.75976299181195373 
	-39.99999999999999289 -8.734398564306030011 -75.00000000000002842 
	-39.99999999999999289 -10 -75.00000000000002842 
	2.49341163999429871e-05 
	
	torus 0 -10 0 0 1 0 75.00000000000001421 10 0 0 1 forward_v I I I I 
	cone -19.99999999999999645 -10 -65.00000000000002842 1 0 0 0 7.071067811865480834 -7.071067811865469288 1 I I 0 1 10 forward I I I I 
	nullbs 
	nullbs 
	F 0 I 
	0 
	1 0 
	0 
	} I I #
coedge $-1 -1 $-1 $3971 $3970 $4474 $4840 reversed $3972 $-1 #
edge $-1 -1 $-1 $3973 1 $4487 29 $3970 $4841 forward @7 unknown #
coedge $-1 -1 $-1 $4842 $4426 $3971 $4434 forward $4507 $-1 #
edge $-1 -1 $-1 $3974 1 $4843 29 $3971 $4844 forward @7 tangent #
face $4845 -1 $-1 $4846 $3972 $34 $-1 $4847 forward single #
point $-1 -1 $-1 -40.00000000000000711 -10 -75.00000000000001421 #
point $-1 -1 $-1 -85.00000000000001421 -10 0 #
coedge $-1 -1 $-1 $4457 $3976 $3979 $4442 reversed $4440 $-1 #
coedge $-1 -1 $-1 $3976 $4457 $3983 $4445 forward $4440 $-1 #
loop $-1 -1 $-1 $-1 $4457 $3999 #
straight-curve $-1 -1 $-1 -15 -255 -45.00000000000001421 -0 -10 -0 I I #
edge $-1 -1 $-1 $4460 0 $3981 3 $4438 $4848 forward @7 unknown #
point $-1 -1 $-1 -15 -255 -45.00000000000001421 #
coedge $4849 -1 $-1 $3984 $3983 $4456 $4850 reversed $3985 $-1 #
edge $-1 -1 $-1 $4851 0 $3986 3 $3983 $4852 forward @7 unknown #
face $4853 -1 $-1 $3991 $3985 $34 $-1 $4854 reversed single #
point $-1 -1 $-1 -15 -225 -45.00000000000001421 #
ATTRIB_CUSTOM-attrib $-1 -1 $-1 $-1 $3988 @17 sketch_attrib_def 1 1 3 @13 246 0 0 0 1 1 #
edge $-1 -1 $-1 $4452 -12.75 $4450 -9.75 $3994 $4855 forward @7 unknown #
vertex $-1 -1 $-1 $4449 $4856 #
straight-curve $-1 -1 $-1 15 -225 -75.00000000000001421 0 0 10 I I #
vertex $-1 -1 $-1 $3997 $4857 #
straight-curve $-1 -1 $-1 15 -255 -75.00000000000001421 0 0 10 I I #
DXID-attrib $-1 -1 $-1 $-1 $3991 @10 ASM ENTITY @2 34 #
plane-surface $-1 -1 $-1 15 -255 -75.00000000000001421 1 0 0 0 10 0 forward_v I I I I #
coedge $-1 -1 $-1 $3995 $3994 $4444 $4850 forward $3122 $-1 #
coedge $4858 -1 $-1 $4439 $4438 $3995 $4458 reversed $4440 $-1 #
edge $-1 -1 $-1 $4851 11.25 $4460 14.25 $3995 $4859 forward @7 unknown #
ATTRIB_CUSTOM-attrib $-1 -1 $4860 $-1 $3996 @17 sketch_attrib_def 1 1 3 @13 243 0 0 0 2 2 #
vertex $-1 -1 $-1 $3997 $4861 #
straight-curve $-1 -1 $-1 -27.50000000000000355 -255 -75.00000000000001421 10 0 0 I I #
DXID-attrib $-1 -1 $-1 $-1 $3999 @10 ASM ENTITY @2 32 #
plane-surface $-1 -1 $-1 -15 -225 -75.00000000000001421 -1 0 0 -0 -10 -0 forward_v I I I I #
edge $-1 -1 $-1 $3571 -26.25 $4465 8.749999999999998224 $4001 $4862 forward @7 tangent #
vertex $-1 -1 $-1 $4035 $4863 #
ellipse-curve $-1 -1 $-1 0 -300 0 0 1 0 64.31196942844083253 0 -38.5871816570644981 1 I I #
coedge $-1 -1 $-1 $4048 $4864 $4004 $4468 forward $4502 $-1 #
edge $-1 -1 $-1 $4472 -0.5404195002705839412 $4039 0.5080620047182631271 $4004 $4865 forward @7 tangent #
coedge $-1 -1 $-1 $4866 $4005 $4864 $4867 reversed $4471 $-1 #
coedge $-1 -1 $-1 $4005 $4866 $4007 $4475 forward $4471 $-1 #
loop $-1 -1 $-1 $-1 $4470 $4042 #
vertex $-1 -1 $-1 $4867 $4868 #
straight-curve $-1 -1 $-1 -75.00000000000001421 -300 262.5 0 0 10 F -27.3500009999999989 F 9.850000999999998896 #
coedge $-1 -1 $-1 $4008 $4007 $4431 $4840 forward $4009 $-1 #
edge $-1 -1 $-1 $4843 0 $4011 1.570796326794896558 $4470 $4869 forward @7 tangent #
coedge $-1 -1 $-1 $4024 $4483 $4008 $4477 forward $4486 $-1 #
edge $-1 -1 $-1 $4010 -65.9472480447699354 $4487 -0 $4476 $4870 forward @7 unknown #
face $4871 -1 $-1 $3123 $4009 $34 $-1 $4872 forward single #
point $-1 -1 $-1 37.41657386773938754 -300 -65.00000000000002842 #
point $-1 -1 $-1 -75.00000000000001421 -300 0 #
straight-curve $-1 -1 $-1 -75.00000000000001421 0 262.5 0 0 -10 F -9.850000999999998896 F 27.3500009999999989 #
point $-1 -1 $-1 -75.00000000000001421 0 4.440892098500626162e-15 #
coedge $-1 -1 $-1 $4476 $4024 $4020 $4484 reversed $4486 $-1 #
edge $-1 -1 $-1 $4010 -0.001499210938506297369 $3544 1.600522926051743955 $4020 $4873 forward @7 unknown #
face $4874 -1 $-1 $4036 $4021 $34 $-1 $4875 forward single #
loop $-1 -1 $-1 $-1 $4476 $4846 #
vertex $-1 -1 $-1 $4432 $4876 #
straight-curve $-1 -1 $-1 -19.99999999999999645 -290 -75.00000000000001421 10 0 0 F -7.600001000000000673 F 11.60000100000000245 #
straight-curve $-1 -1 $-1 -19.99999999999999645 -10 -75.00000000000001421 -10 0 0 F -11.60000100000000245 F 7.600001000000000673 #
DXID-attrib $-1 -1 $-1 $-1 $4032 @10 ASM ENTITY @2 17 #
cone-surface $-1 -1 $-1 -19.99999999999999645 -10 -65.00000000000002842 1 0 0 0 7.071067811865480834 -7.071067811865469288 1 I I 0 1 10 forward I I I I #
ellipse-curve $-1 -1 $-1 75.00000000000001421 -290 0 0 0 -1 10 0 0 1 F 0 F 1.570796326794896558 #
DXID-attrib $-1 -1 $-1 $-1 $4036 @10 ASM ENTITY @2 26 #
cone-surface $-1 -1 $-1 75.00000000000001421 -290 87.49999999999998579 0 0 1 7.071067811865474617 -7.071067811865474617 0 1 I I 0 1 9.999999999999998224 forward I I I I #
ellipse-curve $-1 -1 $-1 0 -300 349.9999999999998863 0 1 0 64.3119694284407899 0 38.58718165706459047 1 I I #
point $-1 -1 $-1 -37.41657386773940175 -300 414.9999999999998863 #
DXID-attrib $-1 -1 $-1 $-1 $4042 @10 ASM ENTITY @2 28 #
cone-surface $-1 -1 $-1 -75.00000000000001421 -290 262.5 0 0 -1 -7.071067811865474617 -7.071067811865474617 0 1 I I 0 1 9.999999999999998224 forward I I I I #
coedge $-1 -1 $-1 $4045 $4044 $4838 $4877 forward $4046 $-1 #
coedge $-1 -1 $-1 $4864 $4048 $4045 $4501 forward $4502 $-1 #
edge $-1 -1 $-1 $3566 -0.5404195002705832751 $4878 0.5404195002705831641 $4045 $4879 forward @7 tangent #
loop $-1 -1 $-1 $-1 $4500 $4880 #
intcurve-curve $-1 -1 $-1 forward { surfintcur full nubs 3 open 7 
	-0.001499210938407167246 3 0 2 0.2185745031086438472 2 0.4363909484305094066 2 0.8344777855655607368 2 
	1.220386592312566076 2 1.600522925970416566 3 
	-37.41657386773938754 -300 414.9999999999998863 
	-37.41786418307204087 -300 415.0048279178955113 
	-37.41915443581659417 -299.9999965036819844 415.0096558512449292 
	-37.60854525845932983 -299.9989700229961045 415.7183647340554558 
	-37.79488517685820881 -299.9236350877612836 416.4210182557922053 
	-38.15746551399772102 -299.6263044167786802 417.797971120374541 
	-38.33294195602532994 -299.4054715230587931 418.4693232134262644 
	-38.80587857299208565 -298.5837945464276686 420.2901385440404738 
	-39.08009007700670168 -297.8266316010655146 421.3600593769165243 
	-39.53027499057870386 -295.9591996217990868 423.1296768010448659 
	-39.70479919552297332 -294.8779694168346168 423.8228516091397182 
	-39.94006622078054392 -292.5170830461471496 424.7597629918117832 
	-40.00000000000002842 -291.2656014356940091 424.9999999999998863 
	-40.00000000000002842 -290 424.9999999999998863 
	2.493411631678123475e-05 
	
	torus 0 -290 349.9999999999998863 -0 -1 -0 75.00000000000001421 10 0 0 -1 forward_v I I I I 
	cone 19.99999999999987921 -290 414.9999999999999432 -1 0 -8.88178419700125824e-16 -6.280369834735099681e-15 -7.071067811865474617 7.071067811865474617 1 I I 0 1 9.999999999999998224 forward I I I I 
	nullbs 
	nullbs 
	F 0 I 
	0 
	1 0 
	0 
	} I I #
DXID-attrib $-1 -1 $-1 $-1 $4050 @10 ASM ENTITY @2 24 #
cone-surface $-1 -1 $-1 19.99999999999987921 -290 414.9999999999999432 -1 0 -8.88178419700125824e-16 -6.280369834735099681e-15 -7.071067811865474617 7.071067811865474617 1 I I 0 1 9.999999999999998224 forward I I I I #
DXID-attrib $-1 -1 $-1 $-1 $4053 @10 ASM ENTITY @2 20 #
loop $-1 -1 $-1 $-1 $4426 $4053 #
plane-surface $-1 -1 $-1 -85.00000000000001421 0 350 -1 0 0 -0 -0 -10 forward_v I I I I #
point $-1 -1 $-1 -75.00000000000001421 0 350 #
point $-1 -1 $-1 -85.00000000000001421 -10 350 #
edge $-1 -1 $-1 $4072 0 $4515 3 $4063 $4881 forward @7 unknown #
coedge $-1 -1 $-1 $4065 $4064 $4522 $4882 reversed $3608 $-1 #
vertex $-1 -1 $-1 $4086 $4883 #
straight-curve $-1 -1 $-1 10.00000014901162615 -49.99999985098835964 -74.99999999999998579 -2.832769448823919007e-15 -10.00000000000001243 2.366582715663034856e-29 I I #
vertex $-1 -1 $-1 $4511 $4884 #
straight-curve $-1 -1 $-1 -10.00000014901162615 -70.00000014901161194 -74.99999999999998579 2.832769448823919007e-15 10.00000000000001243 -2.366582715663034856e-29 I I #
straight-curve $-1 -1 $-1 -12.50000007450582018 -49.99999985098835964 -44.99999999999994316 10.00000000000001243 -2.832769448823919007e-15 -6.21227962861547021e-29 I I #
point $-1 -1 $-1 -10.0000001490116226 -49.99999985098835964 -44.99999999999994316 #
point $-1 -1 $-1 10.00000014901162615 -49.99999985098835964 -44.99999999999994316 #
point $-1 -1 $-1 4.333271268097802417e-15 -45.99999999999997158 -57.65138140769181518 #
point $-1 -1 $-1 3.759295453577038696e-15 -44.99999999999997158 -58.65138140769181518 #
coedge $-1 -1 $-1 $4083 $4082 $4512 $4882 forward $3202 $-1 #
point $-1 -1 $-1 2.465375451291375428e-15 -49.99999985098835964 -57.65138140769181518 #
straight-curve $-1 -1 $-1 10.00000014901162615 -49.99999985098835964 -44.99999999999994316 -6.212279628615471331e-29 -2.366582715663033174e-29 -10.00000000000001243 I I #
coedge $-1 -1 $-1 $4563 $4087 $4554 $4885 reversed $4089 $-1 #
ATTRIB_CUSTOM-attrib $-1 -1 $-1 $-1 $4088 @17 sketch_attrib_def 1 1 3 @13 220 0 1 0 1 1 #
coedge $-1 -1 $-1 $4088 $4562 $4886 $4887 reversed $4089 $-1 #
coedge $-1 -1 $-1 $4108 $4554 $4091 $4529 reversed $3635 $-1 #
edge $-1 -1 $-1 $4110 -1.570796326794896558 $4530 1.570796326794896558 $4528 $4888 forward @7 unknown #
vertex $-1 -1 $-1 $4529 $4889 #
straight-curve $-1 -1 $-1 -12.72750025137108487 -75.00000000000001421 -126.7134511137582678 -5.291953529289123104 1.487449796687664545e-15 -8.485000167580707853 I I #
ATTRIB_CUSTOM-attrib $-1 -1 $-1 $-1 $4096 @17 sketch_attrib_def 1 1 3 @13 223 0 0 0 1 3 #
coedge $4890 -1 $-1 $4886 $4103 $4096 $4534 reversed $4545 $-1 #
edge $-1 -1 $-1 $4535 -1.570796326794896558 $4105 1.570796326794896558 $4096 $4891 forward @7 unknown #
vertex $-1 -1 $-1 $4097 $4892 #
straight-curve $-1 -1 $-1 -12.72750025137107599 -44.99999999999997868 -126.7134511137582678 -5.291953529289123992 1.487449796687664742e-15 -8.485000167580706076 F 0 F 8.96513811841744257 #
coedge $-1 -1 $-1 $4537 $4537 $4893 $4894 reversed $4099 $-1 #
DXID-attrib $-1 -1 $-1 $-1 $4100 @10 ASM ENTITY @2 26 #
face $4895 -1 $-1 $4896 $4897 $38 $-1 $4898 forward single #
plane-surface $-1 -1 $-1 -19.75258206533717598 -44.99999999999997868 -166.3222305954117815 2.810776376729614071e-16 1 -1.551834409292681599e-30 -5.291953529289123104 1.487449796687664545e-15 -8.485000167580707853 forward_v I I I I #
coedge $-1 -1 $-1 $4107 $4102 $4557 $4899 forward $2837 $-1 #
coedge $-1 -1 $-1 $4900 $4560 $4102 $4543 reversed $4901 $-1 #
edge $-1 -1 $-1 $4546 9.184850993605148438e-17 $4902 1.500000000000000222 $4102 $4903 forward @7 unknown #
coedge $-1 -1 $-1 $4103 $4886 $4900 $4904 forward $4545 $-1 #
loop $-1 -1 $-1 $-1 $4544 $4113 #
vertex $-1 -1 $-1 $4543 $4905 #
straight-curve $-1 -1 $-1 12.72750025137104579 -44.99999999999998579 -142.5893117016256326 -2.810776376729617128e-15 -10.00000000000001066 1.551834409292683281e-29 I I #
point $-1 -1 $-1 12.72750025137104579 -44.99999999999998579 -142.5893117016256326 #
coedge $-1 -1 $-1 $4558 $4555 $4107 $4550 reversed $4906 $-1 #
edge $-1 -1 $-1 $4907 -1.500000000000000222 $4551 -9.184850993605148438e-17 $4107 $4908 forward @7 unknown #
vertex $-1 -1 $-1 $4556 $4909 #
point $-1 -1 $-1 12.72750025137103691 -75.00000000000002842 -142.5893117016256326 #
DXID-attrib $-1 -1 $-1 $-1 $4113 @10 ASM ENTITY @2 36 #
coedge $-1 -1 $-1 $4528 $4115 $4525 $4885 forward $3635 $-1 #
coedge $-1 -1 $-1 $4549 $4910 $4115 $4556 reversed $4906 $-1 #
edge $-1 -1 $-1 $4551 1.570796326794896558 $4911 4.712388980384689674 $4115 $4912 forward @7 unknown #
coedge $-1 -1 $-1 $4117 $4116 $4541 $4899 reversed $3218 $-1 #
coedge $-1 -1 $-1 $4910 $4549 $4116 $4559 reversed $4906 $-1 #
edge $-1 -1 $-1 $4564 0 $4907 3 $4116 $4913 forward @7 unknown #
coedge $-1 -1 $-1 $4542 $4914 $4117 $4561 reversed $4901 $-1 #
edge $-1 -1 $-1 $4902 -3 $4565 -0 $4117 $4915 forward @7 unknown #
coedge $-1 -1 $-1 $4527 $4118 $4914 $4916 forward $4089 $-1 #
coedge $-1 -1 $-1 $4118 $4525 $4910 $4917 forward $4089 $-1 #
vertex $-1 -1 $-1 $4917 $4918 #
vertex $-1 -1 $-1 $4916 $4919 #
straight-curve $-1 -1 $-1 -20.66543054530476198 -59.99999999999999289 -139.4409513651293366 2.810776376729617128e-15 10.00000000000001066 -1.551834409292683281e-29 I I #
DXID-attrib $-1 -1 $-1 $-1 $4121 @10 ASM ENTITY @2 18 #
loop $-1 -1 $-1 $4920 $4573 $4121 #
plane-surface $-1 -1 $-1 -0.5122551174829513831 -92.00000000000002842 -144.9210266723292762 -2.810776376729614071e-16 -1 1.551834409292681599e-30 -5.291953529289123992 1.487449796687664742e-15 -8.485000167580706076 forward_v I I I I #
loop $-1 -1 $-1 $-1 $4127 $3639 #
coedge $-1 -1 $-1 $4571 $4571 $4921 $4922 reversed $4122 $-1 #
coedge $4923 -1 $-1 $4572 $4572 $4924 $4925 reversed $4124 $-1 #
coedge $-1 -1 $-1 $4573 $4573 $4125 $4574 forward $4568 $-1 #
edge $-1 -1 $-1 $4926 -3.141592653589793116 $4926 3.141592653589793116 $4125 $4927 forward @7 unknown #
coedge $4928 -1 $-1 $4575 $4575 $4126 $4576 reversed $4929 $-1 #
edge $4930 -1 $-1 $4931 -3.141592653589793116 $4931 3.141592653589793116 $4126 $4932 forward @7 unknown #
ATTRIB_CUSTOM-attrib $-1 -1 $-1 $-1 $4127 @17 sketch_attrib_def 1 1 3 @13 136 0 0 0 1 1 #
vertex $-1 -1 $-1 $4128 $4933 #
ellipse-curve $-1 -1 $-1 -0.5122551174829469423 -75.00000000000001421 -144.9210266723292762 2.810776376729614071e-16 1 -1.551834409292681599e-30 -1.653735477902851247 4.64828061464895232e-16 -2.65156255236897076 1 I I #
point $-1 -1 $-1 -8.554653765474668603 -75.00000000000001421 -136.2221464777004769 #
DXID-attrib $-1 -1 $-1 $-1 $4132 @10 ASM ENTITY @2 19 #
face $4934 -1 $-1 $4935 $4936 $38 $-1 $4937 reversed single #
edge $-1 -1 $-1 $4143 0 $4587 3 $4134 $4938 forward @7 unknown #
coedge $-1 -1 $-1 $4136 $4135 $4594 $4939 reversed $3679 $-1 #
vertex $-1 -1 $-1 $4156 $4940 #
straight-curve $-1 -1 $-1 10.00000014901162615 -229.9999998509883312 -75.00000000000001421 -2.832769448823928868e-15 -10.00000000000001243 1.577721810442136555e-29 I I #
vertex $-1 -1 $-1 $4583 $4941 #
straight-curve $-1 -1 $-1 -10.00000014901162615 -250.0000001490115551 -75.00000000000001421 2.832769448823928868e-15 10.00000000000001243 -1.577721810442136555e-29 I I #
straight-curve $-1 -1 $-1 -12.50000007450582018 -229.9999998509883028 -44.99999999999997158 10.00000000000001243 -2.832769448823928868e-15 1.594897878183755986e-28 I I #
point $-1 -1 $-1 -10.0000001490116226 -229.9999998509883312 -44.99999999999997158 #
point $-1 -1 $-1 10.00000014901162615 -229.9999998509883312 -44.99999999999997158 #
point $-1 -1 $-1 4.333271268097445851e-15 -225.9999999999999147 -57.65138140769184361 #
point $-1 -1 $-1 3.759295453576705796e-15 -224.9999999999999147 -58.65138140769184361 #
coedge $-1 -1 $-1 $4153 $4152 $4584 $4939 forward $3267 $-1 #
point $-1 -1 $-1 2.465375451291014524e-15 -229.9999998509883312 -57.65138140769184361 #
straight-curve $-1 -1 $-1 10.00000014901162615 -229.9999998509883312 -44.99999999999997158 1.594897878183755986e-28 -1.57772181044214132e-29 -10.00000000000001243 I I #
coedge $-1 -1 $-1 $4633 $4157 $4624 $4942 reversed $4159 $-1 #
coedge $-1 -1 $-1 $4158 $4632 $4943 $4944 reversed $4159 $-1 #
coedge $-1 -1 $-1 $4176 $4624 $4161 $4600 reversed $3704 $-1 #
edge $-1 -1 $-1 $4178 -1.570796326794896558 $4601 1.570796326794896558 $4599 $4945 forward @7 unknown #
vertex $-1 -1 $-1 $4600 $4946 #
straight-curve $-1 -1 $-1 -8.634031951807349614 -255 -146.9173298934458671 8.177298990502640308 -2.316440275419469073e-15 -5.75602130120491573 I I #
coedge $-1 -1 $-1 $4943 $4171 $4165 $4604 reversed $4615 $-1 #
edge $-1 -1 $-1 $4605 -1.570796326794896558 $4173 1.570796326794896558 $4165 $4947 forward @7 unknown #
vertex $-1 -1 $-1 $4166 $4948 #
straight-curve $-1 -1 $-1 -8.634031951807342509 -224.9999999999999432 -146.9173298934458671 8.177298990502638532 -2.316440275419469073e-15 -5.756021301204917506 F 0 F 8.96513811841744257 #
coedge $-1 -1 $-1 $4607 $4607 $4949 $4950 reversed $4167 $-1 #
DXID-attrib $-1 -1 $-1 $-1 $4168 @10 ASM ENTITY @2 26 #
face $4951 -1 $-1 $4952 $4953 $42 $-1 $4954 forward single #
plane-surface $-1 -1 $-1 30.52233329123733796 -224.9999999999999716 -156.136128485044253 2.832769448823924727e-16 1 -1.618242741091558582e-30 8.177298990502640308 -2.316440275419469073e-15 -5.75602130120491573 forward_v I I I I #
coedge $-1 -1 $-1 $4175 $4170 $4627 $4955 forward $2904 $-1 #
coedge $-1 -1 $-1 $4956 $4630 $4170 $4613 reversed $4957 $-1 #
edge $-1 -1 $-1 $4616 9.184850993605148438e-17 $4958 1.500000000000000222 $4170 $4959 forward @7 unknown #
coedge $-1 -1 $-1 $4171 $4943 $4956 $4960 forward $4615 $-1 #
loop $-1 -1 $-1 $-1 $4614 $4181 #
vertex $-1 -1 $-1 $4613 $4961 #
straight-curve $-1 -1 $-1 8.634031951807406458 -224.9999999999999432 -122.3854329219379338 -2.832769448823927685e-15 -10.00000000000001066 1.618242741091560404e-29 I I #
point $-1 -1 $-1 8.634031951807406458 -224.9999999999999432 -122.3854329219379338 #
coedge $-1 -1 $-1 $4628 $4625 $4175 $4620 reversed $4962 $-1 #
edge $-1 -1 $-1 $4963 -1.500000000000000222 $4621 -9.184850993605148438e-17 $4175 $4964 forward @7 unknown #
vertex $-1 -1 $-1 $4626 $4965 #
point $-1 -1 $-1 8.634031951807397576 -255 -122.3854329219379338 #
DXID-attrib $-1 -1 $-1 $-1 $4181 @10 ASM ENTITY @2 36 #
coedge $-1 -1 $-1 $4599 $4183 $4597 $4942 forward $3704 $-1 #
coedge $-1 -1 $-1 $4619 $4966 $4183 $4626 reversed $4962 $-1 #
edge $-1 -1 $-1 $4621 1.570796326794896558 $4967 4.712388980384689674 $4183 $4968 forward @7 unknown #
coedge $-1 -1 $-1 $4185 $4184 $4611 $4955 reversed $3283 $-1 #
coedge $-1 -1 $-1 $4966 $4619 $4184 $4629 reversed $4962 $-1 #
edge $-1 -1 $-1 $4634 0 $4963 3 $4184 $4969 forward @7 unknown #
coedge $-1 -1 $-1 $4612 $4970 $4185 $4631 reversed $4957 $-1 #
edge $-1 -1 $-1 $4958 -3 $4635 -0 $4185 $4971 forward @7 unknown #
coedge $-1 -1 $-1 $4598 $4186 $4970 $4972 forward $4159 $-1 #
coedge $-1 -1 $-1 $4186 $4597 $4966 $4973 forward $4159 $-1 #
vertex $-1 -1 $-1 $4973 $4974 #
vertex $-1 -1 $-1 $4972 $4975 #
straight-curve $-1 -1 $-1 3.631916533946612624 -239.9999999999999716 -155.5513618452532398 2.832769448823927685e-15 10.00000000000001066 -1.618242741091560404e-29 I I #
DXID-attrib $-1 -1 $-1 $-1 $4189 @10 ASM ENTITY @2 18 #
loop $-1 -1 $-1 $4976 $4643 $4189 #
plane-surface $-1 -1 $-1 10.22521342480846585 -272 -135.7344463106374803 -2.832769448823924727e-16 -1 1.618242741091558582e-30 8.177298990502638532 -2.316440275419469073e-15 -5.756021301204917506 forward_v I I I I #
loop $-1 -1 $-1 $-1 $4195 $3708 #
coedge $-1 -1 $-1 $4641 $4641 $4977 $4978 reversed $4190 $-1 #
coedge $-1 -1 $-1 $4642 $4642 $4979 $4980 reversed $4192 $-1 #
coedge $-1 -1 $-1 $4643 $4643 $4193 $4644 forward $4638 $-1 #
edge $-1 -1 $-1 $4981 -3.141592653589793116 $4981 3.141592653589793116 $4193 $4982 forward @7 unknown #
coedge $-1 -1 $-1 $4645 $4645 $4194 $4646 reversed $4983 $-1 #
edge $4984 -1 $-1 $4985 -3.141592653589793116 $4985 3.141592653589793116 $4194 $4986 forward @7 unknown #
vertex $-1 -1 $-1 $4196 $4987 #
ellipse-curve $-1 -1 $-1 10.2252134248084694 -255 -135.7344463106374803 2.832769448823924727e-16 1 -1.618242741091558582e-30 2.555405934532075207 -7.238875860685841347e-16 -1.798756656626536721 1 I I #
point $-1 -1 $-1 1.092181860847292407 -255 -143.2802018795260892 #
DXID-attrib $-1 -1 $-1 $-1 $4200 @10 ASM ENTITY @2 19 #
face $4988 -1 $-1 $4989 $4990 $42 $-1 $4991 reversed single #
edge $-1 -1 $-1 $4211 0 $4656 3 $4202 $4992 forward @7 unknown #
coedge $-1 -1 $-1 $4204 $4203 $4663 $4993 reversed $3747 $-1 #
vertex $-1 -1 $-1 $4224 $4994 #
straight-curve $-1 -1 $-1 -38.95809413059054549 -49.99999985098840227 -216.0125336426473837 -2.810776376729619494e-15 -10.00000000000001066 8.937897300164795141e-30 I I #
vertex $-1 -1 $-1 $4652 $4995 #
straight-curve $-1 -1 $-1 -55.92809471862467774 -70.00000014901164036 -205.4286264263566295 2.810776376729619494e-15 10.00000000000001066 -8.937897300164795141e-30 I I #
straight-curve $-1 -1 $-1 -42.17348410943429826 -49.99999985098840227 -178.6506375807203426 8.485000167580706076 -2.384943802758273615e-15 -5.291953529289123992 I I #
point $-1 -1 $-1 -40.05223413075729866 -49.99999985098840227 -179.9736259236145202 #
point $-1 -1 $-1 -23.08223354272317351 -49.99999985098840938 -190.5575331399052743 #
point $-1 -1 $-1 -38.26228608582201218 -46.00000000000001421 -196.0002768681991654 #
point $-1 -1 $-1 -38.79148143875092103 -45.00000000000000711 -196.8487768849572319 #
coedge $-1 -1 $-1 $4221 $4220 $4653 $4993 forward $3331 $-1 #
point $-1 -1 $-1 -38.26228608582201218 -49.99999985098840227 -196.0002768681991654 #
straight-curve $-1 -1 $-1 -23.08223354272317351 -49.99999985098840938 -190.5575331399052743 -5.291953529289123992 1.487449796687671448e-15 -8.485000167580706076 I I #
coedge $-1 -1 $-1 $4702 $4225 $4693 $4996 reversed $4227 $-1 #
coedge $-1 -1 $-1 $4226 $4701 $4997 $4998 reversed $4227 $-1 #
coedge $-1 -1 $-1 $4244 $4693 $4229 $4669 reversed $3772 $-1 #
edge $-1 -1 $-1 $4246 -1.570796326794896558 $4670 1.570796326794896558 $4668 $4999 forward @7 unknown #
vertex $-1 -1 $-1 $4669 $5000 #
straight-curve $-1 -1 $-1 -86.06370165874159284 -75.00000000000002842 -248.0965787448682534 -8.825466275801449711 8.299531269022938336e-16 -4.702248931595556236 I I #
coedge $-1 -1 $-1 $4997 $4239 $4233 $4673 reversed $4684 $-1 #
edge $-1 -1 $-1 $4674 -1.570796326794896558 $4241 1.570796326794896558 $4233 $5001 forward @7 unknown #
vertex $-1 -1 $-1 $4234 $5002 #
straight-curve $-1 -1 $-1 -86.06370165874159284 -45 -248.0965787448682534 -8.825466275801451488 8.299531269022938336e-16 -4.70224893159555446 F 0 F 8.96513811841744257 #
coedge $-1 -1 $-1 $4676 $4676 $5003 $5004 reversed $4235 $-1 #
DXID-attrib $-1 -1 $-1 $-1 $4236 @10 ASM ENTITY @2 26 #
face $5005 -1 $-1 $5006 $5007 $46 $-1 $5008 forward single #
plane-surface $-1 -1 $-1 -111.9519907141270494 -44.99999999999999289 -278.8862470818929751 8.104698438784292051e-17 1 2.438741570261104518e-17 -8.825466275801449711 8.299531269022938336e-16 -4.702248931595556236 forward_v I I I I #
coedge $-1 -1 $-1 $4243 $4238 $4696 $5009 forward $2971 $-1 #
coedge $-1 -1 $-1 $5010 $4699 $4238 $4682 reversed $5011 $-1 #
edge $-1 -1 $-1 $4685 9.184850993605148438e-17 $5012 1.500000000000000222 $4238 $5013 forward @7 unknown #
coedge $-1 -1 $-1 $4239 $4997 $5010 $5014 forward $4684 $-1 #
loop $-1 -1 $-1 $-1 $4683 $4249 #
vertex $-1 -1 $-1 $4682 $5015 #
straight-curve $-1 -1 $-1 -71.9569548639549339 -45 -274.5729775722726345 -8.104698438784301665e-16 -10.00000000000001243 -2.438741570261107415e-16 I I #
point $-1 -1 $-1 -71.9569548639549339 -45 -274.5729775722726345 #
coedge $-1 -1 $-1 $4697 $4694 $4243 $4689 reversed $5016 $-1 #
edge $-1 -1 $-1 $5017 -1.500000000000000222 $4690 -9.184850993605148438e-17 $4243 $5018 forward @7 unknown #
vertex $-1 -1 $-1 $4695 $5019 #
point $-1 -1 $-1 -71.9569548639549339 -75.00000000000002842 -274.5729775722726345 #
DXID-attrib $-1 -1 $-1 $-1 $4249 @10 ASM ENTITY @2 36 #
coedge $-1 -1 $-1 $4668 $4251 $4666 $4996 forward $3772 $-1 #
coedge $-1 -1 $-1 $4688 $5020 $4251 $4695 reversed $5016 $-1 #
edge $-1 -1 $-1 $4690 1.570796326794896558 $5021 4.712388980384689674 $4251 $5022 forward @7 unknown #
coedge $-1 -1 $-1 $4253 $4252 $4680 $5009 reversed $3347 $-1 #
coedge $-1 -1 $-1 $5020 $4688 $4252 $4698 reversed $5016 $-1 #
edge $-1 -1 $-1 $4703 0 $5017 3 $4252 $5023 forward @7 unknown #
coedge $-1 -1 $-1 $4681 $5024 $4253 $4700 reversed $5011 $-1 #
edge $-1 -1 $-1 $5012 -3 $4704 -0 $4253 $5025 forward @7 unknown #
coedge $-1 -1 $-1 $4667 $4254 $5024 $5026 forward $4227 $-1 #
coedge $-1 -1 $-1 $4254 $4666 $5020 $5027 forward $4227 $-1 #
vertex $-1 -1 $-1 $5027 $5028 #
vertex $-1 -1 $-1 $5026 $5029 #
straight-curve $-1 -1 $-1 -99.30190107244376918 -60.00000000000001421 -255.1499521422615828 8.104698438784301665e-16 10.00000000000001243 2.438741570261107415e-16 I I #
DXID-attrib $-1 -1 $-1 $-1 $4257 @10 ASM ENTITY @2 18 #
loop $-1 -1 $-1 $5030 $4712 $4257 #
plane-surface $-1 -1 $-1 -84.58877683862571928 -92.00000000000005684 -269.9724242868594501 -8.104698438784292051e-17 -1 -2.438741570261104518e-17 -8.825466275801451488 8.299531269022938336e-16 -4.70224893159555446 forward_v I I I I #
loop $-1 -1 $-1 $-1 $4263 $3776 #
coedge $-1 -1 $-1 $4710 $4710 $5031 $5032 reversed $4258 $-1 #
coedge $-1 -1 $-1 $4711 $4711 $5033 $5034 reversed $4260 $-1 #
coedge $-1 -1 $-1 $4712 $4712 $4261 $4713 forward $4707 $-1 #
edge $-1 -1 $-1 $5035 -3.141592653589793116 $5035 3.141592653589793116 $4261 $5036 forward @7 unknown #
coedge $-1 -1 $-1 $4714 $4714 $4262 $4715 reversed $5037 $-1 #
edge $5038 -1 $-1 $5039 -3.141592653589793116 $5039 3.141592653589793116 $4262 $5040 forward @7 unknown #
vertex $-1 -1 $-1 $4264 $5041 #
ellipse-curve $-1 -1 $-1 -84.58877683862571928 -75.00000000000002842 -269.9724242868594501 8.104698438784292051e-17 1 2.438741570261104518e-17 -2.757958211187953701 2.593603521569668168e-16 -1.469452791123610824 1 I I #
point $-1 -1 $-1 -87.20425827783377315 -75.00000000000002842 -258.4177737298377338 #
DXID-attrib $-1 -1 $-1 $-1 $4268 @10 ASM ENTITY @2 19 #
face $5042 -1 $-1 $5043 $5044 $46 $-1 $5045 reversed single #
edge $-1 -1 $-1 $4279 0 $4725 3 $4270 $5046 forward @7 unknown #
coedge $-1 -1 $-1 $4272 $4271 $4732 $5047 reversed $3815 $-1 #
vertex $-1 -1 $-1 $4292 $5048 #
straight-curve $-1 -1 $-1 79.06663645520467298 -229.9999998509883312 -178.0776084018499716 -2.832769448823926896e-15 -10.00000000000001066 1.599183306096559688e-29 I I #
vertex $-1 -1 $-1 $4721 $5049 #
straight-curve $-1 -1 $-1 67.55459368125202957 -250.0000001490115835 -194.4322066265577291 2.832769448823926896e-15 10.00000000000001066 -1.599183306096559688e-29 I I #
straight-curve $-1 -1 $-1 41.58369142732857426 -229.9999998509883312 -179.2084674096430206 5.75602130120491573 -1.630548128883288484e-15 8.177298990502640308 I I #
point $-1 -1 $-1 43.02269670974411042 -229.9999998509883312 -177.1641427229429837 #
point $-1 -1 $-1 54.53473948369673963 -229.9999998509883312 -160.8095444982351978 #
point $-1 -1 $-1 59.12413093807867881 -225.9999999999999432 -176.2690056978233315 #
point $-1 -1 $-1 59.9418608371289281 -224.9999999999999432 -176.8446078279438041 #
coedge $-1 -1 $-1 $4289 $4288 $4722 $5047 forward $3395 $-1 #
point $-1 -1 $-1 59.12413093807867881 -229.9999998509883312 -176.2690056978233315 #
straight-curve $-1 -1 $-1 54.53473948369673963 -229.9999998509883312 -160.8095444982351978 8.177298990502640308 -2.316440275419468679e-15 -5.75602130120491573 I I #
coedge $-1 -1 $-1 $4771 $4293 $4762 $5050 reversed $4295 $-1 #
coedge $-1 -1 $-1 $4294 $4770 $5051 $5052 reversed $4295 $-1 #
coedge $-1 -1 $-1 $4312 $4762 $4297 $4738 reversed $3840 $-1 #
edge $-1 -1 $-1 $4314 -1.570796326794896558 $4739 1.570796326794896558 $4737 $5053 forward @7 unknown #
vertex $-1 -1 $-1 $4738 $5054 #
straight-curve $-1 -1 $-1 107.5908812588592411 -254.9999999999998863 -224.4367826339371277 2.564275277890663673 -7.264000665583295567e-16 -9.665634604059837542 I I #
coedge $-1 -1 $-1 $5051 $4307 $4301 $4742 reversed $4753 $-1 #
edge $-1 -1 $-1 $4743 -1.570796326794896558 $4309 1.570796326794896558 $4301 $5055 forward @7 unknown #
vertex $-1 -1 $-1 $4302 $5056 #
straight-curve $-1 -1 $-1 107.5908812588592411 -224.9999999999998579 -224.4367826339371277 2.564275277890662341 -7.264000665583291623e-16 -9.665634604059837542 F 0 F 8.96513811841744257 #
coedge $-1 -1 $-1 $4745 $4745 $5057 $5058 reversed $4303 $-1 #
DXID-attrib $-1 -1 $-1 $-1 $4304 @10 ASM ENTITY @2 26 #
face $5059 -1 $-1 $5060 $5061 $50 $-1 $5062 forward single #
plane-surface $-1 -1 $-1 131.6606677551555435 -224.9999999999998863 -256.6680184858539064 2.83276944882391881e-16 1 -1.649216336426407009e-30 2.564275277890663673 -7.264000665583295567e-16 -9.665634604059837542 forward_v I I I I #
coedge $-1 -1 $-1 $4311 $4306 $4765 $5063 forward $3038 $-1 #
coedge $-1 -1 $-1 $5064 $4768 $4306 $4751 reversed $5065 $-1 #
edge $-1 -1 $-1 $4754 9.184850993605148438e-17 $5066 1.500000000000000222 $4306 $5067 forward @7 unknown #
coedge $-1 -1 $-1 $4307 $5051 $5064 $5068 forward $4753 $-1 #
loop $-1 -1 $-1 $-1 $4752 $4317 #
vertex $-1 -1 $-1 $4751 $5069 #
straight-curve $-1 -1 $-1 136.587785071038752 -224.9999999999998863 -216.7439568002651527 -2.832769448823921768e-15 -10.00000000000001066 1.649216336426408761e-29 I I #
point $-1 -1 $-1 136.587785071038752 -224.9999999999998863 -216.7439568002651527 #
coedge $-1 -1 $-1 $4766 $4763 $4311 $4758 reversed $5070 $-1 #
edge $-1 -1 $-1 $5071 -1.500000000000000222 $4759 -9.184850993605148438e-17 $4311 $5072 forward @7 unknown #
vertex $-1 -1 $-1 $4764 $5073 #
point $-1 -1 $-1 136.587785071038752 -254.9999999999999147 -216.7439568002651527 #
DXID-attrib $-1 -1 $-1 $-1 $4317 @10 ASM ENTITY @2 36 #
coedge $-1 -1 $-1 $4737 $4319 $4735 $5050 forward $3840 $-1 #
coedge $-1 -1 $-1 $4757 $5074 $4319 $4764 reversed $5070 $-1 #
edge $-1 -1 $-1 $4759 1.570796326794896558 $5075 4.712388980384689674 $4319 $5076 forward @7 unknown #
coedge $-1 -1 $-1 $4321 $4320 $4749 $5063 reversed $3411 $-1 #
coedge $-1 -1 $-1 $5074 $4757 $4320 $4767 reversed $5070 $-1 #
edge $-1 -1 $-1 $4772 0 $5071 3 $4320 $5077 forward @7 unknown #
coedge $-1 -1 $-1 $4750 $5078 $4321 $4769 reversed $5065 $-1 #
edge $-1 -1 $-1 $5066 -3 $4773 -0 $4321 $5079 forward @7 unknown #
coedge $-1 -1 $-1 $4736 $4322 $5078 $5080 forward $4295 $-1 #
coedge $-1 -1 $-1 $4322 $4735 $5074 $5081 forward $4295 $-1 #
vertex $-1 -1 $-1 $5081 $5082 #
vertex $-1 -1 $-1 $5080 $5083 #
straight-curve $-1 -1 $-1 111.4372941756952287 -239.9999999999998863 -238.9352345400268973 2.832769448823921768e-15 10.00000000000001066 -1.649216336426408761e-29 I I #
DXID-attrib $-1 -1 $-1 $-1 $4325 @10 ASM ENTITY @2 18 #
loop $-1 -1 $-1 $5084 $4781 $4325 #
plane-surface $-1 -1 $-1 129.2261203886293117 -271.9999999999999432 -227.9926860634071204 -2.83276944882391881e-16 -1 1.649216336426407009e-30 2.564275277890662341 -7.264000665583291623e-16 -9.665634604059837542 forward_v I I I I #
loop $-1 -1 $-1 $-1 $4331 $3844 #
coedge $-1 -1 $-1 $4779 $4779 $5085 $5086 reversed $4326 $-1 #
coedge $-1 -1 $-1 $4780 $4780 $5087 $5088 reversed $4328 $-1 #
coedge $-1 -1 $-1 $4781 $4781 $4329 $4782 forward $4776 $-1 #
edge $-1 -1 $-1 $5089 -3.141592653589793116 $5089 3.141592653589793116 $4329 $5090 forward @7 unknown #
coedge $-1 -1 $-1 $4783 $4783 $4330 $4784 reversed $5091 $-1 #
edge $5092 -1 $-1 $5093 -3.141592653589793116 $5093 3.141592653589793116 $4330 $5094 forward @7 unknown #
vertex $-1 -1 $-1 $4332 $5095 #
ellipse-curve $-1 -1 $-1 129.2261203886293117 -254.9999999999999147 -227.9926860634071204 2.83276944882391881e-16 1 -1.649216336426407009e-30 0.8013360243408319539 -2.270000207994778755e-16 -3.020510813768698899 1 I I #
point $-1 -1 $-1 117.379494124821818 -254.9999999999998863 -227.9024706578979931 #
DXID-attrib $-1 -1 $-1 $-1 $4336 @10 ASM ENTITY @2 19 #
face $5096 -1 $-1 $5097 $5098 $50 $-1 $5099 reversed single #
DXID-attrib $-1 -1 $-1 $-1 $4339 @10 ASM ENTITY @2 20 #
plane-surface $-1 -1 $-1 -164.5412134885776254 -59.99999999999994316 -323.3612414971656221 0.8825466275801437943 -8.299531269023102025e-17 0.4702248931595550685 8.104698438784435771e-16 9.999999999999998224 2.438741570261203557e-16 forward_v I I I I #
straight-curve $-1 -1 $-1 -167.4801190708248555 -84.99999999999994316 -317.8453250747897414 4.702248931595550019 -1.658727809094294828e-16 -8.825466275801435501 F -1.17500100000000085 F 2.425000999999999962 #
coedge $-1 -1 $-1 $4367 $4343 $4350 $4800 forward $4795 $-1 #
coedge $-1 -1 $-1 $4343 $4367 $4362 $4803 reversed $4795 $-1 #
loop $-1 -1 $-1 $-1 $4343 $4377 #
straight-curve $-1 -1 $-1 -163.0673859329241395 -89.99999999999994316 -315.494200608991946 -4.702248931595550019 1.658727809094294828e-16 8.825466275801435501 F -2.425000999999999962 F 1.17500100000000085 #
point $-1 -1 $-1 -166.0062915151713412 -89.99999999999994316 -309.9782841866160652 #
point $-1 -1 $-1 -170.4190246530720856 -84.99999999999994316 -312.3294086524138606 #
coedge $-1 -1 $-1 $4350 $4349 $4365 $4805 reversed $3859 $-1 #
edge $-1 -1 $-1 $3870 0.5 $4369 1 $4793 $5100 forward @7 tangent #
straight-curve $-1 -1 $-1 -170.4190246530720572 -29.99999999999995026 -312.3294086524138606 8.825466275801435501 -8.299531269023102025e-16 4.702248931595550019 I I #
straight-curve $-1 -1 $-1 -158.6634023240831937 -29.99999999999995026 -334.3930743419174405 8.825466275801435501 -8.299531269023102025e-16 4.702248931595550019 I I #
edge $-1 -1 $-1 $4345 0.5 $3904 1 $4362 $5101 forward @7 tangent #
face $5102 -1 $-1 $2672 $4363 $52 $-1 $5103 forward single #
edge $-1 -1 $-1 $4369 -1.570796326794896558 $4374 1.570796326794896558 $4799 $5104 forward @7 tangent #
DXID-attrib $-1 -1 $-1 $-1 $4366 @10 ASM ENTITY @2 23 #
torus-surface $-1 -1 $-1 -149.8379360482817617 -59.99999999999994316 -329.6908254103219065 0.8825466275801437943 -8.299531269023102025e-17 0.4702248931595550685 24.99999999999999645 4.999999999999999112 8.104698438784437497e-17 1 2.43874157026120405e-17 forward_v I I I I #
straight-curve $-1 -1 $-1 -158.6546527950234236 -89.99999999999994316 -313.1430761431942074 4.702248931595550019 -1.658727809094294828e-16 -8.825466275801435501 F -1.17500100000000085 F 2.425000999999999962 #
point $-1 -1 $-1 -149.8379360482817617 -89.99999999999994316 -329.6908254103219065 #
straight-curve $-1 -1 $-1 -152.7768416305289634 -29.99999999999995026 -324.1749089879459689 -4.702248931595550019 1.658727809094294828e-16 8.825466275801435501 F -0.6250000000000003331 F 1.875 #
point $-1 -1 $-1 -149.8379360482817617 -29.99999999999995026 -329.6908254103219065 #
DXID-attrib $-1 -1 $-1 $-1 $4377 @10 ASM ENTITY @2 25 #
plane-surface $-1 -1 $-1 -170.4190246530720856 -89.99999999999994316 -312.3294086524138606 -8.104698438784437497e-17 -1 -2.43874157026120405e-17 4.702248931595550019 -1.658727809094294828e-16 -8.825466275801435501 forward_v I I I I #
DXID-attrib $-1 -1 $-1 $-1 $4383 @10 ASM ENTITY @2 20 #
plane-surface $-1 -1 $-1 162.9617408833017294 -240.0000000000001705 -318.0186036606165771 -0.2564275277890660787 7.264000665583214955e-17 0.9665634604059828439 2.83276944882392098e-15 10.00000000000000533 -8.8331535902569965e-30 forward_v I I I I #
straight-curve $-1 -1 $-1 156.9207192557643111 -265.0000000000001705 -319.6212757092982883 9.66563460405983399 -2.738051440987595208e-15 2.564275277890662785 F -1.17500100000000085 F 2.425000999999999962 #
coedge $-1 -1 $-1 $4411 $4387 $4394 $4824 forward $4819 $-1 #
coedge $-1 -1 $-1 $4387 $4411 $4406 $4827 reversed $4819 $-1 #
loop $-1 -1 $-1 $-1 $4387 $4421 #
straight-curve $-1 -1 $-1 155.638581616818982 -270.0000000000001705 -314.7884584072683651 -9.66563460405983399 2.738051440987595208e-15 -2.564275277890662785 F -2.425000999999999962 F 1.17500100000000085 #
point $-1 -1 $-1 149.5975599892815922 -270.0000000000001705 -316.3911304559500195 #
point $-1 -1 $-1 150.8796976282269213 -265.0000000000001705 -321.2239477579799427 #
coedge $-1 -1 $-1 $4394 $4393 $4409 $4829 reversed $3910 $-1 #
edge $-1 -1 $-1 $3921 0.5 $4413 1 $4817 $5105 forward @7 tangent #
straight-curve $-1 -1 $-1 150.8796976282269213 -210.0000000000001421 -321.2239477579799427 -2.564275277890662785 7.264000665583218653e-16 9.66563460405983399 I I #
straight-curve $-1 -1 $-1 175.043784138376509 -210.0000000000001705 -314.8132595632532684 -2.564275277890662785 7.264000665583218653e-16 9.66563460405983399 I I #
edge $-1 -1 $-1 $4389 0.5 $3955 1 $4406 $5106 forward @7 tangent #
face $5107 -1 $-1 $2693 $4407 $54 $-1 $5108 forward single #
edge $-1 -1 $-1 $4413 -1.570796326794896558 $4418 1.570796326794896558 $4823 $5109 forward @7 tangent #
DXID-attrib $-1 -1 $-1 $-1 $4410 @10 ASM ENTITY @2 23 #
torus-surface $-1 -1 $-1 172.4795088604858506 -240.0000000000001705 -305.147624959193422 -0.2564275277890660787 7.264000665583214955e-17 0.9665634604059828439 25.00000000000001421 5.000000000000002665 2.832769448823919303e-16 1 -8.801356681539976373e-31 forward_v I I I I #
straight-curve $-1 -1 $-1 154.3564439778736528 -270.0000000000001705 -309.9556411052384419 9.66563460405983399 -2.738051440987595208e-15 2.564275277890662785 F -1.17500100000000085 F 2.425000999999999962 #
point $-1 -1 $-1 172.4795088604858506 -270.0000000000001705 -305.147624959193422 #
straight-curve $-1 -1 $-1 166.4384872329484608 -210.0000000000001705 -306.7502970078750764 -9.66563460405983399 2.738051440987595208e-15 -2.564275277890662785 F -0.6250000000000003331 F 1.875 #
point $-1 -1 $-1 172.4795088604858506 -210.0000000000001705 -305.147624959193422 #
DXID-attrib $-1 -1 $-1 $-1 $4421 @10 ASM ENTITY @2 25 #
plane-surface $-1 -1 $-1 150.8796976282269213 -270.0000000000001705 -321.2239477579799427 -2.832769448823919303e-16 -1 8.833153590256991946e-31 9.66563460405983399 -2.738051440987595208e-15 2.564275277890662341 forward_v I I I I #
coedge $-1 -1 $-1 $4426 $4842 $4499 $4877 reversed $4507 $-1 #
straight-curve $-1 -1 $-1 -85.00000000000001421 -10 262.5 0 0 10 F -27.3500009999999989 F 9.850000999999998896 #
edge $-1 -1 $-1 $4843 -0.5404195002705841633 $4487 0.5404195002705842743 $4431 $5110 forward @7 tangent #
straight-curve $-1 -1 $-1 -40.00000000000000711 0 -75.00000000000001421 0 -10 0 I I #
coedge $-1 -1 $-1 $4838 $4433 $4866 $5111 reversed $4507 $-1 #
vertex $-1 -1 $-1 $4434 $5112 #
straight-curve $-1 -1 $-1 -85.00000000000001421 0 0 0 -10 0 I I #
DXID-attrib $-1 -1 $-1 $-1 $4435 @10 ASM ENTITY @2 21 #
face $5113 -1 $-1 $4880 $4486 $34 $-1 $5114 forward single #
cone-surface $-1 -1 $-1 0 0 0 0 -1 0 -40.00000000000000711 0 -75.00000000000001421 1 I I 0 1 85.00000000000001421 forward I I I I #
straight-curve $-1 -1 $-1 -15 -255 -75.00000000000001421 0 0 10 I I #
ATTRIB_CUSTOM-attrib $-1 -1 $-1 $-1 $4444 @17 sketch_attrib_def 1 1 3 @13 245 0 0 0 1 1 #
edge $-1 -1 $-1 $4450 -2.750000000000000444 $4851 0.2499999999999995559 $4456 $5115 forward @7 unknown #
vertex $-1 -1 $-1 $4850 $5116 #
straight-curve $-1 -1 $-1 -15 -225 -75.00000000000001421 0 0 10 I I #
DXID-attrib $-1 -1 $-1 $-1 $4446 @10 ASM ENTITY @2 33 #
plane-surface $-1 -1 $-1 15 -225 -75.00000000000001421 0 1 0 -10 -0 -0 forward_v I I I I #
straight-curve $-1 -1 $-1 15 -127.5 -75.00000000000001421 0 10 0 I I #
point $-1 -1 $-1 15 -225 -75.00000000000001421 #
point $-1 -1 $-1 15 -255 -75.00000000000001421 #
ATTRIB_CUSTOM-attrib $-1 -1 $-1 $-1 $4457 @17 sketch_attrib_def 1 1 3 @13 244 0 0 0 1 1 #
straight-curve $-1 -1 $-1 -15 -112.5 -75.00000000000001421 -0 -10 -0 I I #
ATTRIB_CUSTOM-attrib $-1 -1 $5117 $4459 $3996 @17 sketch_attrib_def 1 1 3 @13 243 0 0 0 1 2 #
point $-1 -1 $-1 -15 -255 -75.00000000000001421 #
straight-curve $-1 -1 $-1 75.00000000000001421 -300 87.49999999999998579 -0 -0 -10 F -27.3500009999999989 F 9.850000999999998896 #
point $-1 -1 $-1 75.00000000000001421 -300 0 #
coedge $-1 -1 $-1 $4467 $4500 $4469 $4867 forward $4502 $-1 #
ellipse-curve $-1 -1 $-1 0 -300 349.9999999999998863 0 1 0 -64.31196942844080411 0 38.58718165706454784 1 I I #
coedge $-1 -1 $-1 $4470 $4469 $4842 $5111 forward $4471 $-1 #
edge $-1 -1 $-1 $4878 0 $4472 1.570796326794896558 $4864 $5118 forward @7 tangent #
point $-1 -1 $-1 -75.00000000000001421 -300 349.9999999999999432 #
ellipse-curve $-1 -1 $-1 -75.00000000000001421 -290 0 0 0 1 -10 0 0 1 F 0 F 1.570796326794896558 #
intcurve-curve $-1 -1 $-1 forward { surfintcur full nubs 3 open 18 
	-65.9472480447699354 3 -65.90423718751868876 2 -58.67223052240625947 2 -43.9872142272177058 2 -36.70805606199696314 2 
	-30.77277422038546106 2 -23.46082051205705099 2 -8.626443381508806851 2 -1.600956479323102588 2 -1.600887066932077163 2 
	-1.600816155866359392 2 -1.600784623717910637 2 -1.599745123414534342 2 -1.573398482212614802 2 -1.162735817385398551 2 
	-0.7651264114958907792 2 -0.3796804307081940721 2 -0 3 
	37.41657386773938754 -300 -65.00000000000002842 
	37.40039164577667918 -300 -65.00432488073869308 
	37.38420872483986557 -299.9999971943129253 -65.00864714259843424 
	34.64685059160191116 -299.9990497877196276 -65.73928762427884465 
	31.89819181923833824 -299.9197922411645436 -66.39332832949709484 
	23.52892376709321809 -299.570155498878421 -68.13512644648560013 
	17.86658207618149063 -299.1911695707186709 -68.97916130979334071 
	9.225201955377562157 -298.81745916295597 -69.72534732939691082 
	6.362490852732101132 -298.725986122395966 -69.88507638519415366 
	1.131587482708078962 -298.6517561369814757 -70.01514108285439875 
	-1.207791887733235869 -298.6521372016413238 -70.01450345173613243 
	-6.451551085986258371 -298.728138466341818 -69.88126694783987602 
	-9.327009909559171419 -298.8210496292848575 -69.71885868422181431 
	-18.03893591972214949 -299.2003214307748067 -68.95946579119105024 
	-23.75683347898866771 -299.5846762984587599 -68.09878182379578959 
	-32.09874112365328358 -299.9256161926450091 -66.34592320607042382 
	-34.76741630541638273 -299.9999924119272237 -65.70801565609251327 
	-37.41619899407321981 -299.9999999995005737 -65.00010018771747866 
	-37.41653377071391873 -299.99999999999784 -65.00001077193120125 
	-37.41659764824032663 -300.0000000000017053 -64.99999354638704574 
	-37.41657434484843492 -300.0000000007034373 -65.00000178043931953 
	-37.41662014589018526 -299.9999999986399644 -65.00017315575468047 
	-37.41664707090343001 -299.9999999967477606 -65.00027390662563676 
	-37.41755398348307438 -299.9999998699020693 -65.00366723434711957 
	-37.41844211269248888 -299.9999981185272304 -65.00699046674176884 
	-37.44204354949705049 -299.9999067773105708 -65.09530548189056276 
	-37.46472888634739462 -299.9987360976839454 -65.18026985330837419 
	-37.84058293910571535 -299.9613547083795311 -66.58924854541183436 
	-38.18448155864749083 -299.6634056438070388 -67.89774774678433289 
	-38.80587857299212118 -298.5837945464276686 -70.29013854404057327 
	-39.08009007700667325 -297.8266316010655146 -71.36005937691662382 
	-39.53027499057863992 -295.9591996217991436 -73.12967680104495116 
	-39.70479919552295911 -294.8779694168347305 -73.82285160913990296 
	-39.94006622078054392 -292.5170830461470928 -74.7597629918119253 
	-40.00000000000000711 -291.2656014356940091 -75.00000000000001421 
	-40.00000000000000711 -290 -75.00000000000001421 
	0.009629257424298688639 
	
	cone -19.99999999999999645 -290 -65.00000000000002842 1 0 0 0 -7.071067811865480834 -7.071067811865469288 1 I I 0 1 10 forward I I I I 
	torus 0 -290 0 -0 -1 -0 75.00000000000001421 10 0 0 -1 forward_v I I I I 
	nullbs 
	nullbs 
	F -65.90423718751868876 I 
	0 
	1 -65.90423718751868876 
	0 
	} I I #
DXID-attrib $-1 -1 $-1 $-1 $4478 @10 ASM ENTITY @2 29 #
torus-surface $-1 -1 $-1 0 -290 0 -0 -1 -0 75.00000000000001421 10 0 0 -1 forward_v I I I I #
intcurve-curve $-1 -1 $-1 forward { surfintcur full nubs 3 open 7 
	-0.001499210938506297369 3 0 2 0.2185745031180629516 2 0.4363909484512490389 2 0.8344777856070468847 2 
	1.220386592374118839 2 1.600522926051743955 3 
	37.41657386773940175 -300 -65.00000000000002842 
	37.41786418307213324 -300 -65.00482791789600867 
	37.41915443581651601 -299.9999965036819844 -65.00965585124477286 
	37.60854525846932006 -299.9989700229960476 -65.71836473408548329 
	37.79488517685977911 -299.923635087760033 -66.42101825579830177 
	38.15746551399779207 -299.6263044167785665 -67.79797112037496731 
	38.33294195602536547 -299.4054715230587362 -68.46932321342653438 
	38.80587857299203591 -298.5837945464276686 -70.29013854404058748 
	39.08009007700662352 -297.8266316010655714 -71.36005937691663803 
	39.53027499057861149 -295.9591996217991436 -73.12967680104495116 
	39.70479919552292358 -294.8779694168347305 -73.82285160913991717 
	39.94006622078051549 -292.5170830461470359 -74.75976299181196794 
	40.00000000000000711 -291.2656014356939522 -75.00000000000001421 
	40.00000000000000711 -290 -75.00000000000001421 
	2.49341164135018704e-05 
	
	torus 0 -290 0 -0 -1 -0 75.00000000000001421 10 0 0 -1 forward_v I I I I 
	cone -19.99999999999999645 -290 -65.00000000000002842 1 0 0 0 -7.071067811865480834 -7.071067811865469288 1 I I 0 1 10 forward I I I I 
	nullbs 
	nullbs 
	F 0 I 
	0 
	1 0 
	0 
	} I I #
DXID-attrib $-1 -1 $-1 $-1 $4485 @10 ASM ENTITY @2 25 #
torus-surface $-1 -1 $-1 0 -290 0 -0 -1 -0 75.00000000000001421 10 0 0 -1 forward_v I I I I #
point $-1 -1 $-1 -40.00000000000000711 -290 -75.00000000000001421 #
edge $-1 -1 $-1 $4060 1 $4878 29 $4499 $5119 forward @7 tangent #
vertex $-1 -1 $-1 $4877 $5120 #
ellipse-curve $-1 -1 $-1 0 -290 349.9999999999998863 -0 -1 -0 -72.88689868556623708 0 43.7321392113398133 1 I I #
face $5121 -1 $-1 $4050 $4502 $34 $-1 $5122 forward single #
straight-curve $-1 -1 $-1 -10.0000001490116226 -49.99999985098835964 -44.99999999999994316 -6.212279628615471331e-29 -2.366582715663033174e-29 -10.00000000000001243 I I #
edge $-1 -1 $-1 $4515 0 $4513 2.000000029802322388 $4522 $5123 forward @7 unknown #
point $-1 -1 $-1 10.00000014901162615 -49.99999985098835964 -74.99999999999998579 #
point $-1 -1 $-1 -10.0000001490116226 -49.99999985098835964 -74.99999999999998579 #
edge $-1 -1 $-1 $4911 0.5 $4530 1.5 $4554 $5124 forward @7 tangent #
coedge $-1 -1 $-1 $4544 $4533 $4527 $4887 forward $4545 $-1 #
edge $-1 -1 $-1 $4535 -1.5 $5125 -0.5 $4886 $5124 forward @7 tangent #
ellipse-curve $-1 -1 $-1 -2.295117810564393561e-14 -75.00000000000001421 -134.6513814076919573 -2.810776376729614071e-16 -1 1.551834409292681599e-30 7.937930293933685988 -2.231174695031497508e-15 12.72750025137106 1 I I #
point $-1 -1 $-1 -12.72750025137108487 -75.00000000000001421 -126.7134511137582678 #
ATTRIB_CUSTOM-attrib $-1 -1 $-1 $-1 $4533 @17 sketch_attrib_def 1 1 3 @13 223 0 0 0 1 3 #
ellipse-curve $-1 -1 $-1 -1.451884897545508501e-14 -44.99999999999998579 -134.6513814076919573 2.810776376729614071e-16 1 -1.551834409292681599e-30 7.937930293933685988 -2.231174695031497508e-15 12.72750025137106 1 F -1.570796326794896558 F 1.570796326794896558 #
point $-1 -1 $-1 -12.72750025137107599 -44.99999999999997868 -126.7134511137582678 #
coedge $-1 -1 $-1 $4893 $4893 $4537 $4894 forward $5126 $-1 #
edge $-1 -1 $-1 $5127 -3.141592653589793116 $5127 3.141592653589793116 $4537 $5128 forward @7 unknown #
DXID-attrib $-1 -1 $-1 $-1 $4539 @10 ASM ENTITY @2 27 #
face $5129 -1 $-1 $5130 $5131 $38 $-1 $5132 forward single #
loop $-1 -1 $-1 $5133 $5134 $4539 #
cone-surface $-1 -1 $-1 -2.028094054775079906e-14 -65.5 -134.6513814076919573 -2.810776376729614071e-16 -1 1.551834409292681599e-30 -1.852183735251193397 5.206074288406826795e-16 -2.969750058653247482 1 I I 0.7071067811865474617 -0.7071067811865474617 3.500000000000003997 forward I I I I #
edge $-1 -1 $-1 $4902 -0.5 $4907 0.5 $4541 $5135 forward @7 unknown #
coedge $-1 -1 $-1 $4914 $4542 $4544 $4904 reversed $4901 $-1 #
loop $-1 -1 $-1 $5136 $4914 $5137 #
vertex $-1 -1 $-1 $4561 $5138 #
straight-curve $-1 -1 $-1 12.72750025137104224 -55 -142.5893117016256326 -5.291953529289123104 1.487449796687664545e-15 -8.485000167580707853 I I #
edge $-1 -1 $-1 $5125 1.57079632679489678 $4546 4.712388980384689674 $4544 $5139 forward @7 unknown #
point $-1 -1 $-1 12.72750025137104224 -55 -142.5893117016256326 #
loop $-1 -1 $-1 $5140 $4910 $5130 #
vertex $-1 -1 $-1 $4550 $5141 #
straight-curve $-1 -1 $-1 12.72750025137104046 -65.00000000000001421 -142.5893117016256326 5.291953529289123104 -1.487449796687664545e-15 8.485000167580707853 I I #
point $-1 -1 $-1 12.72750025137104046 -65.00000000000001421 -142.5893117016256326 #
coedge $-1 -1 $-1 $4555 $4558 $4563 $4917 reversed $4906 $-1 #
vertex $-1 -1 $-1 $4917 $5142 #
ellipse-curve $-1 -1 $-1 -2.014040172891431769e-14 -65 -134.6513814076919573 -2.810776376729614071e-16 -1 1.551834409292681599e-30 -7.937930293933684212 2.231174695031496719e-15 -12.72750025137106 1 I I #
straight-curve $-1 -1 $-1 -20.66543054530476198 -65 -139.4409513651293366 8.485000167580706076 -2.384943802758274799e-15 -5.291953529289123992 I I #
coedge $-1 -1 $-1 $4560 $4900 $4562 $4916 reversed $4901 $-1 #
straight-curve $-1 -1 $-1 -20.66543054530476198 -54.99999999999998579 -139.4409513651293366 -8.485000167580706076 2.384943802758274799e-15 5.291953529289123992 I I #
edge $-1 -1 $-1 $4565 2.98256907038459218 $5125 4.48256907038459218 $4562 $5143 forward @7 unknown #
edge $-1 -1 $-1 $4911 -4.48256907038459218 $4564 -2.98256907038459218 $4563 $5144 forward @7 unknown #
point $-1 -1 $-1 -20.66543054530476198 -65 -139.4409513651293366 #
point $-1 -1 $-1 -20.66543054530476198 -54.99999999999998579 -139.4409513651293366 #
loop $-1 -1 $-1 $-1 $4921 $4121 #
coedge $-1 -1 $-1 $4921 $4921 $4571 $4922 forward $4920 $-1 #
edge $-1 -1 $-1 $5145 -3.141592653589793116 $5145 3.141592653589793116 $4571 $5146 forward @7 unknown #
ATTRIB_CUSTOM-attrib $-1 -1 $-1 $-1 $4572 @17 sketch_attrib_def 1 1 3 @22 132 0 4294967295 0 1 1 #
coedge $-1 -1 $-1 $4924 $4924 $4572 $4925 forward $5147 $-1 #
edge $-1 -1 $-1 $5148 -3.141592653589793116 $5148 3.141592653589793116 $4924 $5149 forward @7 unknown #
vertex $-1 -1 $-1 $4574 $5150 #
ellipse-curve $-1 -1 $-1 -0.5122551174829513831 -92.00000000000002842 -144.9210266723292762 2.810776376729614071e-16 1 -1.551834409292681599e-30 -1.091465415415882045 3.067865205668309616e-16 -1.750031284563520861 1 I I #
ATTRIB_CUSTOM-attrib $-1 -1 $-1 $-1 $4575 @17 sketch_attrib_def 1 1 3 @13 112 0 0 0 1 1 #
loop $-1 -1 $-1 $-1 $4575 $4582 #
DXID-attrib $-1 -1 $-1 $-1 $4576 @10 ASM ENTITY @2 67 #
vertex $-1 -1 $-1 $4576 $5151 #
ellipse-curve $-1 -1 $-1 -2.295117810564393561e-14 -75.00000000000001421 -134.6513814076919573 2.810776376729614071e-16 1 -1.551834409292681599e-30 -3.704367470502387238 1.041214857681365556e-15 -5.939500117306494964 1 I I #
point $-1 -1 $-1 1.141480360419904416 -75.00000000000001421 -142.2694641199603041 #
DXID-attrib $-1 -1 $-1 $-1 $4582 @10 ASM ENTITY @2 20 #
face $5152 -1 $-1 $5153 $5154 $38 $-1 $5155 forward single #
loop $-1 -1 $-1 $4929 $5156 $4582 #
cone-surface $-1 -1 $-1 -2.295117810564393561e-14 -75.00000000000001421 -134.6513814076919573 2.810776376729614071e-16 1 -1.551834409292681599e-30 -3.704367470502387238 1.041214857681365556e-15 -5.939500117306494964 1 I I 0 1 7.000000000000007994 forward I I I I #
straight-curve $-1 -1 $-1 -10.0000001490116226 -229.9999998509883312 -44.99999999999997158 1.594897878183755986e-28 -1.57772181044214132e-29 -10.00000000000001243 I I #
edge $-1 -1 $-1 $4587 0 $4585 2.000000029802322388 $4594 $5157 forward @7 unknown #
point $-1 -1 $-1 10.00000014901162615 -229.9999998509883312 -75.00000000000001421 #
point $-1 -1 $-1 -10.0000001490116226 -229.9999998509883312 -75.00000000000001421 #
edge $-1 -1 $-1 $4967 0.5 $4601 1.5 $4624 $5158 forward @7 tangent #
coedge $-1 -1 $-1 $4614 $4603 $4598 $4944 forward $4615 $-1 #
edge $-1 -1 $-1 $4605 -1.5 $5159 -0.5 $4943 $5158 forward @7 tangent #
ellipse-curve $-1 -1 $-1 2.475542234509632289e-14 -255 -134.6513814076919004 -2.832769448823924727e-16 -1 1.618242741091558582e-30 -12.26594848575395957 3.474660413129203215e-15 8.634031951807374483 1 I I #
point $-1 -1 $-1 -8.634031951807353167 -255 -146.9173298934458671 #
ellipse-curve $-1 -1 $-1 3.32537306915681095e-14 -224.9999999999999432 -134.6513814076919004 2.832769448823924727e-16 1 -1.618242741091558582e-30 -12.26594848575395957 3.474660413129203215e-15 8.634031951807374483 1 F -1.570796326794896558 F 1.570796326794896558 #
point $-1 -1 $-1 -8.634031951807344285 -224.9999999999999432 -146.9173298934458671 #
coedge $-1 -1 $-1 $4949 $4949 $4607 $4950 forward $5160 $-1 #
edge $-1 -1 $-1 $5161 -3.141592653589793116 $5161 3.141592653589793116 $4607 $5162 forward @7 unknown #
DXID-attrib $-1 -1 $-1 $-1 $4609 @10 ASM ENTITY @2 27 #
face $5163 -1 $-1 $5164 $5165 $42 $-1 $5166 forward single #
loop $-1 -1 $-1 $5167 $5168 $4609 #
cone-surface $-1 -1 $-1 2.744655332147905548e-14 -245.4999999999999716 -134.6513814076919004 -2.832769448823924727e-16 -1 1.618242741091558582e-30 2.862054646675924019 -8.107540963968143728e-16 -2.014607455421721038 1 I I 0.7071067811865474617 -0.7071067811865474617 3.500000000000003997 forward I I I I #
edge $-1 -1 $-1 $4958 -0.5 $4963 0.5 $4611 $5169 forward @7 unknown #
coedge $-1 -1 $-1 $4970 $4612 $4614 $4960 reversed $4957 $-1 #
loop $-1 -1 $-1 $5170 $4970 $5171 #
vertex $-1 -1 $-1 $4631 $5172 #
straight-curve $-1 -1 $-1 8.634031951807402905 -234.9999999999999716 -122.3854329219379338 8.177298990502640308 -2.316440275419469073e-15 -5.75602130120491573 I I #
edge $-1 -1 $-1 $5159 1.57079632679489678 $4616 4.712388980384689674 $4614 $5173 forward @7 unknown #
point $-1 -1 $-1 8.634031951807404681 -234.9999999999999716 -122.3854329219379338 #
loop $-1 -1 $-1 $5174 $4966 $5164 #
vertex $-1 -1 $-1 $4620 $5175 #
straight-curve $-1 -1 $-1 8.634031951807401128 -244.9999999999999716 -122.3854329219379338 -8.177298990502640308 2.316440275419469073e-15 5.75602130120491573 I I #
point $-1 -1 $-1 8.634031951807401128 -244.9999999999999716 -122.3854329219379338 #
coedge $-1 -1 $-1 $4625 $4628 $4633 $4973 reversed $4962 $-1 #
vertex $-1 -1 $-1 $4973 $5176 #
ellipse-curve $-1 -1 $-1 2.758819179392025176e-14 -244.9999999999999716 -134.6513814076919004 -2.832769448823924727e-16 -1 1.618242741091558582e-30 12.26594848575395957 -3.474660413129204004e-15 -8.634031951807374483 1 I I #
straight-curve $-1 -1 $-1 3.631916533946610404 -244.9999999999999716 -155.5513618452532398 5.756021301204917506 -1.630548128883289075e-15 8.177298990502638532 I I #
coedge $-1 -1 $-1 $4630 $4956 $4632 $4972 reversed $4957 $-1 #
straight-curve $-1 -1 $-1 3.631916533946614845 -234.9999999999999716 -155.5513618452532398 -5.756021301204917506 1.630548128883289075e-15 -8.177298990502638532 I I #
edge $-1 -1 $-1 $4635 2.98256907038459218 $5159 4.48256907038459218 $4632 $5177 forward @7 unknown #
edge $-1 -1 $-1 $4967 -4.48256907038459218 $4634 -2.98256907038459218 $4633 $5178 forward @7 unknown #
point $-1 -1 $-1 3.631916533946610404 -244.9999999999999716 -155.5513618452532398 #
point $-1 -1 $-1 3.631916533946614845 -234.9999999999999716 -155.5513618452532398 #
loop $-1 -1 $-1 $-1 $4977 $4189 #
coedge $-1 -1 $-1 $4977 $4977 $4641 $4978 forward $4976 $-1 #
edge $-1 -1 $-1 $5179 -3.141592653589793116 $5179 3.141592653589793116 $4641 $5180 forward @7 unknown #
coedge $-1 -1 $-1 $4979 $4979 $4642 $4980 forward $5181 $-1 #
edge $-1 -1 $-1 $5182 -3.141592653589793116 $5182 3.141592653589793116 $4979 $5183 forward @7 unknown #
vertex $-1 -1 $-1 $4644 $5184 #
ellipse-curve $-1 -1 $-1 10.22521342480846585 -272 -135.7344463106374803 2.832769448823924727e-16 1 -1.618242741091558582e-30 1.686567916791169797 -4.777658068052656196e-16 -1.187179393373514413 1 I I #
loop $-1 -1 $-1 $-1 $4645 $4651 #
DXID-attrib $-1 -1 $-1 $-1 $4646 @10 ASM ENTITY @2 67 #
vertex $-1 -1 $-1 $4646 $5185 #
ellipse-curve $-1 -1 $-1 2.475542234509632289e-14 -255 -134.6513814076919004 2.832769448823924727e-16 1 -1.618242741091558582e-30 5.724109293351848038 -1.621508192793628548e-15 -4.029214910843442965 1 I I #
point $-1 -1 $-1 7.669807490276394191 -255 -133.935689654010929 #
DXID-attrib $-1 -1 $-1 $-1 $4651 @10 ASM ENTITY @2 20 #
face $5186 -1 $-1 $5187 $5188 $42 $-1 $5189 forward single #
loop $-1 -1 $-1 $4983 $5190 $4651 #
cone-surface $-1 -1 $-1 2.475542234509632289e-14 -255 -134.6513814076919004 2.832769448823924727e-16 1 -1.618242741091558582e-30 5.724109293351848038 -1.621508192793628548e-15 -4.029214910843442965 1 I I 0 1 7.000000000000007994 forward I I I I #
straight-curve $-1 -1 $-1 -40.05223413075729866 -49.99999985098840227 -179.9736259236145202 -5.291953529289123992 1.487449796687671448e-15 -8.485000167580706076 I I #
edge $-1 -1 $-1 $4656 0 $4654 2.000000029802322388 $4663 $5191 forward @7 unknown #
point $-1 -1 $-1 -38.95809413059054549 -49.99999985098840227 -216.0125336426473837 #
point $-1 -1 $-1 -55.92809471862467063 -49.99999985098840227 -205.4286264263566295 #
edge $-1 -1 $-1 $5021 0.5 $4670 1.5 $4693 $5192 forward @7 tangent #
coedge $-1 -1 $-1 $4683 $4672 $4667 $4998 forward $4684 $-1 #
edge $-1 -1 $-1 $4674 -1.5 $5193 -0.5 $4997 $5192 forward @7 tangent #
ellipse-curve $-1 -1 $-1 -79.01032826134826337 -75.00000000000002842 -261.3347781585704297 -8.104698438784292051e-17 -1 -2.438741570261104518e-17 13.23819941370217812 -1.2449296903534408e-15 7.053373397393332134 1 I I #
point $-1 -1 $-1 -86.06370165874159284 -75.00000000000002842 -248.0965787448682534 #
ellipse-curve $-1 -1 $-1 -79.01032826134826337 -45 -261.3347781585704297 8.104698438784292051e-17 1 2.438741570261104518e-17 13.23819941370217812 -1.2449296903534408e-15 7.053373397393332134 1 F -1.570796326794896558 F 1.570796326794896558 #
point $-1 -1 $-1 -86.06370165874159284 -45 -248.0965787448682534 #
coedge $-1 -1 $-1 $5003 $5003 $4676 $5004 forward $5194 $-1 #
edge $-1 -1 $-1 $5195 -3.141592653589793116 $5195 3.141592653589793116 $4676 $5196 forward @7 unknown #
DXID-attrib $-1 -1 $-1 $-1 $4678 @10 ASM ENTITY @2 27 #
face $5197 -1 $-1 $5198 $5199 $46 $-1 $5200 forward single #
loop $-1 -1 $-1 $5201 $5202 $4678 #
cone-surface $-1 -1 $-1 -79.01032826134826337 -65.50000000000002842 -261.3347781585704297 -8.104698438784292051e-17 -1 -2.438741570261104518e-17 -3.08891319653050811 2.904835944158028763e-16 -1.645787126058444461 1 I I 0.7071067811865474617 -0.7071067811865474617 3.500000000000004885 forward I I I I #
edge $-1 -1 $-1 $5012 -0.5 $5017 0.5 $4680 $5203 forward @7 unknown #
coedge $-1 -1 $-1 $5024 $4681 $4683 $5014 reversed $5011 $-1 #
loop $-1 -1 $-1 $5204 $5024 $5205 #
vertex $-1 -1 $-1 $4700 $5206 #
straight-curve $-1 -1 $-1 -71.9569548639549339 -55.00000000000000711 -274.5729775722726345 -8.825466275801449711 8.299531269022938336e-16 -4.702248931595556236 I I #
edge $-1 -1 $-1 $5193 1.57079632679489678 $4685 4.712388980384689674 $4683 $5207 forward @7 unknown #
point $-1 -1 $-1 -71.9569548639549339 -55.00000000000000711 -274.5729775722726345 #
loop $-1 -1 $-1 $5208 $5020 $5198 #
vertex $-1 -1 $-1 $4689 $5209 #
straight-curve $-1 -1 $-1 -71.9569548639549339 -65.00000000000001421 -274.5729775722726345 8.825466275801449711 -8.299531269022938336e-16 4.702248931595556236 I I #
point $-1 -1 $-1 -71.9569548639549339 -65.00000000000001421 -274.5729775722726345 #
coedge $-1 -1 $-1 $4694 $4697 $4702 $5027 reversed $5016 $-1 #
vertex $-1 -1 $-1 $5027 $5210 #
ellipse-curve $-1 -1 $-1 -79.01032826134826337 -65.00000000000001421 -261.3347781585704297 -8.104698438784292051e-17 -1 -2.438741570261104518e-17 -13.23819941370217812 1.2449296903534408e-15 -7.053373397393333022 1 I I #
straight-curve $-1 -1 $-1 -99.30190107244376918 -65.00000000000001421 -255.1499521422615828 4.70224893159555446 -1.658727809094314303e-16 -8.825466275801451488 I I #
coedge $-1 -1 $-1 $4699 $5010 $4701 $5026 reversed $5011 $-1 #
straight-curve $-1 -1 $-1 -99.30190107244376918 -55.00000000000000711 -255.1499521422615828 -4.70224893159555446 1.658727809094314303e-16 8.825466275801451488 I I #
edge $-1 -1 $-1 $4704 2.98256907038459218 $5193 4.48256907038459218 $4701 $5211 forward @7 unknown #
edge $-1 -1 $-1 $5021 -4.48256907038459218 $4703 -2.98256907038459218 $4702 $5212 forward @7 unknown #
point $-1 -1 $-1 -99.30190107244376918 -65.00000000000001421 -255.1499521422615828 #
point $-1 -1 $-1 -99.30190107244376918 -55.00000000000000711 -255.1499521422615828 #
loop $-1 -1 $-1 $-1 $5031 $4257 #
coedge $-1 -1 $-1 $5031 $5031 $4710 $5032 forward $5030 $-1 #
edge $-1 -1 $-1 $5213 -3.141592653589793116 $5213 3.141592653589793116 $4710 $5214 forward @7 unknown #
coedge $-1 -1 $-1 $5033 $5033 $4711 $5034 forward $5215 $-1 #
edge $-1 -1 $-1 $5216 -3.141592653589793116 $5216 3.141592653589793116 $5033 $5217 forward @7 unknown #
vertex $-1 -1 $-1 $4713 $5218 #
ellipse-curve $-1 -1 $-1 -84.58877683862571928 -92.00000000000005684 -269.9724242868594501 8.104698438784292051e-17 1 2.438741570261104518e-17 -1.820252419384049691 1.711778324235981297e-16 -0.9698388421415834459 1 I I #
loop $-1 -1 $-1 $-1 $4714 $4720 #
DXID-attrib $-1 -1 $-1 $-1 $4715 @10 ASM ENTITY @2 67 #
vertex $-1 -1 $-1 $4715 $5219 #
ellipse-curve $-1 -1 $-1 -79.01032826134826337 -75.00000000000002842 -261.3347781585704297 8.104698438784292051e-17 1 2.438741570261104518e-17 -6.177826393061016219 5.809671888316057526e-16 -3.291574252116888477 1 I I #
point $-1 -1 $-1 -81.83081862743776469 -75.00000000000002842 -268.5029714957358351 #
DXID-attrib $-1 -1 $-1 $-1 $4720 @10 ASM ENTITY @2 20 #
face $5220 -1 $-1 $5221 $5222 $46 $-1 $5223 forward single #
loop $-1 -1 $-1 $5037 $5224 $4720 #
cone-surface $-1 -1 $-1 -79.01032826134826337 -75.00000000000002842 -261.3347781585704297 8.104698438784292051e-17 1 2.438741570261104518e-17 -6.177826393061016219 5.809671888316057526e-16 -3.291574252116888477 1 I I 0 1 7.00000000000000977 forward I I I I #
straight-curve $-1 -1 $-1 43.02269670974411042 -229.9999998509883312 -177.1641427229429837 8.177298990502640308 -2.316440275419468679e-15 -5.75602130120491573 I I #
edge $-1 -1 $-1 $4725 0 $4723 2.000000029802322388 $4732 $5225 forward @7 unknown #
point $-1 -1 $-1 79.06663645520467298 -229.9999998509883312 -178.0776084018499716 #
point $-1 -1 $-1 67.55459368125202957 -229.9999998509883312 -194.4322066265577291 #
edge $-1 -1 $-1 $5075 0.5 $4739 1.5 $4762 $5226 forward @7 tangent #
coedge $-1 -1 $-1 $4752 $4741 $4736 $5052 forward $4753 $-1 #
edge $-1 -1 $-1 $4743 -1.5 $5227 -0.5 $5051 $5226 forward @7 tangent #
ellipse-curve $-1 -1 $-1 122.0893331649489966 -254.9999999999999147 -220.5903697171011402 -2.83276944882391881e-16 -1 1.649216336426407009e-30 -3.846412916835993734 1.089600099837493842e-15 14.4984519060897572 1 I I #
point $-1 -1 $-1 107.5908812588592411 -254.9999999999998863 -224.4367826339371277 #
ellipse-curve $-1 -1 $-1 122.0893331649489966 -224.9999999999998579 -220.5903697171011402 2.83276944882391881e-16 1 -1.649216336426407009e-30 -3.846412916835993734 1.089600099837493842e-15 14.4984519060897572 1 F -1.570796326794896558 F 1.570796326794896558 #
point $-1 -1 $-1 107.5908812588592411 -224.9999999999998579 -224.4367826339371277 #
coedge $-1 -1 $-1 $5057 $5057 $4745 $5058 forward $5228 $-1 #
edge $-1 -1 $-1 $5229 -3.141592653589793116 $5229 3.141592653589793116 $4745 $5230 forward @7 unknown #
DXID-attrib $-1 -1 $-1 $-1 $4747 @10 ASM ENTITY @2 27 #
face $5231 -1 $-1 $5232 $5233 $50 $-1 $5234 forward single #
loop $-1 -1 $-1 $5235 $5236 $4747 #
cone-surface $-1 -1 $-1 122.0893331649489966 -245.4999999999998863 -220.5903697171011402 -2.83276944882391881e-16 -1 1.649216336426407009e-30 0.8974963472617324411 -2.542400232954153646e-16 -3.382972111420943673 1 I I 0.7071067811865474617 -0.7071067811865474617 3.500000000000003997 forward I I I I #
edge $-1 -1 $-1 $5066 -0.5 $5071 0.5 $4749 $5237 forward @7 unknown #
coedge $-1 -1 $-1 $5078 $4750 $4752 $5068 reversed $5065 $-1 #
loop $-1 -1 $-1 $5238 $5078 $5239 #
vertex $-1 -1 $-1 $4769 $5240 #
straight-curve $-1 -1 $-1 136.587785071038752 -234.9999999999998863 -216.7439568002651527 2.564275277890663673 -7.264000665583295567e-16 -9.665634604059837542 I I #
edge $-1 -1 $-1 $5227 1.57079632679489678 $4754 4.712388980384689674 $4752 $5241 forward @7 unknown #
point $-1 -1 $-1 136.587785071038752 -234.9999999999998863 -216.7439568002651527 #
loop $-1 -1 $-1 $5242 $5074 $5232 #
vertex $-1 -1 $-1 $4758 $5243 #
straight-curve $-1 -1 $-1 136.587785071038752 -244.9999999999998863 -216.7439568002651527 -2.564275277890663673 7.264000665583295567e-16 9.665634604059837542 I I #
point $-1 -1 $-1 136.587785071038752 -244.9999999999998863 -216.7439568002651527 #
coedge $-1 -1 $-1 $4763 $4766 $4771 $5081 reversed $5070 $-1 #
vertex $-1 -1 $-1 $5081 $5244 #
ellipse-curve $-1 -1 $-1 122.0893331649489966 -244.9999999999998863 -220.5903697171011402 -2.83276944882391881e-16 -1 1.649216336426407009e-30 3.846412916835995066 -1.089600099837494236e-15 -14.4984519060897572 1 I I #
straight-curve $-1 -1 $-1 111.4372941756952287 -244.9999999999998863 -238.9352345400268973 9.665634604059837542 -2.738051440987594025e-15 2.564275277890662341 I I #
coedge $-1 -1 $-1 $4768 $5064 $4770 $5080 reversed $5065 $-1 #
straight-curve $-1 -1 $-1 111.4372941756952287 -234.9999999999998863 -238.9352345400268973 -9.665634604059837542 2.738051440987594025e-15 -2.564275277890662341 I I #
edge $-1 -1 $-1 $4773 2.98256907038459218 $5227 4.48256907038459218 $4770 $5245 forward @7 unknown #
edge $-1 -1 $-1 $5075 -4.48256907038459218 $4772 -2.98256907038459218 $4771 $5246 forward @7 unknown #
point $-1 -1 $-1 111.4372941756952287 -244.9999999999998863 -238.9352345400268973 #
point $-1 -1 $-1 111.4372941756952287 -234.9999999999998863 -238.9352345400268973 #
loop $-1 -1 $-1 $-1 $5085 $4325 #
coedge $-1 -1 $-1 $5085 $5085 $4779 $5086 forward $5084 $-1 #
edge $-1 -1 $-1 $5247 -3.141592653589793116 $5247 3.141592653589793116 $4779 $5248 forward @7 unknown #
coedge $-1 -1 $-1 $5087 $5087 $4780 $5088 forward $5249 $-1 #
edge $-1 -1 $-1 $5250 -3.141592653589793116 $5250 3.141592653589793116 $5087 $5251 forward @7 unknown #
vertex $-1 -1 $-1 $4782 $5252 #
ellipse-curve $-1 -1 $-1 129.2261203886293117 -271.9999999999999432 -227.9926860634071204 2.83276944882391881e-16 1 -1.649216336426407009e-30 0.5288817760649492383 -1.498200137276554008e-16 -1.993537137087341815 1 I I #
loop $-1 -1 $-1 $-1 $4783 $4789 #
DXID-attrib $-1 -1 $-1 $-1 $4784 @10 ASM ENTITY @2 67 #
vertex $-1 -1 $-1 $4784 $5253 #
ellipse-curve $-1 -1 $-1 122.0893331649489966 -254.9999999999999147 -220.5903697171011402 2.83276944882391881e-16 1 -1.649216336426407009e-30 1.794992694523463994 -5.084800465908304333e-16 -6.765944222841887346 1 I I #
point $-1 -1 $-1 128.4247843642884845 -254.9999999999999147 -224.9721752496384397 #
DXID-attrib $-1 -1 $-1 $-1 $4789 @10 ASM ENTITY @2 20 #
face $5254 -1 $-1 $5255 $5256 $50 $-1 $5257 forward single #
loop $-1 -1 $-1 $5091 $5258 $4789 #
cone-surface $-1 -1 $-1 122.0893331649489966 -254.9999999999999147 -220.5903697171011402 2.83276944882391881e-16 1 -1.649216336426407009e-30 1.794992694523463994 -5.084800465908304333e-16 -6.765944222841887346 1 I I 0 1 7.000000000000007994 forward I I I I #
straight-curve $-1 -1 $-1 -158.6634023240831937 -89.99999999999994316 -334.3930743419174405 8.825466275801435501 -8.299531269023102025e-16 4.702248931595550019 I I #
straight-curve $-1 -1 $-1 -170.4190246530720856 -89.99999999999994316 -312.3294086524138606 8.825466275801435501 -8.299531269023102025e-16 4.702248931595550019 I I #
DXID-attrib $-1 -1 $-1 $-1 $4804 @10 ASM ENTITY @2 26 #
cone-surface $-1 -1 $-1 -170.4190246530720572 -59.99999999999994316 -312.3294086524138606 0.8825466275801437943 -8.299531269023102025e-17 0.4702248931595550685 2.431409531635330633e-15 29.99999999999999289 7.316224710783611165e-16 1 I I 0 1 29.99999999999999289 forward I I I I #
ellipse-curve $-1 -1 $-1 -149.8379360482817617 -59.99999999999994316 -329.6908254103219065 0.8825466275801437943 -8.299531269023102025e-17 0.4702248931595550685 14.10674679478664828 -2.334588541449317939e-15 -26.4763988274043065 1 F -1.792610797291690927 F 1.792610797291691149 #
straight-curve $-1 -1 $-1 175.043784138376509 -270.0000000000001705 -314.8132595632532684 -2.564275277890662785 7.264000665583218653e-16 9.66563460405983399 I I #
straight-curve $-1 -1 $-1 150.8796976282269213 -270.0000000000001705 -321.2239477579799427 -2.564275277890662785 7.264000665583218653e-16 9.66563460405983399 I I #
DXID-attrib $-1 -1 $-1 $-1 $4828 @10 ASM ENTITY @2 26 #
cone-surface $-1 -1 $-1 150.8796976282269213 -240.0000000000001705 -321.2239477579799427 -0.2564275277890660787 7.264000665583214955e-17 0.9665634604059828439 8.498308346471761361e-15 30.00000000000001421 -2.64994607707709895e-29 1 I I 0 1 30.00000000000001421 forward I I I I #
ellipse-curve $-1 -1 $-1 172.4795088604858506 -240.0000000000001705 -305.147624959193422 -0.2564275277890660787 7.264000665583214955e-17 0.9665634604059828439 28.99690381217950019 -1.005112452168381561e-14 7.69282583367198658 1 F -1.792610797291690927 F 1.792610797291691149 #
ellipse-curve $-1 -1 $-1 0 -290 0 -0 -1 -0 -72.88689868556627971 0 -43.73213921133975646 1 I I #
edge $-1 -1 $-1 $4878 -8.75 $4843 26.25 $4842 $5259 forward @7 tangent #
point $-1 -1 $-1 -85.00000000000001421 -290 0 #
DXID-attrib $-1 -1 $-1 $-1 $4846 @10 ASM ENTITY @2 22 #
cone-surface $-1 -1 $-1 -19.99999999999999645 -290 -65.00000000000002842 1 0 0 0 -7.071067811865480834 -7.071067811865469288 1 I I 0 1 10 forward I I I I #
straight-curve $-1 -1 $-1 -12.50000000000000355 -225 -75.00000000000001421 -10 0 0 I I #
point $-1 -1 $-1 -15 -225 -75.00000000000001421 #
ATTRIB_CUSTOM-attrib $-1 -1 $-1 $4860 $3996 @17 sketch_attrib_def 1 1 3 @13 234 0 0 0 1 1 #
ellipse-curve $-1 -1 $-1 -75.00000000000001421 -290 349.9999999999999432 7.105427357601001859e-15 0 1 -10 0 7.105427357601001859e-14 1 F 0 F 1.570796326794896558 #
straight-curve $-1 -1 $-1 -85.00000000000001421 0 350 0 -10 0 I I #
point $-1 -1 $-1 -85.00000000000001421 -290 350 #
DXID-attrib $-1 -1 $-1 $-1 $4880 @10 ASM ENTITY @2 23 #
torus-surface $-1 -1 $-1 0 -290 349.9999999999998863 -0 -1 -0 75.00000000000001421 10 0 0 -1 forward_v I I I I #
straight-curve $-1 -1 $-1 -10.0000001490116226 -49.99999985098835964 -74.99999999999998579 10.00000000000001243 -2.832769448823919007e-15 -6.21227962861547021e-29 I I #
straight-curve $-1 -1 $-1 -12.72750025137107954 -59.99999999999999289 -126.7134511137582678 -2.810776376729617128e-15 -10.00000000000001066 1.551834409292683281e-29 I I #
vertex $-1 -1 $-1 $4916 $5260 #
loop $-1 -1 $-1 $-1 $4893 $5261 #
vertex $-1 -1 $-1 $4894 $5262 #
ellipse-curve $-1 -1 $-1 -1.451884897545508501e-14 -44.99999999999998579 -134.6513814076919573 2.810776376729614071e-16 1 -1.551834409292681599e-30 2.116781411715649597 -5.949799186750658772e-16 3.394000067032282519 1 I I #
DXID-attrib $-1 -1 $-1 $-1 $4896 @10 ASM ENTITY @2 28 #
face $5263 -1 $-1 $5264 $4906 $38 $-1 $5265 forward single #
loop $-1 -1 $-1 $5266 $5267 $4896 #
cone-surface $-1 -1 $-1 -1.873501354054951031e-14 -60 -134.6513814076919573 2.810776376729614071e-16 1 -1.551834409292681599e-30 -1.587586058786737198 4.462349390062993832e-16 -2.545500050274212445 1 I I 0 -1 3.000000000000003553 forward I I I I #
loop $-1 -1 $-1 $-1 $5268 $4539 #
coedge $-1 -1 $-1 $5134 $5134 $5269 $5270 forward $4897 $-1 #
straight-curve $-1 -1 $-1 4.789569957437358028 -60 -155.3168119529967157 -2.810776376729617128e-15 -10.00000000000001066 1.551834409292683281e-29 I I #
loop $-1 -1 $-1 $-1 $5271 $5137 #
face $5272 -1 $-1 $5261 $4901 $38 $-1 $5273 reversed single #
point $-1 -1 $-1 4.789569957437357139 -54.99999999999999289 -155.3168119529967157 #
ellipse-curve $-1 -1 $-1 -1.732962535218470293e-14 -54.99999999999999289 -134.6513814076919573 2.810776376729614071e-16 1 -1.551834409292681599e-30 -7.937930293933684212 2.231174695031496719e-15 -12.72750025137106 1 I I #
loop $-1 -1 $-1 $-1 $5269 $5130 #
point $-1 -1 $-1 4.789569957437354475 -65 -155.3168119529967157 #
point $-1 -1 $-1 -12.72750025137107954 -65 -126.7134511137582678 #
straight-curve $-1 -1 $-1 -36.44904746367508608 -54.99999999999998579 -164.7480504271636335 5.291953529289123104 -1.487449796687664545e-15 8.485000167580707853 I I #
straight-curve $-1 -1 $-1 -36.44904746367508608 -65 -164.7480504271636335 -5.291953529289123104 1.487449796687664545e-15 -8.485000167580707853 I I #
vertex $-1 -1 $-1 $4922 $5274 #
ellipse-curve $-1 -1 $-1 -0.5122551174829513831 -92.00000000000002842 -144.9210266723292762 -2.810776376729614071e-16 -1 1.551834409292681599e-30 -1.653735477902851247 4.64828061464895232e-16 -2.65156255236897076 1 I I #
loop $-1 -1 $-1 $-1 $4924 $5264 #
vertex $-1 -1 $-1 $4925 $5275 #
ellipse-curve $-1 -1 $-1 -0.5122551174829469423 -75.00000000000001421 -144.9210266723292762 -2.810776376729614071e-16 -1 1.551834409292681599e-30 -1.091465415415882045 3.067865205668309616e-16 -1.750031284563520861 1 I I #
point $-1 -1 $-1 0.5792102979329307733 -92.00000000000002842 -143.1709953877657711 #
point $-1 -1 $-1 3.704367470502363702 -75.00000000000001421 -128.7118812903854632 #
DXID-attrib $-1 -1 $-1 $-1 $4935 @10 ASM ENTITY @2 21 #
face $5276 -1 $-1 $5277 $5278 $38 $-1 $5279 forward single #
loop $-1 -1 $-1 $5280 $5281 $4935 #
plane-surface $-1 -1 $-1 -2.154578991727912823e-14 -70.00000000000001421 -134.6513814076919573 -2.810776376729614071e-16 -1 1.551834409292681599e-30 -5.291953529289123992 1.487449796687664742e-15 -8.485000167580706076 forward_v I I I I #
coedge $-1 -1 $-1 $5156 $5156 $5282 $5283 forward $4936 $-1 #
straight-curve $-1 -1 $-1 -10.0000001490116226 -229.9999998509883312 -75.00000000000001421 10.00000000000001243 -2.832769448823928868e-15 1.594897878183755986e-28 I I #
straight-curve $-1 -1 $-1 -8.634031951807346061 -239.9999999999999716 -146.9173298934458671 -2.832769448823927685e-15 -10.00000000000001066 1.618242741091560404e-29 I I #
vertex $-1 -1 $-1 $4972 $5284 #
loop $-1 -1 $-1 $-1 $4949 $5285 #
vertex $-1 -1 $-1 $4950 $5286 #
ellipse-curve $-1 -1 $-1 3.32537306915681095e-14 -224.9999999999999432 -134.6513814076919004 2.832769448823924727e-16 1 -1.618242741091558582e-30 -3.270919596201056212 9.265761101677878265e-16 2.302408520481966647 1 I I #
DXID-attrib $-1 -1 $-1 $-1 $4952 @10 ASM ENTITY @2 28 #
face $5287 -1 $-1 $5288 $4962 $42 $-1 $5289 forward single #
loop $-1 -1 $-1 $5290 $5291 $4952 #
cone-surface $-1 -1 $-1 2.900457651833221462e-14 -239.9999999999999716 -134.6513814076919004 2.832769448823924727e-16 1 -1.618242741091558582e-30 2.453189697150792714 -6.949320826258408206e-16 -1.726806390361475207 1 I I 0 -1 3.000000000000003553 forward I I I I #
loop $-1 -1 $-1 $-1 $5292 $4609 #
coedge $-1 -1 $-1 $5168 $5168 $5293 $5294 forward $4953 $-1 #
straight-curve $-1 -1 $-1 20.89998043756136781 -239.9999999999999716 -131.0194648737453065 -2.832769448823927685e-15 -10.00000000000001066 1.618242741091560404e-29 I I #
loop $-1 -1 $-1 $-1 $5295 $5171 #
face $5296 -1 $-1 $5285 $4957 $42 $-1 $5297 reversed single #
point $-1 -1 $-1 20.89998043756136781 -234.9999999999999716 -131.0194648737453065 #
ellipse-curve $-1 -1 $-1 3.042096124274417747e-14 -234.9999999999999716 -134.6513814076919004 2.832769448823924727e-16 1 -1.618242741091558582e-30 12.26594848575395957 -3.474660413129204004e-15 -8.634031951807374483 1 I I #
loop $-1 -1 $-1 $-1 $5293 $5164 #
point $-1 -1 $-1 20.89998043756135715 -244.9999999999999716 -131.0194648737453065 #
point $-1 -1 $-1 -8.634031951807349614 -244.9999999999999716 -146.9173298934458671 #
straight-curve $-1 -1 $-1 28.02127558230693438 -234.9999999999999716 -172.7190929467018918 -8.177298990502640308 2.316440275419469073e-15 5.75602130120491573 I I #
straight-curve $-1 -1 $-1 28.02127558230693438 -244.9999999999999716 -172.7190929467018918 8.177298990502640308 -2.316440275419469073e-15 -5.75602130120491573 I I #
vertex $-1 -1 $-1 $4978 $5298 #
ellipse-curve $-1 -1 $-1 10.22521342480846585 -272 -135.7344463106374803 -2.832769448823924727e-16 -1 1.618242741091558582e-30 2.555405934532075207 -7.238875860685841347e-16 -1.798756656626536721 1 I I #
loop $-1 -1 $-1 $-1 $4979 $5288 #
vertex $-1 -1 $-1 $4980 $5299 #
ellipse-curve $-1 -1 $-1 10.2252134248084694 -255 -135.7344463106374803 -2.832769448823924727e-16 -1 1.618242741091558582e-30 1.686567916791169797 -4.777658068052656196e-16 -1.187179393373514413 1 I I #
point $-1 -1 $-1 8.538645508017294716 -272 -134.5472669172639542 #
point $-1 -1 $-1 -5.724109293351823169 -255 -130.6221664968484504 #
DXID-attrib $-1 -1 $-1 $-1 $4989 @10 ASM ENTITY @2 21 #
face $5300 -1 $-1 $5301 $5302 $42 $-1 $5303 forward single #
loop $-1 -1 $-1 $5304 $5305 $4989 #
plane-surface $-1 -1 $-1 2.617180706950828575e-14 -249.9999999999999716 -134.6513814076919004 -2.832769448823924727e-16 -1 1.618242741091558582e-30 8.177298990502638532 -2.316440275419469073e-15 -5.756021301204917506 forward_v I I I I #
coedge $-1 -1 $-1 $5190 $5190 $5306 $5307 forward $4990 $-1 #
straight-curve $-1 -1 $-1 -55.92809471862467063 -49.99999985098840227 -205.4286264263566295 8.485000167580706076 -2.384943802758273615e-15 -5.291953529289123992 I I #
straight-curve $-1 -1 $-1 -86.06370165874159284 -60.00000000000001421 -248.0965787448682534 -8.104698438784301665e-16 -10.00000000000001243 -2.438741570261107415e-16 I I #
vertex $-1 -1 $-1 $5026 $5308 #
loop $-1 -1 $-1 $-1 $5003 $5309 #
vertex $-1 -1 $-1 $5004 $5310 #
ellipse-curve $-1 -1 $-1 -79.01032826134826337 -45 -261.3347781585704297 8.104698438784292051e-17 1 2.438741570261104518e-17 3.53018651032058095 -3.319812507609175236e-16 1.880899572638222494 1 I I #
DXID-attrib $-1 -1 $-1 $-1 $5006 @10 ASM ENTITY @2 28 #
face $5311 -1 $-1 $5312 $5016 $46 $-1 $5313 forward single #
loop $-1 -1 $-1 $5314 $5315 $5006 #
cone-surface $-1 -1 $-1 -79.01032826134826337 -60.00000000000001421 -261.3347781585704297 8.104698438784292051e-17 1 2.438741570261104518e-17 -2.647639882740435713 2.489859380706881797e-16 -1.410674679478666871 1 I I 0 -1 3.000000000000003997 forward I I I I #
loop $-1 -1 $-1 $-1 $5316 $4678 #
coedge $-1 -1 $-1 $5202 $5202 $5317 $5318 forward $5007 $-1 #
straight-curve $-1 -1 $-1 -85.19515427765711024 -60.00000000000001421 -281.6263509696659639 -8.104698438784301665e-16 -10.00000000000001243 -2.438741570261107415e-16 I I #
loop $-1 -1 $-1 $-1 $5319 $5205 #
face $5320 -1 $-1 $5309 $5011 $46 $-1 $5321 reversed single #
point $-1 -1 $-1 -85.19515427765711024 -55.00000000000000711 -281.6263509696659639 #
ellipse-curve $-1 -1 $-1 -79.01032826134826337 -55.00000000000000711 -261.3347781585704297 8.104698438784292051e-17 1 2.438741570261104518e-17 -13.23819941370217812 1.2449296903534408e-15 -7.053373397393333022 1 I I #
loop $-1 -1 $-1 $-1 $5317 $5198 #
point $-1 -1 $-1 -85.19515427765711024 -65.00000000000001421 -281.6263509696659639 #
point $-1 -1 $-1 -86.06370165874159284 -65.00000000000001421 -248.0965787448682534 #
straight-curve $-1 -1 $-1 -125.624463818371467 -55.00000000000000711 -269.1747343668874919 8.825466275801449711 -8.299531269022938336e-16 4.702248931595556236 I I #
straight-curve $-1 -1 $-1 -125.624463818371467 -65.00000000000001421 -269.1747343668874919 -8.825466275801449711 8.299531269022938336e-16 -4.702248931595556236 I I #
vertex $-1 -1 $-1 $5032 $5322 #
ellipse-curve $-1 -1 $-1 -84.58877683862571928 -92.00000000000005684 -269.9724242868594501 -8.104698438784292051e-17 -1 -2.438741570261104518e-17 -2.757958211187953701 2.593603521569668168e-16 -1.469452791123610824 1 I I #
loop $-1 -1 $-1 $-1 $5033 $5312 #
vertex $-1 -1 $-1 $5034 $5323 #
ellipse-curve $-1 -1 $-1 -84.58877683862571928 -75.00000000000002842 -269.9724242868594501 -8.104698438784292051e-17 -1 -2.438741570261104518e-17 -1.820252419384049691 1.711778324235981297e-16 -0.9698388421415834459 1 I I #
point $-1 -1 $-1 -82.76852441924167181 -92.00000000000005684 -269.0025854447179086 #
point $-1 -1 $-1 -72.83250186828725248 -75.00000000000002842 -258.0432039064535275 #
DXID-attrib $-1 -1 $-1 $-1 $5043 @10 ASM ENTITY @2 21 #
face $5324 -1 $-1 $5325 $5326 $46 $-1 $5327 forward single #
loop $-1 -1 $-1 $5328 $5329 $5043 #
plane-surface $-1 -1 $-1 -79.01032826134826337 -70.00000000000002842 -261.3347781585704297 -8.104698438784292051e-17 -1 -2.438741570261104518e-17 -8.825466275801451488 8.299531269022938336e-16 -4.70224893159555446 forward_v I I I I #
coedge $-1 -1 $-1 $5224 $5224 $5330 $5331 forward $5044 $-1 #
straight-curve $-1 -1 $-1 67.55459368125202957 -229.9999998509883312 -194.4322066265577291 5.75602130120491573 -1.630548128883288484e-15 8.177298990502640308 I I #
straight-curve $-1 -1 $-1 107.5908812588592411 -239.9999999999998863 -224.4367826339371277 -2.832769448823921768e-15 -10.00000000000001066 1.649216336426408761e-29 I I #
vertex $-1 -1 $-1 $5080 $5332 #
loop $-1 -1 $-1 $-1 $5057 $5333 #
vertex $-1 -1 $-1 $5058 $5334 #
ellipse-curve $-1 -1 $-1 122.0893331649489966 -224.9999999999998579 -220.5903697171011402 2.83276944882391881e-16 1 -1.649216336426407009e-30 -1.025710111156265425 2.90560026623331803e-16 3.866253841623935372 1 I I #
DXID-attrib $-1 -1 $-1 $-1 $5060 @10 ASM ENTITY @2 28 #
face $5335 -1 $-1 $5336 $5070 $50 $-1 $5337 forward single #
loop $-1 -1 $-1 $5338 $5339 $5060 #
cone-surface $-1 -1 $-1 122.0893331649489966 -239.9999999999998863 -220.5903697171011402 2.83276944882391881e-16 1 -1.649216336426407009e-30 0.7692825833671992353 -2.179200199674988769e-16 -2.899690381217951529 1 I I 0 -1 3.000000000000003553 forward I I I I #
loop $-1 -1 $-1 $-1 $5340 $4747 #
coedge $-1 -1 $-1 $5236 $5236 $5341 $5342 forward $5061 $-1 #
straight-curve $-1 -1 $-1 140.4341979878747395 -239.9999999999998863 -231.2424087063548939 -2.832769448823921768e-15 -10.00000000000001066 1.649216336426408761e-29 I I #
loop $-1 -1 $-1 $-1 $5343 $5239 #
face $5344 -1 $-1 $5333 $5065 $50 $-1 $5345 reversed single #
point $-1 -1 $-1 140.4341979878747395 -234.9999999999998863 -231.2424087063548939 #
ellipse-curve $-1 -1 $-1 122.0893331649489966 -234.9999999999998863 -220.5903697171011402 2.83276944882391881e-16 1 -1.649216336426407009e-30 3.846412916835995066 -1.089600099837494236e-15 -14.4984519060897572 1 I I #
loop $-1 -1 $-1 $-1 $5341 $5232 #
point $-1 -1 $-1 140.4341979878747395 -244.9999999999998863 -231.2424087063548939 #
point $-1 -1 $-1 107.5908812588592411 -244.9999999999998863 -224.4367826339371277 #
straight-curve $-1 -1 $-1 119.0854223074837819 -234.9999999999998863 -267.7636573557347788 -2.564275277890663673 7.264000665583295567e-16 9.665634604059837542 I I #
straight-curve $-1 -1 $-1 119.0854223074837819 -244.9999999999998863 -267.7636573557347788 2.564275277890663673 -7.264000665583295567e-16 -9.665634604059837542 I I #
vertex $-1 -1 $-1 $5086 $5346 #
ellipse-curve $-1 -1 $-1 129.2261203886293117 -271.9999999999999432 -227.9926860634071204 -2.83276944882391881e-16 -1 1.649216336426407009e-30 0.8013360243408319539 -2.270000207994778755e-16 -3.020510813768698899 1 I I #
loop $-1 -1 $-1 $-1 $5087 $5336 #
vertex $-1 -1 $-1 $5088 $5347 #
ellipse-curve $-1 -1 $-1 129.2261203886293117 -254.9999999999999147 -227.9926860634071204 -2.83276944882391881e-16 -1 1.649216336426407009e-30 0.5288817760649492383 -1.498200137276554008e-16 -1.993537137087341815 1 I I #
point $-1 -1 $-1 128.6972386125643482 -271.9999999999999432 -225.9991489263197764 #
point $-1 -1 $-1 120.2943404704255244 -254.9999999999999147 -213.824425494259259 #
DXID-attrib $-1 -1 $-1 $-1 $5097 @10 ASM ENTITY @2 21 #
face $5348 -1 $-1 $5349 $5350 $50 $-1 $5351 forward single #
loop $-1 -1 $-1 $5352 $5353 $5097 #
plane-surface $-1 -1 $-1 122.0893331649489966 -249.9999999999998863 -220.5903697171011402 -2.83276944882391881e-16 -1 1.649216336426407009e-30 2.564275277890662341 -7.264000665583291623e-16 -9.665634604059837542 forward_v I I I I #
coedge $-1 -1 $-1 $5258 $5258 $5354 $5355 forward $5098 $-1 #
straight-curve $-1 -1 $-1 -85.00000000000001421 -290 262.5 0 0 -10 F -9.850000999999998896 F 27.3500009999999989 #
point $-1 -1 $-1 -12.72750025137107777 -54.99999999999999289 -126.7134511137582678 #
face $5356 -1 $-1 $4100 $5357 $38 $-1 $5358 forward single #
point $-1 -1 $-1 -2.116781411715664252 -44.99999999999998579 -138.0453814747242518 #
DXID-attrib $-1 -1 $-1 $-1 $5130 @10 ASM ENTITY @2 29 #
face $5359 -1 $-1 $1934 $5147 $38 $-1 $3224 reversed single #
plane-surface $-1 -1 $-1 -2.014040172891431769e-14 -65 -134.6513814076919573 2.810776376729614071e-16 1 -1.551834409292681599e-30 5.291953529289123992 -1.487449796687664742e-15 8.485000167580706076 forward_v I I I I #
loop $-1 -1 $-1 $-1 $5360 $4896 #
coedge $-1 -1 $-1 $5267 $5267 $5281 $5361 forward $5131 $-1 #
coedge $-1 -1 $-1 $5268 $5268 $5360 $5362 forward $5133 $-1 #
coedge $-1 -1 $-1 $5269 $5269 $5134 $5270 reversed $5140 $-1 #
edge $-1 -1 $-1 $5363 -3.141592653589793116 $5363 3.141592653589793116 $5269 $5364 forward @7 unknown #
coedge $-1 -1 $-1 $5271 $5271 $5365 $5366 reversed $5136 $-1 #
DXID-attrib $-1 -1 $-1 $-1 $5137 @10 ASM ENTITY @2 24 #
plane-surface $-1 -1 $-1 -1.732962535218470293e-14 -54.99999999999999289 -134.6513814076919573 2.810776376729614071e-16 1 -1.551834409292681599e-30 5.291953529289123992 -1.487449796687664742e-15 8.485000167580706076 forward_v I I I I #
point $-1 -1 $-1 1.141480360419899975 -92.00000000000002842 -142.2694641199603041 #
point $-1 -1 $-1 0.5792102979329352141 -75.00000000000001421 -143.1709953877657711 #
DXID-attrib $-1 -1 $-1 $-1 $5153 @10 ASM ENTITY @2 22 #
face $5367 -1 $-1 $5137 $5368 $38 $-1 $5132 forward single #
loop $-1 -1 $-1 $5369 $5365 $5153 #
cone-surface $-1 -1 $-1 -1.718908653334822156e-14 -54.49999999999999289 -134.6513814076919573 2.810776376729614071e-16 1 -1.551834409292681599e-30 -1.852183735251193397 5.206074288406826795e-16 -2.969750058653247482 1 I I 0.7071067811865474617 -0.7071067811865474617 3.500000000000003997 forward I I I I #
loop $-1 -1 $-1 $-1 $5282 $4935 #
coedge $-1 -1 $-1 $5281 $5281 $5267 $5361 reversed $5154 $-1 #
coedge $-1 -1 $-1 $5282 $5282 $5156 $5283 reversed $5280 $-1 #
edge $5370 -1 $-1 $5371 -3.141592653589793116 $5371 3.141592653589793116 $5156 $5372 forward @7 unknown #
point $-1 -1 $-1 -8.634031951807346061 -234.9999999999999716 -146.9173298934458671 #
face $5373 -1 $-1 $4168 $5374 $42 $-1 $5375 forward single #
point $-1 -1 $-1 3.270919596201089075 -224.9999999999999432 -136.953789928173876 #
DXID-attrib $-1 -1 $-1 $-1 $5164 @10 ASM ENTITY @2 29 #
face $5376 -1 $-1 $2019 $5181 $42 $-1 $3289 reversed single #
plane-surface $-1 -1 $-1 2.758819179392025176e-14 -244.9999999999999716 -134.6513814076919004 2.832769448823924727e-16 1 -1.618242741091558582e-30 -8.177298990502638532 2.316440275419469073e-15 5.756021301204917506 forward_v I I I I #
loop $-1 -1 $-1 $-1 $5377 $4952 #
coedge $-1 -1 $-1 $5291 $5291 $5305 $5378 forward $5165 $-1 #
coedge $-1 -1 $-1 $5292 $5292 $5377 $5379 forward $5167 $-1 #
coedge $-1 -1 $-1 $5293 $5293 $5168 $5294 reversed $5174 $-1 #
edge $-1 -1 $-1 $5380 -3.141592653589793116 $5380 3.141592653589793116 $5293 $5381 forward @7 unknown #
coedge $-1 -1 $-1 $5295 $5295 $5382 $5383 reversed $5170 $-1 #
DXID-attrib $-1 -1 $-1 $-1 $5171 @10 ASM ENTITY @2 24 #
plane-surface $-1 -1 $-1 3.042096124274417747e-14 -234.9999999999999716 -134.6513814076919004 2.832769448823924727e-16 1 -1.618242741091558582e-30 -8.177298990502638532 2.316440275419469073e-15 5.756021301204917506 forward_v I I I I #
point $-1 -1 $-1 7.66980749027638975 -272 -133.935689654010929 #
point $-1 -1 $-1 8.538645508017300045 -255 -134.5472669172639542 #
DXID-attrib $-1 -1 $-1 $-1 $5187 @10 ASM ENTITY @2 22 #
face $5384 -1 $-1 $5171 $5385 $42 $-1 $5166 forward single #
loop $-1 -1 $-1 $5386 $5382 $5187 #
cone-surface $-1 -1 $-1 3.056259971518537692e-14 -234.4999999999999716 -134.6513814076919004 2.832769448823924727e-16 1 -1.618242741091558582e-30 2.862054646675924019 -8.107540963968143728e-16 -2.014607455421721038 1 I I 0.7071067811865474617 -0.7071067811865474617 3.500000000000003997 forward I I I I #
loop $-1 -1 $-1 $-1 $5306 $4989 #
coedge $-1 -1 $-1 $5305 $5305 $5291 $5378 reversed $5188 $-1 #
coedge $-1 -1 $-1 $5306 $5306 $5190 $5307 reversed $5304 $-1 #
edge $5387 -1 $-1 $5388 -3.141592653589793116 $5388 3.141592653589793116 $5190 $5389 forward @7 unknown #
point $-1 -1 $-1 -86.06370165874159284 -55.00000000000000711 -248.0965787448682534 #
face $5390 -1 $-1 $4236 $5391 $46 $-1 $5392 forward single #
point $-1 -1 $-1 -82.54051477166883899 -45 -263.2156777312086433 #
DXID-attrib $-1 -1 $-1 $-1 $5198 @10 ASM ENTITY @2 29 #
face $5393 -1 $-1 $2103 $5215 $46 $-1 $3353 reversed single #
plane-surface $-1 -1 $-1 -79.01032826134826337 -65.00000000000001421 -261.3347781585704297 8.104698438784292051e-17 1 2.438741570261104518e-17 8.825466275801451488 -8.299531269022938336e-16 4.70224893159555446 forward_v I I I I #
loop $-1 -1 $-1 $-1 $5394 $5006 #
coedge $-1 -1 $-1 $5315 $5315 $5329 $5395 forward $5199 $-1 #
coedge $-1 -1 $-1 $5316 $5316 $5394 $5396 forward $5201 $-1 #
coedge $-1 -1 $-1 $5317 $5317 $5202 $5318 reversed $5208 $-1 #
edge $-1 -1 $-1 $5397 -3.141592653589793116 $5397 3.141592653589793116 $5317 $5398 forward @7 unknown #
coedge $-1 -1 $-1 $5319 $5319 $5399 $5400 reversed $5204 $-1 #
DXID-attrib $-1 -1 $-1 $-1 $5205 @10 ASM ENTITY @2 24 #
plane-surface $-1 -1 $-1 -79.01032826134826337 -55.00000000000000711 -261.3347781585704297 8.104698438784292051e-17 1 2.438741570261104518e-17 8.825466275801451488 -8.299531269022938336e-16 4.70224893159555446 forward_v I I I I #
point $-1 -1 $-1 -81.83081862743776469 -92.00000000000005684 -268.5029714957358351 #
point $-1 -1 $-1 -82.76852441924167181 -75.00000000000002842 -269.0025854447179086 #
DXID-attrib $-1 -1 $-1 $-1 $5221 @10 ASM ENTITY @2 22 #
face $5401 -1 $-1 $5205 $5402 $46 $-1 $5200 forward single #
loop $-1 -1 $-1 $5403 $5399 $5221 #
cone-surface $-1 -1 $-1 -79.01032826134826337 -54.50000000000000711 -261.3347781585704297 8.104698438784292051e-17 1 2.438741570261104518e-17 -3.08891319653050811 2.904835944158028763e-16 -1.645787126058444461 1 I I 0.7071067811865474617 -0.7071067811865474617 3.500000000000004885 forward I I I I #
loop $-1 -1 $-1 $-1 $5330 $5043 #
coedge $-1 -1 $-1 $5329 $5329 $5315 $5395 reversed $5222 $-1 #
coedge $-1 -1 $-1 $5330 $5330 $5224 $5331 reversed $5328 $-1 #
edge $5404 -1 $-1 $5405 -3.141592653589793116 $5405 3.141592653589793116 $5224 $5406 forward @7 unknown #
point $-1 -1 $-1 107.5908812588592411 -234.9999999999998863 -224.4367826339371277 #
face $5407 -1 $-1 $4304 $5408 $50 $-1 $5409 forward single #
point $-1 -1 $-1 123.1150432761052684 -224.9999999999998579 -224.4566235587250844 #
DXID-attrib $-1 -1 $-1 $-1 $5232 @10 ASM ENTITY @2 29 #
face $5410 -1 $-1 $2187 $5249 $50 $-1 $3417 reversed single #
plane-surface $-1 -1 $-1 122.0893331649489966 -244.9999999999998863 -220.5903697171011402 2.83276944882391881e-16 1 -1.649216336426407009e-30 -2.564275277890662341 7.264000665583291623e-16 9.665634604059837542 forward_v I I I I #
loop $-1 -1 $-1 $-1 $5411 $5060 #
coedge $-1 -1 $-1 $5339 $5339 $5353 $5412 forward $5233 $-1 #
coedge $-1 -1 $-1 $5340 $5340 $5411 $5413 forward $5235 $-1 #
coedge $-1 -1 $-1 $5341 $5341 $5236 $5342 reversed $5242 $-1 #
edge $-1 -1 $-1 $5414 -3.141592653589793116 $5414 3.141592653589793116 $5341 $5415 forward @7 unknown #
coedge $-1 -1 $-1 $5343 $5343 $5416 $5417 reversed $5238 $-1 #
DXID-attrib $-1 -1 $-1 $-1 $5239 @10 ASM ENTITY @2 24 #
plane-surface $-1 -1 $-1 122.0893331649489966 -234.9999999999998863 -220.5903697171011402 2.83276944882391881e-16 1 -1.649216336426407009e-30 -2.564275277890662341 7.264000665583291623e-16 9.665634604059837542 forward_v I I I I #
point $-1 -1 $-1 128.4247843642884561 -271.9999999999999432 -224.9721752496384397 #
point $-1 -1 $-1 128.6972386125643482 -254.9999999999999147 -225.9991489263197764 #
DXID-attrib $-1 -1 $-1 $-1 $5255 @10 ASM ENTITY @2 22 #
face $5418 -1 $-1 $5239 $5419 $50 $-1 $5234 forward single #
loop $-1 -1 $-1 $5420 $5416 $5255 #
cone-surface $-1 -1 $-1 122.0893331649489966 -234.4999999999998863 -220.5903697171011402 2.83276944882391881e-16 1 -1.649216336426407009e-30 0.8974963472617324411 -2.542400232954153646e-16 -3.382972111420943673 1 I I 0.7071067811865474617 -0.7071067811865474617 3.500000000000003997 forward I I I I #
loop $-1 -1 $-1 $-1 $5354 $5097 #
coedge $-1 -1 $-1 $5353 $5353 $5339 $5412 reversed $5256 $-1 #
coedge $-1 -1 $-1 $5354 $5354 $5258 $5355 reversed $5352 $-1 #
edge $5421 -1 $-1 $5422 -3.141592653589793116 $5422 3.141592653589793116 $5258 $5423 forward @7 unknown #
DXID-attrib $-1 -1 $-1 $-1 $5261 @10 ASM ENTITY @2 25 #
loop $-1 -1 $-1 $5126 $5424 $5261 #
cone-surface $-1 -1 $-1 -1.465938779429156638e-14 -45.49999999999998579 -134.6513814076919573 2.810776376729614071e-16 1 -1.551834409292681599e-30 1.852183735251193397 -5.206074288406826795e-16 2.969750058653247482 1 I I -0.7071067811865472397 -0.7071067811865480168 3.500000000000003997 forward I I I I #
DXID-attrib $-1 -1 $-1 $-1 $5264 @10 ASM ENTITY @2 30 #
coedge $-1 -1 $-1 $5360 $5360 $5268 $5362 reversed $5266 $-1 #
edge $-1 -1 $-1 $5425 -3.141592653589793116 $5425 3.141592653589793116 $5267 $5426 forward @7 unknown #
edge $-1 -1 $-1 $5427 -3.141592653589793116 $5427 3.141592653589793116 $5360 $5428 forward @7 unknown #
vertex $-1 -1 $-1 $5270 $5429 #
ellipse-curve $-1 -1 $-1 -2.014040172891431769e-14 -65 -134.6513814076919573 2.810776376729614071e-16 1 -1.551834409292681599e-30 -2.116781411715649597 5.949799186750658772e-16 -3.394000067032282519 1 I I #
coedge $-1 -1 $-1 $5365 $5365 $5271 $5366 forward $5278 $-1 #
edge $-1 -1 $-1 $5430 -3.141592653589793116 $5430 3.141592653589793116 $5271 $5431 forward @7 unknown #
DXID-attrib $-1 -1 $-1 $-1 $5277 @10 ASM ENTITY @2 23 #
loop $-1 -1 $-1 $5432 $5433 $5277 #
loop $-1 -1 $-1 $-1 $5434 $5153 #
DXID-attrib $-1 -1 $-1 $-1 $5283 @10 ASM ENTITY @2 75 #
vertex $-1 -1 $-1 $5283 $5435 #
ellipse-curve $-1 -1 $-1 -2.154578991727912823e-14 -70.00000000000001421 -134.6513814076919573 2.810776376729614071e-16 1 -1.551834409292681599e-30 -3.704367470502387238 1.041214857681365556e-15 -5.939500117306494964 1 I I #
DXID-attrib $-1 -1 $-1 $-1 $5285 @10 ASM ENTITY @2 25 #
loop $-1 -1 $-1 $5160 $5436 $5285 #
cone-surface $-1 -1 $-1 3.311209221912691006e-14 -225.4999999999999432 -134.6513814076919004 2.832769448823924727e-16 1 -1.618242741091558582e-30 -2.862054646675924019 8.107540963968143728e-16 2.014607455421721038 1 I I -0.7071067811865472397 -0.7071067811865480168 3.500000000000003997 forward I I I I #
DXID-attrib $-1 -1 $-1 $-1 $5288 @10 ASM ENTITY @2 30 #
coedge $-1 -1 $-1 $5377 $5377 $5292 $5379 reversed $5290 $-1 #
edge $-1 -1 $-1 $5437 -3.141592653589793116 $5437 3.141592653589793116 $5291 $5438 forward @7 unknown #
edge $-1 -1 $-1 $5439 -3.141592653589793116 $5439 3.141592653589793116 $5377 $5440 forward @7 unknown #
vertex $-1 -1 $-1 $5294 $5441 #
ellipse-curve $-1 -1 $-1 2.758819179392025176e-14 -244.9999999999999716 -134.6513814076919004 2.832769448823924727e-16 1 -1.618242741091558582e-30 3.270919596201056212 -9.265761101677878265e-16 -2.302408520481966647 1 I I #
coedge $-1 -1 $-1 $5382 $5382 $5295 $5383 forward $5302 $-1 #
edge $-1 -1 $-1 $5442 -3.141592653589793116 $5442 3.141592653589793116 $5295 $5443 forward @7 unknown #
DXID-attrib $-1 -1 $-1 $-1 $5301 @10 ASM ENTITY @2 23 #
loop $-1 -1 $-1 $5444 $5445 $5301 #
loop $-1 -1 $-1 $-1 $5446 $5187 #
DXID-attrib $-1 -1 $-1 $-1 $5307 @10 ASM ENTITY @2 75 #
vertex $-1 -1 $-1 $5307 $5447 #
ellipse-curve $-1 -1 $-1 2.617180706950828575e-14 -249.9999999999999716 -134.6513814076919004 2.832769448823924727e-16 1 -1.618242741091558582e-30 5.724109293351848038 -1.621508192793628548e-15 -4.029214910843442965 1 I I #
DXID-attrib $-1 -1 $-1 $-1 $5309 @10 ASM ENTITY @2 25 #
loop $-1 -1 $-1 $5194 $5448 $5309 #
cone-surface $-1 -1 $-1 -79.01032826134826337 -45.5 -261.3347781585704297 8.104698438784292051e-17 1 2.438741570261104518e-17 3.08891319653050811 -2.904835944158028763e-16 1.645787126058444461 1 I I -0.7071067811865472397 -0.7071067811865480168 3.500000000000004885 forward I I I I #
DXID-attrib $-1 -1 $-1 $-1 $5312 @10 ASM ENTITY @2 30 #
coedge $-1 -1 $-1 $5394 $5394 $5316 $5396 reversed $5314 $-1 #
edge $-1 -1 $-1 $5449 -3.141592653589793116 $5449 3.141592653589793116 $5315 $5450 forward @7 unknown #
edge $-1 -1 $-1 $5451 -3.141592653589793116 $5451 3.141592653589793116 $5394 $5452 forward @7 unknown #
vertex $-1 -1 $-1 $5318 $5453 #
ellipse-curve $-1 -1 $-1 -79.01032826134826337 -65.00000000000001421 -261.3347781585704297 8.104698438784292051e-17 1 2.438741570261104518e-17 -3.53018651032058095 3.319812507609175236e-16 -1.880899572638222494 1 I I #
coedge $-1 -1 $-1 $5399 $5399 $5319 $5400 forward $5326 $-1 #
edge $-1 -1 $-1 $5454 -3.141592653589793116 $5454 3.141592653589793116 $5319 $5455 forward @7 unknown #
DXID-attrib $-1 -1 $-1 $-1 $5325 @10 ASM ENTITY @2 23 #
loop $-1 -1 $-1 $5456 $5457 $5325 #
loop $-1 -1 $-1 $-1 $5458 $5221 #
DXID-attrib $-1 -1 $-1 $-1 $5331 @10 ASM ENTITY @2 75 #
vertex $-1 -1 $-1 $5331 $5459 #
ellipse-curve $-1 -1 $-1 -79.01032826134826337 -70.00000000000002842 -261.3347781585704297 8.104698438784292051e-17 1 2.438741570261104518e-17 -6.177826393061016219 5.809671888316057526e-16 -3.291574252116888477 1 I I #
DXID-attrib $-1 -1 $-1 $-1 $5333 @10 ASM ENTITY @2 25 #
loop $-1 -1 $-1 $5228 $5460 $5333 #
cone-surface $-1 -1 $-1 122.0893331649489966 -225.4999999999998863 -220.5903697171011402 2.83276944882391881e-16 1 -1.649216336426407009e-30 -0.8974963472617324411 2.542400232954153646e-16 3.382972111420943673 1 I I -0.7071067811865472397 -0.7071067811865480168 3.500000000000003997 forward I I I I #
DXID-attrib $-1 -1 $-1 $-1 $5336 @10 ASM ENTITY @2 30 #
coedge $-1 -1 $-1 $5411 $5411 $5340 $5413 reversed $5338 $-1 #
edge $-1 -1 $-1 $5461 -3.141592653589793116 $5461 3.141592653589793116 $5339 $5462 forward @7 unknown #
edge $-1 -1 $-1 $5463 -3.141592653589793116 $5463 3.141592653589793116 $5411 $5464 forward @7 unknown #
vertex $-1 -1 $-1 $5342 $5465 #
ellipse-curve $-1 -1 $-1 122.0893331649489966 -244.9999999999998863 -220.5903697171011402 2.83276944882391881e-16 1 -1.649216336426407009e-30 1.025710111156265425 -2.90560026623331803e-16 -3.866253841623935372 1 I I #
coedge $-1 -1 $-1 $5416 $5416 $5343 $5417 forward $5350 $-1 #
edge $-1 -1 $-1 $5466 -3.141592653589793116 $5466 3.141592653589793116 $5343 $5467 forward @7 unknown #
DXID-attrib $-1 -1 $-1 $-1 $5349 @10 ASM ENTITY @2 23 #
loop $-1 -1 $-1 $5468 $5469 $5349 #
loop $-1 -1 $-1 $-1 $5470 $5255 #
DXID-attrib $-1 -1 $-1 $-1 $5355 @10 ASM ENTITY @2 75 #
vertex $-1 -1 $-1 $5355 $5471 #
ellipse-curve $-1 -1 $-1 122.0893331649489966 -249.9999999999998863 -220.5903697171011402 2.83276944882391881e-16 1 -1.649216336426407009e-30 1.794992694523463994 -5.084800465908304333e-16 -6.765944222841887346 1 I I #
coedge $-1 -1 $-1 $5424 $5424 $5433 $5472 forward $5357 $-1 #
vertex $-1 -1 $-1 $5361 $5473 #
ellipse-curve $-1 -1 $-1 -2.154578991727912823e-14 -70.00000000000001421 -134.6513814076919573 -2.810776376729614071e-16 -1 1.551834409292681599e-30 -1.587586058786737198 4.462349390062993832e-16 -2.545500050274212445 1 I I #
vertex $-1 -1 $-1 $5362 $5474 #
ellipse-curve $-1 -1 $-1 -2.042147936658728043e-14 -66 -134.6513814076919573 -2.810776376729614071e-16 -1 1.551834409292681599e-30 -1.587586058786737198 4.462349390062993832e-16 -2.545500050274212445 1 I I #
point $-1 -1 $-1 2.116781411715629613 -65 -131.2573813406596628 #
vertex $-1 -1 $-1 $5366 $5475 #
ellipse-curve $-1 -1 $-1 -1.732962535218470293e-14 -54.99999999999999289 -134.6513814076919573 -2.810776376729614071e-16 -1 1.551834409292681599e-30 -2.116781411715649597 5.949799186750658772e-16 -3.394000067032282519 1 I I #
loop $-1 -1 $-1 $-1 $5476 $5277 #
coedge $-1 -1 $-1 $5433 $5433 $5424 $5472 reversed $5368 $-1 #
coedge $-1 -1 $-1 $5434 $5434 $5476 $5477 forward $5369 $-1 #
point $-1 -1 $-1 3.704367470502365034 -70.00000000000001421 -128.7118812903854632 #
coedge $-1 -1 $-1 $5436 $5436 $5445 $5478 forward $5374 $-1 #
vertex $-1 -1 $-1 $5378 $5479 #
ellipse-curve $-1 -1 $-1 2.617180706950828575e-14 -249.9999999999999716 -134.6513814076919004 -2.832769448823924727e-16 -1 1.618242741091558582e-30 2.453189697150792714 -6.949320826258408206e-16 -1.726806390361475207 1 I I #
vertex $-1 -1 $-1 $5379 $5480 #
ellipse-curve $-1 -1 $-1 2.730491484903785919e-14 -245.9999999999999716 -134.6513814076919004 -2.832769448823924727e-16 -1 1.618242741091558582e-30 2.453189697150792714 -6.949320826258408206e-16 -1.726806390361475207 1 I I #
point $-1 -1 $-1 -3.270919596201028678 -244.9999999999999716 -132.3489728872099249 #
vertex $-1 -1 $-1 $5383 $5481 #
ellipse-curve $-1 -1 $-1 3.042096124274417747e-14 -234.9999999999999716 -134.6513814076919004 -2.832769448823924727e-16 -1 1.618242741091558582e-30 3.270919596201056212 -9.265761101677878265e-16 -2.302408520481966647 1 I I #
loop $-1 -1 $-1 $-1 $5482 $5301 #
coedge $-1 -1 $-1 $5445 $5445 $5436 $5478 reversed $5385 $-1 #
coedge $-1 -1 $-1 $5446 $5446 $5482 $5483 forward $5386 $-1 #
point $-1 -1 $-1 -5.724109293351822281 -249.9999999999999716 -130.6221664968484504 #
coedge $-1 -1 $-1 $5448 $5448 $5457 $5484 forward $5391 $-1 #
vertex $-1 -1 $-1 $5395 $5485 #
ellipse-curve $-1 -1 $-1 -79.01032826134826337 -70.00000000000002842 -261.3347781585704297 -8.104698438784292051e-17 -1 -2.438741570261104518e-17 -2.647639882740435713 2.489859380706881797e-16 -1.410674679478666871 1 I I #
vertex $-1 -1 $-1 $5396 $5486 #
ellipse-curve $-1 -1 $-1 -79.01032826134826337 -66.00000000000002842 -261.3347781585704297 -8.104698438784292051e-17 -1 -2.438741570261104518e-17 -2.647639882740435713 2.489859380706881797e-16 -1.410674679478666871 1 I I #
point $-1 -1 $-1 -75.48014175102768775 -65.00000000000001421 -259.4538785859322161 #
vertex $-1 -1 $-1 $5400 $5487 #
ellipse-curve $-1 -1 $-1 -79.01032826134826337 -55.00000000000000711 -261.3347781585704297 -8.104698438784292051e-17 -1 -2.438741570261104518e-17 -3.53018651032058095 3.319812507609175236e-16 -1.880899572638222494 1 I I #
loop $-1 -1 $-1 $-1 $5488 $5325 #
coedge $-1 -1 $-1 $5457 $5457 $5448 $5484 reversed $5402 $-1 #
coedge $-1 -1 $-1 $5458 $5458 $5488 $5489 forward $5403 $-1 #
point $-1 -1 $-1 -72.83250186828725248 -70.00000000000002842 -258.0432039064535275 #
coedge $-1 -1 $-1 $5460 $5460 $5469 $5490 forward $5408 $-1 #
vertex $-1 -1 $-1 $5412 $5491 #
ellipse-curve $-1 -1 $-1 122.0893331649489966 -249.9999999999998863 -220.5903697171011402 -2.83276944882391881e-16 -1 1.649216336426407009e-30 0.7692825833671992353 -2.179200199674988769e-16 -2.899690381217951529 1 I I #
vertex $-1 -1 $-1 $5413 $5492 #
ellipse-curve $-1 -1 $-1 122.0893331649489966 -245.9999999999998863 -220.5903697171011402 -2.83276944882391881e-16 -1 1.649216336426407009e-30 0.7692825833671992353 -2.179200199674988769e-16 -2.899690381217951529 1 I I #
point $-1 -1 $-1 121.0636230537927247 -244.9999999999998863 -216.7241158754771959 #
vertex $-1 -1 $-1 $5417 $5493 #
ellipse-curve $-1 -1 $-1 122.0893331649489966 -234.9999999999998863 -220.5903697171011402 -2.83276944882391881e-16 -1 1.649216336426407009e-30 1.025710111156265425 -2.90560026623331803e-16 -3.866253841623935372 1 I I #
loop $-1 -1 $-1 $-1 $5494 $5349 #
coedge $-1 -1 $-1 $5469 $5469 $5460 $5490 reversed $5419 $-1 #
coedge $-1 -1 $-1 $5470 $5470 $5494 $5495 forward $5420 $-1 #
point $-1 -1 $-1 120.2943404704255244 -249.9999999999998863 -213.824425494259259 #
edge $-1 -1 $-1 $5496 -3.141592653589793116 $5496 3.141592653589793116 $5433 $5497 forward @7 unknown #
point $-1 -1 $-1 1.587586058786715437 -70.00000000000001421 -132.1058813574177577 #
point $-1 -1 $-1 1.587586058786716547 -66 -132.1058813574177577 #
point $-1 -1 $-1 2.116781411715631833 -54.99999999999999289 -131.2573813406596628 #
coedge $-1 -1 $-1 $5476 $5476 $5434 $5477 reversed $5432 $-1 #
edge $-1 -1 $-1 $5498 -3.141592653589793116 $5498 3.141592653589793116 $5476 $5499 forward @7 unknown #
edge $-1 -1 $-1 $5500 -3.141592653589793116 $5500 3.141592653589793116 $5445 $5501 forward @7 unknown #
point $-1 -1 $-1 -2.453189697150766957 -249.9999999999999716 -132.9245750173304259 #
point $-1 -1 $-1 -2.453189697150765625 -245.9999999999999716 -132.9245750173304259 #
point $-1 -1 $-1 -3.270919596201026014 -234.9999999999999716 -132.3489728872099249 #
coedge $-1 -1 $-1 $5482 $5482 $5446 $5483 reversed $5444 $-1 #
edge $-1 -1 $-1 $5502 -3.141592653589793116 $5502 3.141592653589793116 $5482 $5503 forward @7 unknown #
edge $-1 -1 $-1 $5504 -3.141592653589793116 $5504 3.141592653589793116 $5457 $5505 forward @7 unknown #
point $-1 -1 $-1 -76.3626883786078281 -70.00000000000002842 -259.9241034790917411 #
point $-1 -1 $-1 -76.3626883786078281 -66.00000000000002842 -259.9241034790917411 #
point $-1 -1 $-1 -75.48014175102768775 -55.00000000000000711 -259.4538785859322161 #
coedge $-1 -1 $-1 $5488 $5488 $5458 $5489 reversed $5456 $-1 #
edge $-1 -1 $-1 $5506 -3.141592653589793116 $5506 3.141592653589793116 $5488 $5507 forward @7 unknown #
edge $-1 -1 $-1 $5508 -3.141592653589793116 $5508 3.141592653589793116 $5469 $5509 forward @7 unknown #
point $-1 -1 $-1 121.3200505815817962 -249.9999999999998863 -217.6906793358831749 #
point $-1 -1 $-1 121.3200505815817962 -245.9999999999998863 -217.6906793358831749 #
point $-1 -1 $-1 121.0636230537927389 -234.9999999999998863 -216.7241158754771959 #
coedge $-1 -1 $-1 $5494 $5494 $5470 $5495 reversed $5468 $-1 #
edge $-1 -1 $-1 $5510 -3.141592653589793116 $5510 3.141592653589793116 $5494 $5511 forward @7 unknown #
vertex $-1 -1 $-1 $5472 $5512 #
ellipse-curve $-1 -1 $-1 -1.479992661312804775e-14 -45.99999999999998579 -134.6513814076919573 -2.810776376729614071e-16 -1 1.551834409292681599e-30 1.587586058786737198 -4.462349390062993832e-16 2.545500050274212445 1 I I #
vertex $-1 -1 $-1 $5477 $5513 #
ellipse-curve $-1 -1 $-1 -1.704854771451174019e-14 -53.99999999999999289 -134.6513814076919573 2.810776376729614071e-16 1 -1.551834409292681599e-30 -1.587586058786737198 4.462349390062993832e-16 -2.545500050274212445 1 I I #
vertex $-1 -1 $-1 $5478 $5514 #
ellipse-curve $-1 -1 $-1 3.297045374668571062e-14 -225.9999999999999432 -134.6513814076919004 -2.832769448823924727e-16 -1 1.618242741091558582e-30 -2.453189697150792714 6.949320826258408206e-16 1.726806390361475207 1 I I #
vertex $-1 -1 $-1 $5483 $5515 #
ellipse-curve $-1 -1 $-1 3.070423818762657005e-14 -233.9999999999999716 -134.6513814076919004 2.832769448823924727e-16 1 -1.618242741091558582e-30 2.453189697150792714 -6.949320826258408206e-16 -1.726806390361475207 1 I I #
vertex $-1 -1 $-1 $5484 $5516 #
ellipse-curve $-1 -1 $-1 -79.01032826134826337 -46 -261.3347781585704297 -8.104698438784292051e-17 -1 -2.438741570261104518e-17 2.647639882740435713 -2.489859380706881797e-16 1.410674679478666871 1 I I #
vertex $-1 -1 $-1 $5489 $5517 #
ellipse-curve $-1 -1 $-1 -79.01032826134826337 -54.00000000000000711 -261.3347781585704297 8.104698438784292051e-17 1 2.438741570261104518e-17 -2.647639882740435713 2.489859380706881797e-16 -1.410674679478666871 1 I I #
vertex $-1 -1 $-1 $5490 $5518 #
ellipse-curve $-1 -1 $-1 122.0893331649489966 -225.9999999999998863 -220.5903697171011402 -2.83276944882391881e-16 -1 1.649216336426407009e-30 -0.7692825833671992353 2.179200199674988769e-16 2.899690381217951529 1 I I #
vertex $-1 -1 $-1 $5495 $5519 #
ellipse-curve $-1 -1 $-1 122.0893331649489966 -233.9999999999998863 -220.5903697171011402 2.83276944882391881e-16 1 -1.649216336426407009e-30 0.7692825833671992353 -2.179200199674988769e-16 -2.899690381217951529 1 I I #
point $-1 -1 $-1 -1.58758605878675163 -45.99999999999998579 -137.1968814579661569 #
point $-1 -1 $-1 1.587586058786720544 -53.99999999999999289 -132.1058813574177577 #
point $-1 -1 $-1 2.453189697150825577 -225.9999999999999432 -136.378187798053375 #
point $-1 -1 $-1 -2.453189697150761628 -233.9999999999999716 -132.9245750173304259 #
point $-1 -1 $-1 -81.65796814408869864 -46 -262.7454528380491183 #
point $-1 -1 $-1 -76.3626883786078281 -54.00000000000000711 -259.9241034790917411 #
point $-1 -1 $-1 122.8586157483161969 -225.9999999999998863 -223.4900600983191055 #
point $-1 -1 $-1 121.3200505815817962 -233.9999999999998863 -217.6906793358831749 #
End-of-ACIS-data 